Timing Analyzer report for ip_pll
Tue Sep 29 03:42:40 2026
Quartus Prime Version 25.1std.0 Build 1129 10/21/2025 SC Lite Edition


---------------------
; Table of Contents ;
---------------------
  1. Legal Notice
  2. Timing Analyzer Summary
  3. Parallel Compilation
  4. Clocks
  5. Slow 1200mV 85C Model Fmax Summary
  6. Timing Closure Recommendations
  7. Slow 1200mV 85C Model Setup Summary
  8. Slow 1200mV 85C Model Hold Summary
  9. Slow 1200mV 85C Model Recovery Summary
 10. Slow 1200mV 85C Model Removal Summary
 11. Slow 1200mV 85C Model Minimum Pulse Width Summary
 12. Slow 1200mV 85C Model Setup: 'u_pll|altpll_component|auto_generated|pll1|clk[0]'
 13. Slow 1200mV 85C Model Setup: 'u_pll|altpll_component|auto_generated|pll1|clk[1]'
 14. Slow 1200mV 85C Model Setup: 'u_pll|altpll_component|auto_generated|pll1|clk[2]'
 15. Slow 1200mV 85C Model Setup: 'u_pll|altpll_component|auto_generated|pll1|clk[3]'
 16. Slow 1200mV 85C Model Hold: 'u_pll|altpll_component|auto_generated|pll1|clk[1]'
 17. Slow 1200mV 85C Model Hold: 'u_pll|altpll_component|auto_generated|pll1|clk[0]'
 18. Slow 1200mV 85C Model Hold: 'u_pll|altpll_component|auto_generated|pll1|clk[2]'
 19. Slow 1200mV 85C Model Hold: 'u_pll|altpll_component|auto_generated|pll1|clk[3]'
 20. Slow 1200mV 85C Model Metastability Summary
 21. Slow 1200mV 0C Model Fmax Summary
 22. Slow 1200mV 0C Model Setup Summary
 23. Slow 1200mV 0C Model Hold Summary
 24. Slow 1200mV 0C Model Recovery Summary
 25. Slow 1200mV 0C Model Removal Summary
 26. Slow 1200mV 0C Model Minimum Pulse Width Summary
 27. Slow 1200mV 0C Model Setup: 'u_pll|altpll_component|auto_generated|pll1|clk[0]'
 28. Slow 1200mV 0C Model Setup: 'u_pll|altpll_component|auto_generated|pll1|clk[1]'
 29. Slow 1200mV 0C Model Setup: 'u_pll|altpll_component|auto_generated|pll1|clk[2]'
 30. Slow 1200mV 0C Model Setup: 'u_pll|altpll_component|auto_generated|pll1|clk[3]'
 31. Slow 1200mV 0C Model Hold: 'u_pll|altpll_component|auto_generated|pll1|clk[1]'
 32. Slow 1200mV 0C Model Hold: 'u_pll|altpll_component|auto_generated|pll1|clk[0]'
 33. Slow 1200mV 0C Model Hold: 'u_pll|altpll_component|auto_generated|pll1|clk[2]'
 34. Slow 1200mV 0C Model Hold: 'u_pll|altpll_component|auto_generated|pll1|clk[3]'
 35. Slow 1200mV 0C Model Metastability Summary
 36. Fast 1200mV 0C Model Setup Summary
 37. Fast 1200mV 0C Model Hold Summary
 38. Fast 1200mV 0C Model Recovery Summary
 39. Fast 1200mV 0C Model Removal Summary
 40. Fast 1200mV 0C Model Minimum Pulse Width Summary
 41. Fast 1200mV 0C Model Setup: 'u_pll|altpll_component|auto_generated|pll1|clk[0]'
 42. Fast 1200mV 0C Model Setup: 'u_pll|altpll_component|auto_generated|pll1|clk[1]'
 43. Fast 1200mV 0C Model Setup: 'u_pll|altpll_component|auto_generated|pll1|clk[2]'
 44. Fast 1200mV 0C Model Setup: 'u_pll|altpll_component|auto_generated|pll1|clk[3]'
 45. Fast 1200mV 0C Model Hold: 'u_pll|altpll_component|auto_generated|pll1|clk[0]'
 46. Fast 1200mV 0C Model Hold: 'u_pll|altpll_component|auto_generated|pll1|clk[1]'
 47. Fast 1200mV 0C Model Hold: 'u_pll|altpll_component|auto_generated|pll1|clk[2]'
 48. Fast 1200mV 0C Model Hold: 'u_pll|altpll_component|auto_generated|pll1|clk[3]'
 49. Fast 1200mV 0C Model Metastability Summary
 50. Multicorner Timing Analysis Summary
 51. Board Trace Model Assignments
 52. Input Transition Times
 53. Signal Integrity Metrics (Slow 1200mv 0c Model)
 54. Signal Integrity Metrics (Slow 1200mv 85c Model)
 55. Signal Integrity Metrics (Fast 1200mv 0c Model)
 56. Setup Transfers
 57. Hold Transfers
 58. Report TCCS
 59. Report RSKM
 60. Unconstrained Paths Summary
 61. Clock Status Summary
 62. Unconstrained Output Ports
 63. Unconstrained Output Ports
 64. Timing Analyzer Messages



----------------
; Legal Notice ;
----------------
Copyright (C) 2025  Altera Corporation. All rights reserved.
Your use of Altera Corporation's design tools, logic functions 
and other software and tools, and any partner logic 
functions, and any output files from any of the foregoing 
(including device programming or simulation files), and any 
associated documentation or information are expressly subject 
to the terms and conditions of the Altera Program License 
Subscription Agreement, the Altera Quartus Prime License Agreement,
the Altera IP License Agreement, or other applicable license
agreement, including, without limitation, that your use is for
the sole purpose of programming logic devices manufactured by
Altera and sold by Altera or its authorized distributors.  Please
refer to the Altera Software License Subscription Agreements 
on the Quartus Prime software download page.



+---------------------------------------------------------------------------------+
; Timing Analyzer Summary                                                         ;
+-----------------------+---------------------------------------------------------+
; Quartus Prime Version ; Version 25.1std.0 Build 1129 10/21/2025 SC Lite Edition ;
; Timing Analyzer       ; Legacy Timing Analyzer                                  ;
; Revision Name         ; ip_pll                                                  ;
; Device Family         ; Cyclone IV E                                            ;
; Device Name           ; EP4CE6E22C8                                             ;
; Timing Models         ; Final                                                   ;
; Delay Model           ; Combined                                                ;
; Rise/Fall Delays      ; Enabled                                                 ;
+-----------------------+---------------------------------------------------------+


+------------------------------------------+
; Parallel Compilation                     ;
+----------------------------+-------------+
; Processors                 ; Number      ;
+----------------------------+-------------+
; Number detected on machine ; 12          ;
; Maximum allowed            ; 6           ;
;                            ;             ;
; Average used               ; 1.02        ;
; Maximum used               ; 6           ;
;                            ;             ;
; Usage by Processor         ; % Time Used ;
;     Processor 1            ; 100.0%      ;
;     Processor 2            ;   0.4%      ;
;     Processors 3-6         ;   0.3%      ;
+----------------------------+-------------+


+----------------------------------------------------------------------------------------------------------------------------------------------------------------------------------------------------------------------------------------------------------------------------------------------------------------------------+
; Clocks                                                                                                                                                                                                                                                                                                                     ;
+---------------------------------------------------+-----------+---------+-----------+-------+---------+------------+-----------+-------------+-------+--------+-----------+------------+----------+----------+-----------------------------------------------------+-------------------------------------------------------+
; Clock Name                                        ; Type      ; Period  ; Frequency ; Rise  ; Fall    ; Duty Cycle ; Divide by ; Multiply by ; Phase ; Offset ; Edge List ; Edge Shift ; Inverted ; Master   ; Source                                              ; Targets                                               ;
+---------------------------------------------------+-----------+---------+-----------+-------+---------+------------+-----------+-------------+-------+--------+-----------+------------+----------+----------+-----------------------------------------------------+-------------------------------------------------------+
; clk_100m                                          ; Base      ; 10.000  ; 100.0 MHz ; 0.000 ; 5.000   ;            ;           ;             ;       ;        ;           ;            ;          ;          ;                                                     ; { clk_100m }                                          ;
; u_pll|altpll_component|auto_generated|pll1|clk[0] ; Generated ; 10.000  ; 100.0 MHz ; 0.000 ; 5.000   ; 50.00      ; 1         ; 1           ;       ;        ;           ;            ; false    ; clk_100m ; u_pll|altpll_component|auto_generated|pll1|inclk[0] ; { u_pll|altpll_component|auto_generated|pll1|clk[0] } ;
; u_pll|altpll_component|auto_generated|pll1|clk[1] ; Generated ; 40.000  ; 25.0 MHz  ; 0.000 ; 20.000  ; 50.00      ; 4         ; 1           ;       ;        ;           ;            ; false    ; clk_100m ; u_pll|altpll_component|auto_generated|pll1|inclk[0] ; { u_pll|altpll_component|auto_generated|pll1|clk[1] } ;
; u_pll|altpll_component|auto_generated|pll1|clk[2] ; Generated ; 100.000 ; 10.0 MHz  ; 0.000 ; 50.000  ; 50.00      ; 10        ; 1           ;       ;        ;           ;            ; false    ; clk_100m ; u_pll|altpll_component|auto_generated|pll1|inclk[0] ; { u_pll|altpll_component|auto_generated|pll1|clk[2] } ;
; u_pll|altpll_component|auto_generated|pll1|clk[3] ; Generated ; 200.000 ; 5.0 MHz   ; 0.000 ; 100.000 ; 50.00      ; 20        ; 1           ;       ;        ;           ;            ; false    ; clk_100m ; u_pll|altpll_component|auto_generated|pll1|inclk[0] ; { u_pll|altpll_component|auto_generated|pll1|clk[3] } ;
+---------------------------------------------------+-----------+---------+-----------+-------+---------+------------+-----------+-------------+-------+--------+-----------+------------+----------+----------+-----------------------------------------------------+-------------------------------------------------------+


+-----------------------------------------------------------------------------------------+
; Slow 1200mV 85C Model Fmax Summary                                                      ;
+------------+-----------------+---------------------------------------------------+------+
; Fmax       ; Restricted Fmax ; Clock Name                                        ; Note ;
+------------+-----------------+---------------------------------------------------+------+
; 273.67 MHz ; 273.67 MHz      ; u_pll|altpll_component|auto_generated|pll1|clk[0] ;      ;
; 275.79 MHz ; 275.79 MHz      ; u_pll|altpll_component|auto_generated|pll1|clk[1] ;      ;
; 284.5 MHz  ; 284.5 MHz       ; u_pll|altpll_component|auto_generated|pll1|clk[2] ;      ;
; 287.6 MHz  ; 287.6 MHz       ; u_pll|altpll_component|auto_generated|pll1|clk[3] ;      ;
+------------+-----------------+---------------------------------------------------+------+
This panel reports FMAX for every clock in the design, regardless of the user-specified clock periods.  FMAX is only computed for paths where the source and destination registers or ports are driven by the same clock.  Paths of different clocks, including generated clocks, are ignored.  For paths between a clock and its inversion, FMAX is computed as if the rising and falling edges are scaled along with FMAX, such that the duty cycle (in terms of a percentage) is maintained. Altera recommends that you always use clock constraints and other slack reports for sign-off analysis.


----------------------------------
; Timing Closure Recommendations ;
----------------------------------
HTML report is unavailable in plain text report export.


+-----------------------------------------------------------------------------+
; Slow 1200mV 85C Model Setup Summary                                         ;
+---------------------------------------------------+---------+---------------+
; Clock                                             ; Slack   ; End Point TNS ;
+---------------------------------------------------+---------+---------------+
; u_pll|altpll_component|auto_generated|pll1|clk[0] ; 6.346   ; 0.000         ;
; u_pll|altpll_component|auto_generated|pll1|clk[1] ; 36.374  ; 0.000         ;
; u_pll|altpll_component|auto_generated|pll1|clk[2] ; 96.485  ; 0.000         ;
; u_pll|altpll_component|auto_generated|pll1|clk[3] ; 196.523 ; 0.000         ;
+---------------------------------------------------+---------+---------------+


+---------------------------------------------------------------------------+
; Slow 1200mV 85C Model Hold Summary                                        ;
+---------------------------------------------------+-------+---------------+
; Clock                                             ; Slack ; End Point TNS ;
+---------------------------------------------------+-------+---------------+
; u_pll|altpll_component|auto_generated|pll1|clk[1] ; 0.509 ; 0.000         ;
; u_pll|altpll_component|auto_generated|pll1|clk[0] ; 0.510 ; 0.000         ;
; u_pll|altpll_component|auto_generated|pll1|clk[2] ; 0.735 ; 0.000         ;
; u_pll|altpll_component|auto_generated|pll1|clk[3] ; 0.737 ; 0.000         ;
+---------------------------------------------------+-------+---------------+


------------------------------------------
; Slow 1200mV 85C Model Recovery Summary ;
------------------------------------------
No paths to report.


-----------------------------------------
; Slow 1200mV 85C Model Removal Summary ;
-----------------------------------------
No paths to report.


+----------------------------------------------------------------------------+
; Slow 1200mV 85C Model Minimum Pulse Width Summary                          ;
+---------------------------------------------------+--------+---------------+
; Clock                                             ; Slack  ; End Point TNS ;
+---------------------------------------------------+--------+---------------+
; u_pll|altpll_component|auto_generated|pll1|clk[0] ; 4.721  ; 0.000         ;
; clk_100m                                          ; 4.934  ; 0.000         ;
; u_pll|altpll_component|auto_generated|pll1|clk[1] ; 19.721 ; 0.000         ;
; u_pll|altpll_component|auto_generated|pll1|clk[2] ; 49.721 ; 0.000         ;
; u_pll|altpll_component|auto_generated|pll1|clk[3] ; 99.721 ; 0.000         ;
+---------------------------------------------------+--------+---------------+


+--------------------------------------------------------------------------------------------------------------------------------------------------------------------------------------+
; Slow 1200mV 85C Model Setup: 'u_pll|altpll_component|auto_generated|pll1|clk[0]'                                                                                                     ;
+-------+--------------+--------------+---------------------------------------------------+---------------------------------------------------+--------------+------------+------------+
; Slack ; From Node    ; To Node      ; Launch Clock                                      ; Latch Clock                                       ; Relationship ; Clock Skew ; Data Delay ;
+-------+--------------+--------------+---------------------------------------------------+---------------------------------------------------+--------------+------------+------------+
; 6.346 ; counter0[0]  ; counter0[25] ; u_pll|altpll_component|auto_generated|pll1|clk[0] ; u_pll|altpll_component|auto_generated|pll1|clk[0] ; 10.000       ; -0.080     ; 3.575      ;
; 6.375 ; counter0[1]  ; counter0[24] ; u_pll|altpll_component|auto_generated|pll1|clk[0] ; u_pll|altpll_component|auto_generated|pll1|clk[0] ; 10.000       ; -0.080     ; 3.546      ;
; 6.405 ; counter0[1]  ; counter0[25] ; u_pll|altpll_component|auto_generated|pll1|clk[0] ; u_pll|altpll_component|auto_generated|pll1|clk[0] ; 10.000       ; -0.080     ; 3.516      ;
; 6.465 ; counter0[0]  ; counter0[24] ; u_pll|altpll_component|auto_generated|pll1|clk[0] ; u_pll|altpll_component|auto_generated|pll1|clk[0] ; 10.000       ; -0.080     ; 3.456      ;
; 6.492 ; counter0[0]  ; counter0[23] ; u_pll|altpll_component|auto_generated|pll1|clk[0] ; u_pll|altpll_component|auto_generated|pll1|clk[0] ; 10.000       ; -0.080     ; 3.429      ;
; 6.492 ; counter0[2]  ; counter0[25] ; u_pll|altpll_component|auto_generated|pll1|clk[0] ; u_pll|altpll_component|auto_generated|pll1|clk[0] ; 10.000       ; -0.080     ; 3.429      ;
; 6.521 ; counter0[1]  ; counter0[22] ; u_pll|altpll_component|auto_generated|pll1|clk[0] ; u_pll|altpll_component|auto_generated|pll1|clk[0] ; 10.000       ; -0.080     ; 3.400      ;
; 6.524 ; counter0[3]  ; counter0[24] ; u_pll|altpll_component|auto_generated|pll1|clk[0] ; u_pll|altpll_component|auto_generated|pll1|clk[0] ; 10.000       ; -0.080     ; 3.397      ;
; 6.551 ; counter0[1]  ; counter0[23] ; u_pll|altpll_component|auto_generated|pll1|clk[0] ; u_pll|altpll_component|auto_generated|pll1|clk[0] ; 10.000       ; -0.080     ; 3.370      ;
; 6.554 ; counter0[3]  ; counter0[25] ; u_pll|altpll_component|auto_generated|pll1|clk[0] ; u_pll|altpll_component|auto_generated|pll1|clk[0] ; 10.000       ; -0.080     ; 3.367      ;
; 6.611 ; counter0[2]  ; counter0[24] ; u_pll|altpll_component|auto_generated|pll1|clk[0] ; u_pll|altpll_component|auto_generated|pll1|clk[0] ; 10.000       ; -0.080     ; 3.310      ;
; 6.611 ; counter0[0]  ; counter0[22] ; u_pll|altpll_component|auto_generated|pll1|clk[0] ; u_pll|altpll_component|auto_generated|pll1|clk[0] ; 10.000       ; -0.080     ; 3.310      ;
; 6.634 ; counter0[4]  ; counter0[25] ; u_pll|altpll_component|auto_generated|pll1|clk[0] ; u_pll|altpll_component|auto_generated|pll1|clk[0] ; 10.000       ; -0.080     ; 3.287      ;
; 6.638 ; counter0[0]  ; counter0[21] ; u_pll|altpll_component|auto_generated|pll1|clk[0] ; u_pll|altpll_component|auto_generated|pll1|clk[0] ; 10.000       ; -0.080     ; 3.283      ;
; 6.638 ; counter0[2]  ; counter0[23] ; u_pll|altpll_component|auto_generated|pll1|clk[0] ; u_pll|altpll_component|auto_generated|pll1|clk[0] ; 10.000       ; -0.080     ; 3.283      ;
; 6.666 ; counter0[5]  ; counter0[24] ; u_pll|altpll_component|auto_generated|pll1|clk[0] ; u_pll|altpll_component|auto_generated|pll1|clk[0] ; 10.000       ; -0.080     ; 3.255      ;
; 6.667 ; counter0[1]  ; counter0[20] ; u_pll|altpll_component|auto_generated|pll1|clk[0] ; u_pll|altpll_component|auto_generated|pll1|clk[0] ; 10.000       ; -0.080     ; 3.254      ;
; 6.670 ; counter0[3]  ; counter0[22] ; u_pll|altpll_component|auto_generated|pll1|clk[0] ; u_pll|altpll_component|auto_generated|pll1|clk[0] ; 10.000       ; -0.080     ; 3.251      ;
; 6.696 ; counter0[5]  ; counter0[25] ; u_pll|altpll_component|auto_generated|pll1|clk[0] ; u_pll|altpll_component|auto_generated|pll1|clk[0] ; 10.000       ; -0.080     ; 3.225      ;
; 6.697 ; counter0[1]  ; counter0[21] ; u_pll|altpll_component|auto_generated|pll1|clk[0] ; u_pll|altpll_component|auto_generated|pll1|clk[0] ; 10.000       ; -0.080     ; 3.224      ;
; 6.700 ; counter0[3]  ; counter0[23] ; u_pll|altpll_component|auto_generated|pll1|clk[0] ; u_pll|altpll_component|auto_generated|pll1|clk[0] ; 10.000       ; -0.080     ; 3.221      ;
; 6.757 ; counter0[2]  ; counter0[22] ; u_pll|altpll_component|auto_generated|pll1|clk[0] ; u_pll|altpll_component|auto_generated|pll1|clk[0] ; 10.000       ; -0.080     ; 3.164      ;
; 6.757 ; counter0[0]  ; counter0[20] ; u_pll|altpll_component|auto_generated|pll1|clk[0] ; u_pll|altpll_component|auto_generated|pll1|clk[0] ; 10.000       ; -0.080     ; 3.164      ;
; 6.764 ; counter0[4]  ; counter0[24] ; u_pll|altpll_component|auto_generated|pll1|clk[0] ; u_pll|altpll_component|auto_generated|pll1|clk[0] ; 10.000       ; -0.080     ; 3.157      ;
; 6.780 ; counter0[6]  ; counter0[25] ; u_pll|altpll_component|auto_generated|pll1|clk[0] ; u_pll|altpll_component|auto_generated|pll1|clk[0] ; 10.000       ; -0.080     ; 3.141      ;
; 6.780 ; counter0[4]  ; counter0[23] ; u_pll|altpll_component|auto_generated|pll1|clk[0] ; u_pll|altpll_component|auto_generated|pll1|clk[0] ; 10.000       ; -0.080     ; 3.141      ;
; 6.784 ; counter0[0]  ; counter0[19] ; u_pll|altpll_component|auto_generated|pll1|clk[0] ; u_pll|altpll_component|auto_generated|pll1|clk[0] ; 10.000       ; -0.080     ; 3.137      ;
; 6.784 ; counter0[2]  ; counter0[21] ; u_pll|altpll_component|auto_generated|pll1|clk[0] ; u_pll|altpll_component|auto_generated|pll1|clk[0] ; 10.000       ; -0.080     ; 3.137      ;
; 6.812 ; counter0[7]  ; counter0[24] ; u_pll|altpll_component|auto_generated|pll1|clk[0] ; u_pll|altpll_component|auto_generated|pll1|clk[0] ; 10.000       ; -0.080     ; 3.109      ;
; 6.812 ; counter0[5]  ; counter0[22] ; u_pll|altpll_component|auto_generated|pll1|clk[0] ; u_pll|altpll_component|auto_generated|pll1|clk[0] ; 10.000       ; -0.080     ; 3.109      ;
; 6.813 ; counter0[1]  ; counter0[18] ; u_pll|altpll_component|auto_generated|pll1|clk[0] ; u_pll|altpll_component|auto_generated|pll1|clk[0] ; 10.000       ; -0.080     ; 3.108      ;
; 6.816 ; counter0[3]  ; counter0[20] ; u_pll|altpll_component|auto_generated|pll1|clk[0] ; u_pll|altpll_component|auto_generated|pll1|clk[0] ; 10.000       ; -0.080     ; 3.105      ;
; 6.842 ; counter0[7]  ; counter0[25] ; u_pll|altpll_component|auto_generated|pll1|clk[0] ; u_pll|altpll_component|auto_generated|pll1|clk[0] ; 10.000       ; -0.080     ; 3.079      ;
; 6.842 ; counter0[5]  ; counter0[23] ; u_pll|altpll_component|auto_generated|pll1|clk[0] ; u_pll|altpll_component|auto_generated|pll1|clk[0] ; 10.000       ; -0.080     ; 3.079      ;
; 6.843 ; counter0[1]  ; counter0[19] ; u_pll|altpll_component|auto_generated|pll1|clk[0] ; u_pll|altpll_component|auto_generated|pll1|clk[0] ; 10.000       ; -0.080     ; 3.078      ;
; 6.846 ; counter0[3]  ; counter0[21] ; u_pll|altpll_component|auto_generated|pll1|clk[0] ; u_pll|altpll_component|auto_generated|pll1|clk[0] ; 10.000       ; -0.080     ; 3.075      ;
; 6.903 ; counter0[2]  ; counter0[20] ; u_pll|altpll_component|auto_generated|pll1|clk[0] ; u_pll|altpll_component|auto_generated|pll1|clk[0] ; 10.000       ; -0.080     ; 3.018      ;
; 6.903 ; counter0[0]  ; counter0[18] ; u_pll|altpll_component|auto_generated|pll1|clk[0] ; u_pll|altpll_component|auto_generated|pll1|clk[0] ; 10.000       ; -0.080     ; 3.018      ;
; 6.910 ; counter0[6]  ; counter0[24] ; u_pll|altpll_component|auto_generated|pll1|clk[0] ; u_pll|altpll_component|auto_generated|pll1|clk[0] ; 10.000       ; -0.080     ; 3.011      ;
; 6.910 ; counter0[4]  ; counter0[22] ; u_pll|altpll_component|auto_generated|pll1|clk[0] ; u_pll|altpll_component|auto_generated|pll1|clk[0] ; 10.000       ; -0.080     ; 3.011      ;
; 6.926 ; counter0[6]  ; counter0[23] ; u_pll|altpll_component|auto_generated|pll1|clk[0] ; u_pll|altpll_component|auto_generated|pll1|clk[0] ; 10.000       ; -0.080     ; 2.995      ;
; 6.926 ; counter0[4]  ; counter0[21] ; u_pll|altpll_component|auto_generated|pll1|clk[0] ; u_pll|altpll_component|auto_generated|pll1|clk[0] ; 10.000       ; -0.080     ; 2.995      ;
; 6.929 ; counter0[8]  ; counter0[25] ; u_pll|altpll_component|auto_generated|pll1|clk[0] ; u_pll|altpll_component|auto_generated|pll1|clk[0] ; 10.000       ; -0.080     ; 2.992      ;
; 6.930 ; counter0[0]  ; counter0[17] ; u_pll|altpll_component|auto_generated|pll1|clk[0] ; u_pll|altpll_component|auto_generated|pll1|clk[0] ; 10.000       ; -0.080     ; 2.991      ;
; 6.930 ; counter0[2]  ; counter0[19] ; u_pll|altpll_component|auto_generated|pll1|clk[0] ; u_pll|altpll_component|auto_generated|pll1|clk[0] ; 10.000       ; -0.080     ; 2.991      ;
; 6.958 ; counter0[9]  ; counter0[24] ; u_pll|altpll_component|auto_generated|pll1|clk[0] ; u_pll|altpll_component|auto_generated|pll1|clk[0] ; 10.000       ; -0.080     ; 2.963      ;
; 6.958 ; counter0[7]  ; counter0[22] ; u_pll|altpll_component|auto_generated|pll1|clk[0] ; u_pll|altpll_component|auto_generated|pll1|clk[0] ; 10.000       ; -0.080     ; 2.963      ;
; 6.958 ; counter0[5]  ; counter0[20] ; u_pll|altpll_component|auto_generated|pll1|clk[0] ; u_pll|altpll_component|auto_generated|pll1|clk[0] ; 10.000       ; -0.080     ; 2.963      ;
; 6.959 ; counter0[1]  ; counter0[16] ; u_pll|altpll_component|auto_generated|pll1|clk[0] ; u_pll|altpll_component|auto_generated|pll1|clk[0] ; 10.000       ; -0.080     ; 2.962      ;
; 6.962 ; counter0[3]  ; counter0[18] ; u_pll|altpll_component|auto_generated|pll1|clk[0] ; u_pll|altpll_component|auto_generated|pll1|clk[0] ; 10.000       ; -0.080     ; 2.959      ;
; 6.988 ; counter0[9]  ; counter0[25] ; u_pll|altpll_component|auto_generated|pll1|clk[0] ; u_pll|altpll_component|auto_generated|pll1|clk[0] ; 10.000       ; -0.080     ; 2.933      ;
; 6.988 ; counter0[7]  ; counter0[23] ; u_pll|altpll_component|auto_generated|pll1|clk[0] ; u_pll|altpll_component|auto_generated|pll1|clk[0] ; 10.000       ; -0.080     ; 2.933      ;
; 6.988 ; counter0[5]  ; counter0[21] ; u_pll|altpll_component|auto_generated|pll1|clk[0] ; u_pll|altpll_component|auto_generated|pll1|clk[0] ; 10.000       ; -0.080     ; 2.933      ;
; 6.989 ; counter0[1]  ; counter0[17] ; u_pll|altpll_component|auto_generated|pll1|clk[0] ; u_pll|altpll_component|auto_generated|pll1|clk[0] ; 10.000       ; -0.080     ; 2.932      ;
; 6.992 ; counter0[3]  ; counter0[19] ; u_pll|altpll_component|auto_generated|pll1|clk[0] ; u_pll|altpll_component|auto_generated|pll1|clk[0] ; 10.000       ; -0.080     ; 2.929      ;
; 7.048 ; counter0[8]  ; counter0[24] ; u_pll|altpll_component|auto_generated|pll1|clk[0] ; u_pll|altpll_component|auto_generated|pll1|clk[0] ; 10.000       ; -0.080     ; 2.873      ;
; 7.049 ; counter0[2]  ; counter0[18] ; u_pll|altpll_component|auto_generated|pll1|clk[0] ; u_pll|altpll_component|auto_generated|pll1|clk[0] ; 10.000       ; -0.080     ; 2.872      ;
; 7.049 ; counter0[0]  ; counter0[16] ; u_pll|altpll_component|auto_generated|pll1|clk[0] ; u_pll|altpll_component|auto_generated|pll1|clk[0] ; 10.000       ; -0.080     ; 2.872      ;
; 7.056 ; counter0[6]  ; counter0[22] ; u_pll|altpll_component|auto_generated|pll1|clk[0] ; u_pll|altpll_component|auto_generated|pll1|clk[0] ; 10.000       ; -0.080     ; 2.865      ;
; 7.056 ; counter0[4]  ; counter0[20] ; u_pll|altpll_component|auto_generated|pll1|clk[0] ; u_pll|altpll_component|auto_generated|pll1|clk[0] ; 10.000       ; -0.080     ; 2.865      ;
; 7.072 ; counter0[6]  ; counter0[21] ; u_pll|altpll_component|auto_generated|pll1|clk[0] ; u_pll|altpll_component|auto_generated|pll1|clk[0] ; 10.000       ; -0.080     ; 2.849      ;
; 7.072 ; counter0[4]  ; counter0[19] ; u_pll|altpll_component|auto_generated|pll1|clk[0] ; u_pll|altpll_component|auto_generated|pll1|clk[0] ; 10.000       ; -0.080     ; 2.849      ;
; 7.075 ; counter0[8]  ; counter0[23] ; u_pll|altpll_component|auto_generated|pll1|clk[0] ; u_pll|altpll_component|auto_generated|pll1|clk[0] ; 10.000       ; -0.080     ; 2.846      ;
; 7.076 ; counter0[0]  ; counter0[15] ; u_pll|altpll_component|auto_generated|pll1|clk[0] ; u_pll|altpll_component|auto_generated|pll1|clk[0] ; 10.000       ; -0.080     ; 2.845      ;
; 7.076 ; counter0[10] ; counter0[25] ; u_pll|altpll_component|auto_generated|pll1|clk[0] ; u_pll|altpll_component|auto_generated|pll1|clk[0] ; 10.000       ; -0.080     ; 2.845      ;
; 7.076 ; counter0[2]  ; counter0[17] ; u_pll|altpll_component|auto_generated|pll1|clk[0] ; u_pll|altpll_component|auto_generated|pll1|clk[0] ; 10.000       ; -0.080     ; 2.845      ;
; 7.104 ; counter0[9]  ; counter0[22] ; u_pll|altpll_component|auto_generated|pll1|clk[0] ; u_pll|altpll_component|auto_generated|pll1|clk[0] ; 10.000       ; -0.080     ; 2.817      ;
; 7.104 ; counter0[7]  ; counter0[20] ; u_pll|altpll_component|auto_generated|pll1|clk[0] ; u_pll|altpll_component|auto_generated|pll1|clk[0] ; 10.000       ; -0.080     ; 2.817      ;
; 7.104 ; counter0[5]  ; counter0[18] ; u_pll|altpll_component|auto_generated|pll1|clk[0] ; u_pll|altpll_component|auto_generated|pll1|clk[0] ; 10.000       ; -0.080     ; 2.817      ;
; 7.105 ; counter0[1]  ; counter0[14] ; u_pll|altpll_component|auto_generated|pll1|clk[0] ; u_pll|altpll_component|auto_generated|pll1|clk[0] ; 10.000       ; -0.080     ; 2.816      ;
; 7.105 ; counter0[11] ; counter0[24] ; u_pll|altpll_component|auto_generated|pll1|clk[0] ; u_pll|altpll_component|auto_generated|pll1|clk[0] ; 10.000       ; -0.080     ; 2.816      ;
; 7.108 ; counter0[3]  ; counter0[16] ; u_pll|altpll_component|auto_generated|pll1|clk[0] ; u_pll|altpll_component|auto_generated|pll1|clk[0] ; 10.000       ; -0.080     ; 2.813      ;
; 7.134 ; counter0[9]  ; counter0[23] ; u_pll|altpll_component|auto_generated|pll1|clk[0] ; u_pll|altpll_component|auto_generated|pll1|clk[0] ; 10.000       ; -0.080     ; 2.787      ;
; 7.134 ; counter0[7]  ; counter0[21] ; u_pll|altpll_component|auto_generated|pll1|clk[0] ; u_pll|altpll_component|auto_generated|pll1|clk[0] ; 10.000       ; -0.080     ; 2.787      ;
; 7.134 ; counter0[5]  ; counter0[19] ; u_pll|altpll_component|auto_generated|pll1|clk[0] ; u_pll|altpll_component|auto_generated|pll1|clk[0] ; 10.000       ; -0.080     ; 2.787      ;
; 7.135 ; counter0[11] ; counter0[25] ; u_pll|altpll_component|auto_generated|pll1|clk[0] ; u_pll|altpll_component|auto_generated|pll1|clk[0] ; 10.000       ; -0.080     ; 2.786      ;
; 7.135 ; counter0[1]  ; counter0[15] ; u_pll|altpll_component|auto_generated|pll1|clk[0] ; u_pll|altpll_component|auto_generated|pll1|clk[0] ; 10.000       ; -0.080     ; 2.786      ;
; 7.138 ; counter0[3]  ; counter0[17] ; u_pll|altpll_component|auto_generated|pll1|clk[0] ; u_pll|altpll_component|auto_generated|pll1|clk[0] ; 10.000       ; -0.080     ; 2.783      ;
; 7.194 ; counter0[8]  ; counter0[22] ; u_pll|altpll_component|auto_generated|pll1|clk[0] ; u_pll|altpll_component|auto_generated|pll1|clk[0] ; 10.000       ; -0.080     ; 2.727      ;
; 7.195 ; counter0[10] ; counter0[24] ; u_pll|altpll_component|auto_generated|pll1|clk[0] ; u_pll|altpll_component|auto_generated|pll1|clk[0] ; 10.000       ; -0.080     ; 2.726      ;
; 7.195 ; counter0[2]  ; counter0[16] ; u_pll|altpll_component|auto_generated|pll1|clk[0] ; u_pll|altpll_component|auto_generated|pll1|clk[0] ; 10.000       ; -0.080     ; 2.726      ;
; 7.195 ; counter0[0]  ; counter0[14] ; u_pll|altpll_component|auto_generated|pll1|clk[0] ; u_pll|altpll_component|auto_generated|pll1|clk[0] ; 10.000       ; -0.080     ; 2.726      ;
; 7.202 ; counter0[6]  ; counter0[20] ; u_pll|altpll_component|auto_generated|pll1|clk[0] ; u_pll|altpll_component|auto_generated|pll1|clk[0] ; 10.000       ; -0.080     ; 2.719      ;
; 7.202 ; counter0[4]  ; counter0[18] ; u_pll|altpll_component|auto_generated|pll1|clk[0] ; u_pll|altpll_component|auto_generated|pll1|clk[0] ; 10.000       ; -0.080     ; 2.719      ;
; 7.218 ; counter0[6]  ; counter0[19] ; u_pll|altpll_component|auto_generated|pll1|clk[0] ; u_pll|altpll_component|auto_generated|pll1|clk[0] ; 10.000       ; -0.080     ; 2.703      ;
; 7.218 ; counter0[4]  ; counter0[17] ; u_pll|altpll_component|auto_generated|pll1|clk[0] ; u_pll|altpll_component|auto_generated|pll1|clk[0] ; 10.000       ; -0.080     ; 2.703      ;
; 7.221 ; counter0[8]  ; counter0[21] ; u_pll|altpll_component|auto_generated|pll1|clk[0] ; u_pll|altpll_component|auto_generated|pll1|clk[0] ; 10.000       ; -0.080     ; 2.700      ;
; 7.222 ; counter0[0]  ; counter0[13] ; u_pll|altpll_component|auto_generated|pll1|clk[0] ; u_pll|altpll_component|auto_generated|pll1|clk[0] ; 10.000       ; -0.080     ; 2.699      ;
; 7.222 ; counter0[10] ; counter0[23] ; u_pll|altpll_component|auto_generated|pll1|clk[0] ; u_pll|altpll_component|auto_generated|pll1|clk[0] ; 10.000       ; -0.080     ; 2.699      ;
; 7.222 ; counter0[2]  ; counter0[15] ; u_pll|altpll_component|auto_generated|pll1|clk[0] ; u_pll|altpll_component|auto_generated|pll1|clk[0] ; 10.000       ; -0.080     ; 2.699      ;
; 7.223 ; counter0[12] ; counter0[25] ; u_pll|altpll_component|auto_generated|pll1|clk[0] ; u_pll|altpll_component|auto_generated|pll1|clk[0] ; 10.000       ; -0.080     ; 2.698      ;
; 7.250 ; counter0[9]  ; counter0[20] ; u_pll|altpll_component|auto_generated|pll1|clk[0] ; u_pll|altpll_component|auto_generated|pll1|clk[0] ; 10.000       ; -0.080     ; 2.671      ;
; 7.250 ; counter0[7]  ; counter0[18] ; u_pll|altpll_component|auto_generated|pll1|clk[0] ; u_pll|altpll_component|auto_generated|pll1|clk[0] ; 10.000       ; -0.080     ; 2.671      ;
; 7.250 ; counter0[5]  ; counter0[16] ; u_pll|altpll_component|auto_generated|pll1|clk[0] ; u_pll|altpll_component|auto_generated|pll1|clk[0] ; 10.000       ; -0.080     ; 2.671      ;
; 7.251 ; counter0[1]  ; counter0[12] ; u_pll|altpll_component|auto_generated|pll1|clk[0] ; u_pll|altpll_component|auto_generated|pll1|clk[0] ; 10.000       ; -0.080     ; 2.670      ;
; 7.251 ; counter0[11] ; counter0[22] ; u_pll|altpll_component|auto_generated|pll1|clk[0] ; u_pll|altpll_component|auto_generated|pll1|clk[0] ; 10.000       ; -0.080     ; 2.670      ;
; 7.252 ; counter0[13] ; counter0[24] ; u_pll|altpll_component|auto_generated|pll1|clk[0] ; u_pll|altpll_component|auto_generated|pll1|clk[0] ; 10.000       ; -0.080     ; 2.669      ;
; 7.254 ; counter0[3]  ; counter0[14] ; u_pll|altpll_component|auto_generated|pll1|clk[0] ; u_pll|altpll_component|auto_generated|pll1|clk[0] ; 10.000       ; -0.080     ; 2.667      ;
; 7.280 ; counter0[9]  ; counter0[21] ; u_pll|altpll_component|auto_generated|pll1|clk[0] ; u_pll|altpll_component|auto_generated|pll1|clk[0] ; 10.000       ; -0.080     ; 2.641      ;
; 7.280 ; counter0[7]  ; counter0[19] ; u_pll|altpll_component|auto_generated|pll1|clk[0] ; u_pll|altpll_component|auto_generated|pll1|clk[0] ; 10.000       ; -0.080     ; 2.641      ;
+-------+--------------+--------------+---------------------------------------------------+---------------------------------------------------+--------------+------------+------------+


+---------------------------------------------------------------------------------------------------------------------------------------------------------------------------------------+
; Slow 1200mV 85C Model Setup: 'u_pll|altpll_component|auto_generated|pll1|clk[1]'                                                                                                      ;
+--------+--------------+--------------+---------------------------------------------------+---------------------------------------------------+--------------+------------+------------+
; Slack  ; From Node    ; To Node      ; Launch Clock                                      ; Latch Clock                                       ; Relationship ; Clock Skew ; Data Delay ;
+--------+--------------+--------------+---------------------------------------------------+---------------------------------------------------+--------------+------------+------------+
; 36.374 ; counter1[1]  ; counter1[24] ; u_pll|altpll_component|auto_generated|pll1|clk[1] ; u_pll|altpll_component|auto_generated|pll1|clk[1] ; 40.000       ; -0.084     ; 3.543      ;
; 36.469 ; counter1[0]  ; counter1[24] ; u_pll|altpll_component|auto_generated|pll1|clk[1] ; u_pll|altpll_component|auto_generated|pll1|clk[1] ; 40.000       ; -0.084     ; 3.448      ;
; 36.485 ; counter1[0]  ; counter1[23] ; u_pll|altpll_component|auto_generated|pll1|clk[1] ; u_pll|altpll_component|auto_generated|pll1|clk[1] ; 40.000       ; -0.084     ; 3.432      ;
; 36.516 ; counter1[3]  ; counter1[24] ; u_pll|altpll_component|auto_generated|pll1|clk[1] ; u_pll|altpll_component|auto_generated|pll1|clk[1] ; 40.000       ; -0.084     ; 3.401      ;
; 36.520 ; counter1[1]  ; counter1[22] ; u_pll|altpll_component|auto_generated|pll1|clk[1] ; u_pll|altpll_component|auto_generated|pll1|clk[1] ; 40.000       ; -0.084     ; 3.397      ;
; 36.550 ; counter1[1]  ; counter1[23] ; u_pll|altpll_component|auto_generated|pll1|clk[1] ; u_pll|altpll_component|auto_generated|pll1|clk[1] ; 40.000       ; -0.084     ; 3.367      ;
; 36.607 ; counter1[2]  ; counter1[24] ; u_pll|altpll_component|auto_generated|pll1|clk[1] ; u_pll|altpll_component|auto_generated|pll1|clk[1] ; 40.000       ; -0.084     ; 3.310      ;
; 36.615 ; counter1[0]  ; counter1[22] ; u_pll|altpll_component|auto_generated|pll1|clk[1] ; u_pll|altpll_component|auto_generated|pll1|clk[1] ; 40.000       ; -0.084     ; 3.302      ;
; 36.631 ; counter1[0]  ; counter1[21] ; u_pll|altpll_component|auto_generated|pll1|clk[1] ; u_pll|altpll_component|auto_generated|pll1|clk[1] ; 40.000       ; -0.084     ; 3.286      ;
; 36.633 ; counter1[2]  ; counter1[23] ; u_pll|altpll_component|auto_generated|pll1|clk[1] ; u_pll|altpll_component|auto_generated|pll1|clk[1] ; 40.000       ; -0.084     ; 3.284      ;
; 36.662 ; counter1[5]  ; counter1[24] ; u_pll|altpll_component|auto_generated|pll1|clk[1] ; u_pll|altpll_component|auto_generated|pll1|clk[1] ; 40.000       ; -0.084     ; 3.255      ;
; 36.662 ; counter1[3]  ; counter1[22] ; u_pll|altpll_component|auto_generated|pll1|clk[1] ; u_pll|altpll_component|auto_generated|pll1|clk[1] ; 40.000       ; -0.084     ; 3.255      ;
; 36.666 ; counter1[1]  ; counter1[20] ; u_pll|altpll_component|auto_generated|pll1|clk[1] ; u_pll|altpll_component|auto_generated|pll1|clk[1] ; 40.000       ; -0.084     ; 3.251      ;
; 36.692 ; counter1[3]  ; counter1[23] ; u_pll|altpll_component|auto_generated|pll1|clk[1] ; u_pll|altpll_component|auto_generated|pll1|clk[1] ; 40.000       ; -0.084     ; 3.225      ;
; 36.696 ; counter1[1]  ; counter1[21] ; u_pll|altpll_component|auto_generated|pll1|clk[1] ; u_pll|altpll_component|auto_generated|pll1|clk[1] ; 40.000       ; -0.084     ; 3.221      ;
; 36.753 ; counter1[2]  ; counter1[22] ; u_pll|altpll_component|auto_generated|pll1|clk[1] ; u_pll|altpll_component|auto_generated|pll1|clk[1] ; 40.000       ; -0.084     ; 3.164      ;
; 36.760 ; counter1[4]  ; counter1[24] ; u_pll|altpll_component|auto_generated|pll1|clk[1] ; u_pll|altpll_component|auto_generated|pll1|clk[1] ; 40.000       ; -0.084     ; 3.157      ;
; 36.761 ; counter1[0]  ; counter1[20] ; u_pll|altpll_component|auto_generated|pll1|clk[1] ; u_pll|altpll_component|auto_generated|pll1|clk[1] ; 40.000       ; -0.084     ; 3.156      ;
; 36.776 ; counter1[4]  ; counter1[23] ; u_pll|altpll_component|auto_generated|pll1|clk[1] ; u_pll|altpll_component|auto_generated|pll1|clk[1] ; 40.000       ; -0.084     ; 3.141      ;
; 36.777 ; counter1[0]  ; counter1[19] ; u_pll|altpll_component|auto_generated|pll1|clk[1] ; u_pll|altpll_component|auto_generated|pll1|clk[1] ; 40.000       ; -0.084     ; 3.140      ;
; 36.779 ; counter1[2]  ; counter1[21] ; u_pll|altpll_component|auto_generated|pll1|clk[1] ; u_pll|altpll_component|auto_generated|pll1|clk[1] ; 40.000       ; -0.084     ; 3.138      ;
; 36.808 ; counter1[5]  ; counter1[22] ; u_pll|altpll_component|auto_generated|pll1|clk[1] ; u_pll|altpll_component|auto_generated|pll1|clk[1] ; 40.000       ; -0.084     ; 3.109      ;
; 36.808 ; counter1[3]  ; counter1[20] ; u_pll|altpll_component|auto_generated|pll1|clk[1] ; u_pll|altpll_component|auto_generated|pll1|clk[1] ; 40.000       ; -0.084     ; 3.109      ;
; 36.811 ; counter1[7]  ; counter1[24] ; u_pll|altpll_component|auto_generated|pll1|clk[1] ; u_pll|altpll_component|auto_generated|pll1|clk[1] ; 40.000       ; -0.084     ; 3.106      ;
; 36.812 ; counter1[1]  ; counter1[18] ; u_pll|altpll_component|auto_generated|pll1|clk[1] ; u_pll|altpll_component|auto_generated|pll1|clk[1] ; 40.000       ; -0.084     ; 3.105      ;
; 36.838 ; counter1[5]  ; counter1[23] ; u_pll|altpll_component|auto_generated|pll1|clk[1] ; u_pll|altpll_component|auto_generated|pll1|clk[1] ; 40.000       ; -0.084     ; 3.079      ;
; 36.838 ; counter1[3]  ; counter1[21] ; u_pll|altpll_component|auto_generated|pll1|clk[1] ; u_pll|altpll_component|auto_generated|pll1|clk[1] ; 40.000       ; -0.084     ; 3.079      ;
; 36.842 ; counter1[1]  ; counter1[19] ; u_pll|altpll_component|auto_generated|pll1|clk[1] ; u_pll|altpll_component|auto_generated|pll1|clk[1] ; 40.000       ; -0.084     ; 3.075      ;
; 36.899 ; counter1[2]  ; counter1[20] ; u_pll|altpll_component|auto_generated|pll1|clk[1] ; u_pll|altpll_component|auto_generated|pll1|clk[1] ; 40.000       ; -0.084     ; 3.018      ;
; 36.906 ; counter1[6]  ; counter1[24] ; u_pll|altpll_component|auto_generated|pll1|clk[1] ; u_pll|altpll_component|auto_generated|pll1|clk[1] ; 40.000       ; -0.084     ; 3.011      ;
; 36.906 ; counter1[4]  ; counter1[22] ; u_pll|altpll_component|auto_generated|pll1|clk[1] ; u_pll|altpll_component|auto_generated|pll1|clk[1] ; 40.000       ; -0.084     ; 3.011      ;
; 36.907 ; counter1[0]  ; counter1[18] ; u_pll|altpll_component|auto_generated|pll1|clk[1] ; u_pll|altpll_component|auto_generated|pll1|clk[1] ; 40.000       ; -0.084     ; 3.010      ;
; 36.922 ; counter1[6]  ; counter1[23] ; u_pll|altpll_component|auto_generated|pll1|clk[1] ; u_pll|altpll_component|auto_generated|pll1|clk[1] ; 40.000       ; -0.084     ; 2.995      ;
; 36.922 ; counter1[4]  ; counter1[21] ; u_pll|altpll_component|auto_generated|pll1|clk[1] ; u_pll|altpll_component|auto_generated|pll1|clk[1] ; 40.000       ; -0.084     ; 2.995      ;
; 36.923 ; counter1[0]  ; counter1[17] ; u_pll|altpll_component|auto_generated|pll1|clk[1] ; u_pll|altpll_component|auto_generated|pll1|clk[1] ; 40.000       ; -0.084     ; 2.994      ;
; 36.925 ; counter1[2]  ; counter1[19] ; u_pll|altpll_component|auto_generated|pll1|clk[1] ; u_pll|altpll_component|auto_generated|pll1|clk[1] ; 40.000       ; -0.084     ; 2.992      ;
; 36.954 ; counter1[5]  ; counter1[20] ; u_pll|altpll_component|auto_generated|pll1|clk[1] ; u_pll|altpll_component|auto_generated|pll1|clk[1] ; 40.000       ; -0.084     ; 2.963      ;
; 36.954 ; counter1[3]  ; counter1[18] ; u_pll|altpll_component|auto_generated|pll1|clk[1] ; u_pll|altpll_component|auto_generated|pll1|clk[1] ; 40.000       ; -0.084     ; 2.963      ;
; 36.957 ; counter1[7]  ; counter1[22] ; u_pll|altpll_component|auto_generated|pll1|clk[1] ; u_pll|altpll_component|auto_generated|pll1|clk[1] ; 40.000       ; -0.084     ; 2.960      ;
; 36.958 ; counter1[1]  ; counter1[16] ; u_pll|altpll_component|auto_generated|pll1|clk[1] ; u_pll|altpll_component|auto_generated|pll1|clk[1] ; 40.000       ; -0.084     ; 2.959      ;
; 36.958 ; counter1[9]  ; counter1[24] ; u_pll|altpll_component|auto_generated|pll1|clk[1] ; u_pll|altpll_component|auto_generated|pll1|clk[1] ; 40.000       ; -0.084     ; 2.959      ;
; 36.984 ; counter1[5]  ; counter1[21] ; u_pll|altpll_component|auto_generated|pll1|clk[1] ; u_pll|altpll_component|auto_generated|pll1|clk[1] ; 40.000       ; -0.084     ; 2.933      ;
; 36.984 ; counter1[3]  ; counter1[19] ; u_pll|altpll_component|auto_generated|pll1|clk[1] ; u_pll|altpll_component|auto_generated|pll1|clk[1] ; 40.000       ; -0.084     ; 2.933      ;
; 36.987 ; counter1[7]  ; counter1[23] ; u_pll|altpll_component|auto_generated|pll1|clk[1] ; u_pll|altpll_component|auto_generated|pll1|clk[1] ; 40.000       ; -0.084     ; 2.930      ;
; 36.988 ; counter1[1]  ; counter1[17] ; u_pll|altpll_component|auto_generated|pll1|clk[1] ; u_pll|altpll_component|auto_generated|pll1|clk[1] ; 40.000       ; -0.084     ; 2.929      ;
; 37.045 ; counter1[2]  ; counter1[18] ; u_pll|altpll_component|auto_generated|pll1|clk[1] ; u_pll|altpll_component|auto_generated|pll1|clk[1] ; 40.000       ; -0.084     ; 2.872      ;
; 37.052 ; counter1[8]  ; counter1[24] ; u_pll|altpll_component|auto_generated|pll1|clk[1] ; u_pll|altpll_component|auto_generated|pll1|clk[1] ; 40.000       ; -0.084     ; 2.865      ;
; 37.052 ; counter1[6]  ; counter1[22] ; u_pll|altpll_component|auto_generated|pll1|clk[1] ; u_pll|altpll_component|auto_generated|pll1|clk[1] ; 40.000       ; -0.084     ; 2.865      ;
; 37.052 ; counter1[4]  ; counter1[20] ; u_pll|altpll_component|auto_generated|pll1|clk[1] ; u_pll|altpll_component|auto_generated|pll1|clk[1] ; 40.000       ; -0.084     ; 2.865      ;
; 37.053 ; counter1[0]  ; counter1[16] ; u_pll|altpll_component|auto_generated|pll1|clk[1] ; u_pll|altpll_component|auto_generated|pll1|clk[1] ; 40.000       ; -0.084     ; 2.864      ;
; 37.068 ; counter1[8]  ; counter1[23] ; u_pll|altpll_component|auto_generated|pll1|clk[1] ; u_pll|altpll_component|auto_generated|pll1|clk[1] ; 40.000       ; -0.084     ; 2.849      ;
; 37.068 ; counter1[6]  ; counter1[21] ; u_pll|altpll_component|auto_generated|pll1|clk[1] ; u_pll|altpll_component|auto_generated|pll1|clk[1] ; 40.000       ; -0.084     ; 2.849      ;
; 37.068 ; counter1[4]  ; counter1[19] ; u_pll|altpll_component|auto_generated|pll1|clk[1] ; u_pll|altpll_component|auto_generated|pll1|clk[1] ; 40.000       ; -0.084     ; 2.849      ;
; 37.069 ; counter1[0]  ; counter1[15] ; u_pll|altpll_component|auto_generated|pll1|clk[1] ; u_pll|altpll_component|auto_generated|pll1|clk[1] ; 40.000       ; -0.084     ; 2.848      ;
; 37.071 ; counter1[2]  ; counter1[17] ; u_pll|altpll_component|auto_generated|pll1|clk[1] ; u_pll|altpll_component|auto_generated|pll1|clk[1] ; 40.000       ; -0.084     ; 2.846      ;
; 37.100 ; counter1[5]  ; counter1[18] ; u_pll|altpll_component|auto_generated|pll1|clk[1] ; u_pll|altpll_component|auto_generated|pll1|clk[1] ; 40.000       ; -0.084     ; 2.817      ;
; 37.100 ; counter1[3]  ; counter1[16] ; u_pll|altpll_component|auto_generated|pll1|clk[1] ; u_pll|altpll_component|auto_generated|pll1|clk[1] ; 40.000       ; -0.084     ; 2.817      ;
; 37.103 ; counter1[7]  ; counter1[20] ; u_pll|altpll_component|auto_generated|pll1|clk[1] ; u_pll|altpll_component|auto_generated|pll1|clk[1] ; 40.000       ; -0.084     ; 2.814      ;
; 37.104 ; counter1[1]  ; counter1[14] ; u_pll|altpll_component|auto_generated|pll1|clk[1] ; u_pll|altpll_component|auto_generated|pll1|clk[1] ; 40.000       ; -0.084     ; 2.813      ;
; 37.104 ; counter1[9]  ; counter1[22] ; u_pll|altpll_component|auto_generated|pll1|clk[1] ; u_pll|altpll_component|auto_generated|pll1|clk[1] ; 40.000       ; -0.084     ; 2.813      ;
; 37.105 ; counter1[11] ; counter1[24] ; u_pll|altpll_component|auto_generated|pll1|clk[1] ; u_pll|altpll_component|auto_generated|pll1|clk[1] ; 40.000       ; -0.084     ; 2.812      ;
; 37.130 ; counter1[5]  ; counter1[19] ; u_pll|altpll_component|auto_generated|pll1|clk[1] ; u_pll|altpll_component|auto_generated|pll1|clk[1] ; 40.000       ; -0.084     ; 2.787      ;
; 37.130 ; counter1[3]  ; counter1[17] ; u_pll|altpll_component|auto_generated|pll1|clk[1] ; u_pll|altpll_component|auto_generated|pll1|clk[1] ; 40.000       ; -0.084     ; 2.787      ;
; 37.133 ; counter1[7]  ; counter1[21] ; u_pll|altpll_component|auto_generated|pll1|clk[1] ; u_pll|altpll_component|auto_generated|pll1|clk[1] ; 40.000       ; -0.084     ; 2.784      ;
; 37.134 ; counter1[9]  ; counter1[23] ; u_pll|altpll_component|auto_generated|pll1|clk[1] ; u_pll|altpll_component|auto_generated|pll1|clk[1] ; 40.000       ; -0.084     ; 2.783      ;
; 37.134 ; counter1[1]  ; counter1[15] ; u_pll|altpll_component|auto_generated|pll1|clk[1] ; u_pll|altpll_component|auto_generated|pll1|clk[1] ; 40.000       ; -0.084     ; 2.783      ;
; 37.191 ; counter1[2]  ; counter1[16] ; u_pll|altpll_component|auto_generated|pll1|clk[1] ; u_pll|altpll_component|auto_generated|pll1|clk[1] ; 40.000       ; -0.084     ; 2.726      ;
; 37.198 ; counter1[8]  ; counter1[22] ; u_pll|altpll_component|auto_generated|pll1|clk[1] ; u_pll|altpll_component|auto_generated|pll1|clk[1] ; 40.000       ; -0.084     ; 2.719      ;
; 37.198 ; counter1[6]  ; counter1[20] ; u_pll|altpll_component|auto_generated|pll1|clk[1] ; u_pll|altpll_component|auto_generated|pll1|clk[1] ; 40.000       ; -0.084     ; 2.719      ;
; 37.198 ; counter1[4]  ; counter1[18] ; u_pll|altpll_component|auto_generated|pll1|clk[1] ; u_pll|altpll_component|auto_generated|pll1|clk[1] ; 40.000       ; -0.084     ; 2.719      ;
; 37.199 ; counter1[10] ; counter1[24] ; u_pll|altpll_component|auto_generated|pll1|clk[1] ; u_pll|altpll_component|auto_generated|pll1|clk[1] ; 40.000       ; -0.084     ; 2.718      ;
; 37.199 ; counter1[0]  ; counter1[14] ; u_pll|altpll_component|auto_generated|pll1|clk[1] ; u_pll|altpll_component|auto_generated|pll1|clk[1] ; 40.000       ; -0.084     ; 2.718      ;
; 37.214 ; counter1[8]  ; counter1[21] ; u_pll|altpll_component|auto_generated|pll1|clk[1] ; u_pll|altpll_component|auto_generated|pll1|clk[1] ; 40.000       ; -0.084     ; 2.703      ;
; 37.214 ; counter1[6]  ; counter1[19] ; u_pll|altpll_component|auto_generated|pll1|clk[1] ; u_pll|altpll_component|auto_generated|pll1|clk[1] ; 40.000       ; -0.084     ; 2.703      ;
; 37.214 ; counter1[4]  ; counter1[17] ; u_pll|altpll_component|auto_generated|pll1|clk[1] ; u_pll|altpll_component|auto_generated|pll1|clk[1] ; 40.000       ; -0.084     ; 2.703      ;
; 37.215 ; counter1[0]  ; counter1[13] ; u_pll|altpll_component|auto_generated|pll1|clk[1] ; u_pll|altpll_component|auto_generated|pll1|clk[1] ; 40.000       ; -0.084     ; 2.702      ;
; 37.215 ; counter1[10] ; counter1[23] ; u_pll|altpll_component|auto_generated|pll1|clk[1] ; u_pll|altpll_component|auto_generated|pll1|clk[1] ; 40.000       ; -0.084     ; 2.702      ;
; 37.217 ; counter1[2]  ; counter1[15] ; u_pll|altpll_component|auto_generated|pll1|clk[1] ; u_pll|altpll_component|auto_generated|pll1|clk[1] ; 40.000       ; -0.084     ; 2.700      ;
; 37.246 ; counter1[5]  ; counter1[16] ; u_pll|altpll_component|auto_generated|pll1|clk[1] ; u_pll|altpll_component|auto_generated|pll1|clk[1] ; 40.000       ; -0.084     ; 2.671      ;
; 37.246 ; counter1[3]  ; counter1[14] ; u_pll|altpll_component|auto_generated|pll1|clk[1] ; u_pll|altpll_component|auto_generated|pll1|clk[1] ; 40.000       ; -0.084     ; 2.671      ;
; 37.249 ; counter1[7]  ; counter1[18] ; u_pll|altpll_component|auto_generated|pll1|clk[1] ; u_pll|altpll_component|auto_generated|pll1|clk[1] ; 40.000       ; -0.084     ; 2.668      ;
; 37.250 ; counter1[1]  ; counter1[12] ; u_pll|altpll_component|auto_generated|pll1|clk[1] ; u_pll|altpll_component|auto_generated|pll1|clk[1] ; 40.000       ; -0.084     ; 2.667      ;
; 37.250 ; counter1[13] ; counter1[24] ; u_pll|altpll_component|auto_generated|pll1|clk[1] ; u_pll|altpll_component|auto_generated|pll1|clk[1] ; 40.000       ; -0.081     ; 2.670      ;
; 37.250 ; counter1[9]  ; counter1[20] ; u_pll|altpll_component|auto_generated|pll1|clk[1] ; u_pll|altpll_component|auto_generated|pll1|clk[1] ; 40.000       ; -0.084     ; 2.667      ;
; 37.251 ; counter1[11] ; counter1[22] ; u_pll|altpll_component|auto_generated|pll1|clk[1] ; u_pll|altpll_component|auto_generated|pll1|clk[1] ; 40.000       ; -0.084     ; 2.666      ;
; 37.276 ; counter1[5]  ; counter1[17] ; u_pll|altpll_component|auto_generated|pll1|clk[1] ; u_pll|altpll_component|auto_generated|pll1|clk[1] ; 40.000       ; -0.084     ; 2.641      ;
; 37.276 ; counter1[3]  ; counter1[15] ; u_pll|altpll_component|auto_generated|pll1|clk[1] ; u_pll|altpll_component|auto_generated|pll1|clk[1] ; 40.000       ; -0.084     ; 2.641      ;
; 37.279 ; counter1[7]  ; counter1[19] ; u_pll|altpll_component|auto_generated|pll1|clk[1] ; u_pll|altpll_component|auto_generated|pll1|clk[1] ; 40.000       ; -0.084     ; 2.638      ;
; 37.280 ; counter1[9]  ; counter1[21] ; u_pll|altpll_component|auto_generated|pll1|clk[1] ; u_pll|altpll_component|auto_generated|pll1|clk[1] ; 40.000       ; -0.084     ; 2.637      ;
; 37.280 ; counter1[1]  ; counter1[13] ; u_pll|altpll_component|auto_generated|pll1|clk[1] ; u_pll|altpll_component|auto_generated|pll1|clk[1] ; 40.000       ; -0.084     ; 2.637      ;
; 37.281 ; counter1[11] ; counter1[23] ; u_pll|altpll_component|auto_generated|pll1|clk[1] ; u_pll|altpll_component|auto_generated|pll1|clk[1] ; 40.000       ; -0.084     ; 2.636      ;
; 37.337 ; counter1[2]  ; counter1[14] ; u_pll|altpll_component|auto_generated|pll1|clk[1] ; u_pll|altpll_component|auto_generated|pll1|clk[1] ; 40.000       ; -0.084     ; 2.580      ;
; 37.344 ; counter1[8]  ; counter1[20] ; u_pll|altpll_component|auto_generated|pll1|clk[1] ; u_pll|altpll_component|auto_generated|pll1|clk[1] ; 40.000       ; -0.084     ; 2.573      ;
; 37.344 ; counter1[6]  ; counter1[18] ; u_pll|altpll_component|auto_generated|pll1|clk[1] ; u_pll|altpll_component|auto_generated|pll1|clk[1] ; 40.000       ; -0.084     ; 2.573      ;
; 37.344 ; counter1[4]  ; counter1[16] ; u_pll|altpll_component|auto_generated|pll1|clk[1] ; u_pll|altpll_component|auto_generated|pll1|clk[1] ; 40.000       ; -0.084     ; 2.573      ;
; 37.345 ; counter1[10] ; counter1[22] ; u_pll|altpll_component|auto_generated|pll1|clk[1] ; u_pll|altpll_component|auto_generated|pll1|clk[1] ; 40.000       ; -0.084     ; 2.572      ;
; 37.345 ; counter1[0]  ; counter1[12] ; u_pll|altpll_component|auto_generated|pll1|clk[1] ; u_pll|altpll_component|auto_generated|pll1|clk[1] ; 40.000       ; -0.084     ; 2.572      ;
; 37.349 ; counter1[12] ; counter1[24] ; u_pll|altpll_component|auto_generated|pll1|clk[1] ; u_pll|altpll_component|auto_generated|pll1|clk[1] ; 40.000       ; -0.081     ; 2.571      ;
; 37.360 ; counter1[8]  ; counter1[19] ; u_pll|altpll_component|auto_generated|pll1|clk[1] ; u_pll|altpll_component|auto_generated|pll1|clk[1] ; 40.000       ; -0.084     ; 2.557      ;
; 37.360 ; counter1[6]  ; counter1[17] ; u_pll|altpll_component|auto_generated|pll1|clk[1] ; u_pll|altpll_component|auto_generated|pll1|clk[1] ; 40.000       ; -0.084     ; 2.557      ;
+--------+--------------+--------------+---------------------------------------------------+---------------------------------------------------+--------------+------------+------------+


+---------------------------------------------------------------------------------------------------------------------------------------------------------------------------------------+
; Slow 1200mV 85C Model Setup: 'u_pll|altpll_component|auto_generated|pll1|clk[2]'                                                                                                      ;
+--------+--------------+--------------+---------------------------------------------------+---------------------------------------------------+--------------+------------+------------+
; Slack  ; From Node    ; To Node      ; Launch Clock                                      ; Latch Clock                                       ; Relationship ; Clock Skew ; Data Delay ;
+--------+--------------+--------------+---------------------------------------------------+---------------------------------------------------+--------------+------------+------------+
; 96.485 ; counter2[0]  ; counter2[23] ; u_pll|altpll_component|auto_generated|pll1|clk[2] ; u_pll|altpll_component|auto_generated|pll1|clk[2] ; 100.000      ; -0.084     ; 3.432      ;
; 96.520 ; counter2[1]  ; counter2[22] ; u_pll|altpll_component|auto_generated|pll1|clk[2] ; u_pll|altpll_component|auto_generated|pll1|clk[2] ; 100.000      ; -0.084     ; 3.397      ;
; 96.550 ; counter2[1]  ; counter2[23] ; u_pll|altpll_component|auto_generated|pll1|clk[2] ; u_pll|altpll_component|auto_generated|pll1|clk[2] ; 100.000      ; -0.084     ; 3.367      ;
; 96.615 ; counter2[0]  ; counter2[22] ; u_pll|altpll_component|auto_generated|pll1|clk[2] ; u_pll|altpll_component|auto_generated|pll1|clk[2] ; 100.000      ; -0.084     ; 3.302      ;
; 96.631 ; counter2[0]  ; counter2[21] ; u_pll|altpll_component|auto_generated|pll1|clk[2] ; u_pll|altpll_component|auto_generated|pll1|clk[2] ; 100.000      ; -0.084     ; 3.286      ;
; 96.633 ; counter2[2]  ; counter2[23] ; u_pll|altpll_component|auto_generated|pll1|clk[2] ; u_pll|altpll_component|auto_generated|pll1|clk[2] ; 100.000      ; -0.084     ; 3.284      ;
; 96.662 ; counter2[3]  ; counter2[22] ; u_pll|altpll_component|auto_generated|pll1|clk[2] ; u_pll|altpll_component|auto_generated|pll1|clk[2] ; 100.000      ; -0.084     ; 3.255      ;
; 96.666 ; counter2[1]  ; counter2[20] ; u_pll|altpll_component|auto_generated|pll1|clk[2] ; u_pll|altpll_component|auto_generated|pll1|clk[2] ; 100.000      ; -0.084     ; 3.251      ;
; 96.692 ; counter2[3]  ; counter2[23] ; u_pll|altpll_component|auto_generated|pll1|clk[2] ; u_pll|altpll_component|auto_generated|pll1|clk[2] ; 100.000      ; -0.084     ; 3.225      ;
; 96.696 ; counter2[1]  ; counter2[21] ; u_pll|altpll_component|auto_generated|pll1|clk[2] ; u_pll|altpll_component|auto_generated|pll1|clk[2] ; 100.000      ; -0.084     ; 3.221      ;
; 96.752 ; counter2[2]  ; counter2[22] ; u_pll|altpll_component|auto_generated|pll1|clk[2] ; u_pll|altpll_component|auto_generated|pll1|clk[2] ; 100.000      ; -0.084     ; 3.165      ;
; 96.761 ; counter2[0]  ; counter2[20] ; u_pll|altpll_component|auto_generated|pll1|clk[2] ; u_pll|altpll_component|auto_generated|pll1|clk[2] ; 100.000      ; -0.084     ; 3.156      ;
; 96.776 ; counter2[4]  ; counter2[23] ; u_pll|altpll_component|auto_generated|pll1|clk[2] ; u_pll|altpll_component|auto_generated|pll1|clk[2] ; 100.000      ; -0.084     ; 3.141      ;
; 96.777 ; counter2[0]  ; counter2[19] ; u_pll|altpll_component|auto_generated|pll1|clk[2] ; u_pll|altpll_component|auto_generated|pll1|clk[2] ; 100.000      ; -0.084     ; 3.140      ;
; 96.779 ; counter2[2]  ; counter2[21] ; u_pll|altpll_component|auto_generated|pll1|clk[2] ; u_pll|altpll_component|auto_generated|pll1|clk[2] ; 100.000      ; -0.084     ; 3.138      ;
; 96.808 ; counter2[5]  ; counter2[22] ; u_pll|altpll_component|auto_generated|pll1|clk[2] ; u_pll|altpll_component|auto_generated|pll1|clk[2] ; 100.000      ; -0.084     ; 3.109      ;
; 96.808 ; counter2[3]  ; counter2[20] ; u_pll|altpll_component|auto_generated|pll1|clk[2] ; u_pll|altpll_component|auto_generated|pll1|clk[2] ; 100.000      ; -0.084     ; 3.109      ;
; 96.812 ; counter2[1]  ; counter2[18] ; u_pll|altpll_component|auto_generated|pll1|clk[2] ; u_pll|altpll_component|auto_generated|pll1|clk[2] ; 100.000      ; -0.084     ; 3.105      ;
; 96.838 ; counter2[5]  ; counter2[23] ; u_pll|altpll_component|auto_generated|pll1|clk[2] ; u_pll|altpll_component|auto_generated|pll1|clk[2] ; 100.000      ; -0.084     ; 3.079      ;
; 96.838 ; counter2[3]  ; counter2[21] ; u_pll|altpll_component|auto_generated|pll1|clk[2] ; u_pll|altpll_component|auto_generated|pll1|clk[2] ; 100.000      ; -0.084     ; 3.079      ;
; 96.842 ; counter2[1]  ; counter2[19] ; u_pll|altpll_component|auto_generated|pll1|clk[2] ; u_pll|altpll_component|auto_generated|pll1|clk[2] ; 100.000      ; -0.084     ; 3.075      ;
; 96.898 ; counter2[2]  ; counter2[20] ; u_pll|altpll_component|auto_generated|pll1|clk[2] ; u_pll|altpll_component|auto_generated|pll1|clk[2] ; 100.000      ; -0.084     ; 3.019      ;
; 96.906 ; counter2[4]  ; counter2[22] ; u_pll|altpll_component|auto_generated|pll1|clk[2] ; u_pll|altpll_component|auto_generated|pll1|clk[2] ; 100.000      ; -0.084     ; 3.011      ;
; 96.907 ; counter2[0]  ; counter2[18] ; u_pll|altpll_component|auto_generated|pll1|clk[2] ; u_pll|altpll_component|auto_generated|pll1|clk[2] ; 100.000      ; -0.084     ; 3.010      ;
; 96.922 ; counter2[6]  ; counter2[23] ; u_pll|altpll_component|auto_generated|pll1|clk[2] ; u_pll|altpll_component|auto_generated|pll1|clk[2] ; 100.000      ; -0.084     ; 2.995      ;
; 96.922 ; counter2[4]  ; counter2[21] ; u_pll|altpll_component|auto_generated|pll1|clk[2] ; u_pll|altpll_component|auto_generated|pll1|clk[2] ; 100.000      ; -0.084     ; 2.995      ;
; 96.923 ; counter2[0]  ; counter2[17] ; u_pll|altpll_component|auto_generated|pll1|clk[2] ; u_pll|altpll_component|auto_generated|pll1|clk[2] ; 100.000      ; -0.084     ; 2.994      ;
; 96.925 ; counter2[2]  ; counter2[19] ; u_pll|altpll_component|auto_generated|pll1|clk[2] ; u_pll|altpll_component|auto_generated|pll1|clk[2] ; 100.000      ; -0.084     ; 2.992      ;
; 96.954 ; counter2[5]  ; counter2[20] ; u_pll|altpll_component|auto_generated|pll1|clk[2] ; u_pll|altpll_component|auto_generated|pll1|clk[2] ; 100.000      ; -0.084     ; 2.963      ;
; 96.954 ; counter2[3]  ; counter2[18] ; u_pll|altpll_component|auto_generated|pll1|clk[2] ; u_pll|altpll_component|auto_generated|pll1|clk[2] ; 100.000      ; -0.084     ; 2.963      ;
; 96.957 ; counter2[7]  ; counter2[22] ; u_pll|altpll_component|auto_generated|pll1|clk[2] ; u_pll|altpll_component|auto_generated|pll1|clk[2] ; 100.000      ; -0.084     ; 2.960      ;
; 96.958 ; counter2[1]  ; counter2[16] ; u_pll|altpll_component|auto_generated|pll1|clk[2] ; u_pll|altpll_component|auto_generated|pll1|clk[2] ; 100.000      ; -0.084     ; 2.959      ;
; 96.984 ; counter2[5]  ; counter2[21] ; u_pll|altpll_component|auto_generated|pll1|clk[2] ; u_pll|altpll_component|auto_generated|pll1|clk[2] ; 100.000      ; -0.084     ; 2.933      ;
; 96.984 ; counter2[3]  ; counter2[19] ; u_pll|altpll_component|auto_generated|pll1|clk[2] ; u_pll|altpll_component|auto_generated|pll1|clk[2] ; 100.000      ; -0.084     ; 2.933      ;
; 96.987 ; counter2[7]  ; counter2[23] ; u_pll|altpll_component|auto_generated|pll1|clk[2] ; u_pll|altpll_component|auto_generated|pll1|clk[2] ; 100.000      ; -0.084     ; 2.930      ;
; 96.988 ; counter2[1]  ; counter2[17] ; u_pll|altpll_component|auto_generated|pll1|clk[2] ; u_pll|altpll_component|auto_generated|pll1|clk[2] ; 100.000      ; -0.084     ; 2.929      ;
; 97.044 ; counter2[2]  ; counter2[18] ; u_pll|altpll_component|auto_generated|pll1|clk[2] ; u_pll|altpll_component|auto_generated|pll1|clk[2] ; 100.000      ; -0.084     ; 2.873      ;
; 97.052 ; counter2[6]  ; counter2[22] ; u_pll|altpll_component|auto_generated|pll1|clk[2] ; u_pll|altpll_component|auto_generated|pll1|clk[2] ; 100.000      ; -0.084     ; 2.865      ;
; 97.052 ; counter2[4]  ; counter2[20] ; u_pll|altpll_component|auto_generated|pll1|clk[2] ; u_pll|altpll_component|auto_generated|pll1|clk[2] ; 100.000      ; -0.084     ; 2.865      ;
; 97.053 ; counter2[0]  ; counter2[16] ; u_pll|altpll_component|auto_generated|pll1|clk[2] ; u_pll|altpll_component|auto_generated|pll1|clk[2] ; 100.000      ; -0.084     ; 2.864      ;
; 97.068 ; counter2[8]  ; counter2[23] ; u_pll|altpll_component|auto_generated|pll1|clk[2] ; u_pll|altpll_component|auto_generated|pll1|clk[2] ; 100.000      ; -0.084     ; 2.849      ;
; 97.068 ; counter2[6]  ; counter2[21] ; u_pll|altpll_component|auto_generated|pll1|clk[2] ; u_pll|altpll_component|auto_generated|pll1|clk[2] ; 100.000      ; -0.084     ; 2.849      ;
; 97.068 ; counter2[4]  ; counter2[19] ; u_pll|altpll_component|auto_generated|pll1|clk[2] ; u_pll|altpll_component|auto_generated|pll1|clk[2] ; 100.000      ; -0.084     ; 2.849      ;
; 97.069 ; counter2[0]  ; counter2[15] ; u_pll|altpll_component|auto_generated|pll1|clk[2] ; u_pll|altpll_component|auto_generated|pll1|clk[2] ; 100.000      ; -0.084     ; 2.848      ;
; 97.071 ; counter2[2]  ; counter2[17] ; u_pll|altpll_component|auto_generated|pll1|clk[2] ; u_pll|altpll_component|auto_generated|pll1|clk[2] ; 100.000      ; -0.084     ; 2.846      ;
; 97.100 ; counter2[5]  ; counter2[18] ; u_pll|altpll_component|auto_generated|pll1|clk[2] ; u_pll|altpll_component|auto_generated|pll1|clk[2] ; 100.000      ; -0.084     ; 2.817      ;
; 97.100 ; counter2[3]  ; counter2[16] ; u_pll|altpll_component|auto_generated|pll1|clk[2] ; u_pll|altpll_component|auto_generated|pll1|clk[2] ; 100.000      ; -0.084     ; 2.817      ;
; 97.103 ; counter2[7]  ; counter2[20] ; u_pll|altpll_component|auto_generated|pll1|clk[2] ; u_pll|altpll_component|auto_generated|pll1|clk[2] ; 100.000      ; -0.084     ; 2.814      ;
; 97.104 ; counter2[1]  ; counter2[14] ; u_pll|altpll_component|auto_generated|pll1|clk[2] ; u_pll|altpll_component|auto_generated|pll1|clk[2] ; 100.000      ; -0.084     ; 2.813      ;
; 97.104 ; counter2[9]  ; counter2[22] ; u_pll|altpll_component|auto_generated|pll1|clk[2] ; u_pll|altpll_component|auto_generated|pll1|clk[2] ; 100.000      ; -0.084     ; 2.813      ;
; 97.130 ; counter2[5]  ; counter2[19] ; u_pll|altpll_component|auto_generated|pll1|clk[2] ; u_pll|altpll_component|auto_generated|pll1|clk[2] ; 100.000      ; -0.084     ; 2.787      ;
; 97.130 ; counter2[3]  ; counter2[17] ; u_pll|altpll_component|auto_generated|pll1|clk[2] ; u_pll|altpll_component|auto_generated|pll1|clk[2] ; 100.000      ; -0.084     ; 2.787      ;
; 97.133 ; counter2[7]  ; counter2[21] ; u_pll|altpll_component|auto_generated|pll1|clk[2] ; u_pll|altpll_component|auto_generated|pll1|clk[2] ; 100.000      ; -0.084     ; 2.784      ;
; 97.134 ; counter2[9]  ; counter2[23] ; u_pll|altpll_component|auto_generated|pll1|clk[2] ; u_pll|altpll_component|auto_generated|pll1|clk[2] ; 100.000      ; -0.084     ; 2.783      ;
; 97.134 ; counter2[1]  ; counter2[15] ; u_pll|altpll_component|auto_generated|pll1|clk[2] ; u_pll|altpll_component|auto_generated|pll1|clk[2] ; 100.000      ; -0.084     ; 2.783      ;
; 97.190 ; counter2[2]  ; counter2[16] ; u_pll|altpll_component|auto_generated|pll1|clk[2] ; u_pll|altpll_component|auto_generated|pll1|clk[2] ; 100.000      ; -0.084     ; 2.727      ;
; 97.198 ; counter2[8]  ; counter2[22] ; u_pll|altpll_component|auto_generated|pll1|clk[2] ; u_pll|altpll_component|auto_generated|pll1|clk[2] ; 100.000      ; -0.084     ; 2.719      ;
; 97.198 ; counter2[6]  ; counter2[20] ; u_pll|altpll_component|auto_generated|pll1|clk[2] ; u_pll|altpll_component|auto_generated|pll1|clk[2] ; 100.000      ; -0.084     ; 2.719      ;
; 97.198 ; counter2[4]  ; counter2[18] ; u_pll|altpll_component|auto_generated|pll1|clk[2] ; u_pll|altpll_component|auto_generated|pll1|clk[2] ; 100.000      ; -0.084     ; 2.719      ;
; 97.199 ; counter2[0]  ; counter2[14] ; u_pll|altpll_component|auto_generated|pll1|clk[2] ; u_pll|altpll_component|auto_generated|pll1|clk[2] ; 100.000      ; -0.084     ; 2.718      ;
; 97.214 ; counter2[8]  ; counter2[21] ; u_pll|altpll_component|auto_generated|pll1|clk[2] ; u_pll|altpll_component|auto_generated|pll1|clk[2] ; 100.000      ; -0.084     ; 2.703      ;
; 97.214 ; counter2[6]  ; counter2[19] ; u_pll|altpll_component|auto_generated|pll1|clk[2] ; u_pll|altpll_component|auto_generated|pll1|clk[2] ; 100.000      ; -0.084     ; 2.703      ;
; 97.214 ; counter2[4]  ; counter2[17] ; u_pll|altpll_component|auto_generated|pll1|clk[2] ; u_pll|altpll_component|auto_generated|pll1|clk[2] ; 100.000      ; -0.084     ; 2.703      ;
; 97.215 ; counter2[0]  ; counter2[13] ; u_pll|altpll_component|auto_generated|pll1|clk[2] ; u_pll|altpll_component|auto_generated|pll1|clk[2] ; 100.000      ; -0.084     ; 2.702      ;
; 97.215 ; counter2[10] ; counter2[23] ; u_pll|altpll_component|auto_generated|pll1|clk[2] ; u_pll|altpll_component|auto_generated|pll1|clk[2] ; 100.000      ; -0.084     ; 2.702      ;
; 97.217 ; counter2[2]  ; counter2[15] ; u_pll|altpll_component|auto_generated|pll1|clk[2] ; u_pll|altpll_component|auto_generated|pll1|clk[2] ; 100.000      ; -0.084     ; 2.700      ;
; 97.246 ; counter2[5]  ; counter2[16] ; u_pll|altpll_component|auto_generated|pll1|clk[2] ; u_pll|altpll_component|auto_generated|pll1|clk[2] ; 100.000      ; -0.084     ; 2.671      ;
; 97.246 ; counter2[3]  ; counter2[14] ; u_pll|altpll_component|auto_generated|pll1|clk[2] ; u_pll|altpll_component|auto_generated|pll1|clk[2] ; 100.000      ; -0.084     ; 2.671      ;
; 97.249 ; counter2[7]  ; counter2[18] ; u_pll|altpll_component|auto_generated|pll1|clk[2] ; u_pll|altpll_component|auto_generated|pll1|clk[2] ; 100.000      ; -0.084     ; 2.668      ;
; 97.250 ; counter2[1]  ; counter2[12] ; u_pll|altpll_component|auto_generated|pll1|clk[2] ; u_pll|altpll_component|auto_generated|pll1|clk[2] ; 100.000      ; -0.084     ; 2.667      ;
; 97.250 ; counter2[9]  ; counter2[20] ; u_pll|altpll_component|auto_generated|pll1|clk[2] ; u_pll|altpll_component|auto_generated|pll1|clk[2] ; 100.000      ; -0.084     ; 2.667      ;
; 97.251 ; counter2[11] ; counter2[22] ; u_pll|altpll_component|auto_generated|pll1|clk[2] ; u_pll|altpll_component|auto_generated|pll1|clk[2] ; 100.000      ; -0.084     ; 2.666      ;
; 97.276 ; counter2[5]  ; counter2[17] ; u_pll|altpll_component|auto_generated|pll1|clk[2] ; u_pll|altpll_component|auto_generated|pll1|clk[2] ; 100.000      ; -0.084     ; 2.641      ;
; 97.276 ; counter2[3]  ; counter2[15] ; u_pll|altpll_component|auto_generated|pll1|clk[2] ; u_pll|altpll_component|auto_generated|pll1|clk[2] ; 100.000      ; -0.084     ; 2.641      ;
; 97.279 ; counter2[7]  ; counter2[19] ; u_pll|altpll_component|auto_generated|pll1|clk[2] ; u_pll|altpll_component|auto_generated|pll1|clk[2] ; 100.000      ; -0.084     ; 2.638      ;
; 97.280 ; counter2[9]  ; counter2[21] ; u_pll|altpll_component|auto_generated|pll1|clk[2] ; u_pll|altpll_component|auto_generated|pll1|clk[2] ; 100.000      ; -0.084     ; 2.637      ;
; 97.280 ; counter2[1]  ; counter2[13] ; u_pll|altpll_component|auto_generated|pll1|clk[2] ; u_pll|altpll_component|auto_generated|pll1|clk[2] ; 100.000      ; -0.084     ; 2.637      ;
; 97.281 ; counter2[11] ; counter2[23] ; u_pll|altpll_component|auto_generated|pll1|clk[2] ; u_pll|altpll_component|auto_generated|pll1|clk[2] ; 100.000      ; -0.084     ; 2.636      ;
; 97.336 ; counter2[2]  ; counter2[14] ; u_pll|altpll_component|auto_generated|pll1|clk[2] ; u_pll|altpll_component|auto_generated|pll1|clk[2] ; 100.000      ; -0.084     ; 2.581      ;
; 97.344 ; counter2[8]  ; counter2[20] ; u_pll|altpll_component|auto_generated|pll1|clk[2] ; u_pll|altpll_component|auto_generated|pll1|clk[2] ; 100.000      ; -0.084     ; 2.573      ;
; 97.344 ; counter2[6]  ; counter2[18] ; u_pll|altpll_component|auto_generated|pll1|clk[2] ; u_pll|altpll_component|auto_generated|pll1|clk[2] ; 100.000      ; -0.084     ; 2.573      ;
; 97.344 ; counter2[4]  ; counter2[16] ; u_pll|altpll_component|auto_generated|pll1|clk[2] ; u_pll|altpll_component|auto_generated|pll1|clk[2] ; 100.000      ; -0.084     ; 2.573      ;
; 97.345 ; counter2[10] ; counter2[22] ; u_pll|altpll_component|auto_generated|pll1|clk[2] ; u_pll|altpll_component|auto_generated|pll1|clk[2] ; 100.000      ; -0.084     ; 2.572      ;
; 97.345 ; counter2[0]  ; counter2[12] ; u_pll|altpll_component|auto_generated|pll1|clk[2] ; u_pll|altpll_component|auto_generated|pll1|clk[2] ; 100.000      ; -0.084     ; 2.572      ;
; 97.360 ; counter2[8]  ; counter2[19] ; u_pll|altpll_component|auto_generated|pll1|clk[2] ; u_pll|altpll_component|auto_generated|pll1|clk[2] ; 100.000      ; -0.084     ; 2.557      ;
; 97.360 ; counter2[6]  ; counter2[17] ; u_pll|altpll_component|auto_generated|pll1|clk[2] ; u_pll|altpll_component|auto_generated|pll1|clk[2] ; 100.000      ; -0.084     ; 2.557      ;
; 97.360 ; counter2[4]  ; counter2[15] ; u_pll|altpll_component|auto_generated|pll1|clk[2] ; u_pll|altpll_component|auto_generated|pll1|clk[2] ; 100.000      ; -0.084     ; 2.557      ;
; 97.361 ; counter2[10] ; counter2[21] ; u_pll|altpll_component|auto_generated|pll1|clk[2] ; u_pll|altpll_component|auto_generated|pll1|clk[2] ; 100.000      ; -0.084     ; 2.556      ;
; 97.363 ; counter2[2]  ; counter2[13] ; u_pll|altpll_component|auto_generated|pll1|clk[2] ; u_pll|altpll_component|auto_generated|pll1|clk[2] ; 100.000      ; -0.084     ; 2.554      ;
; 97.364 ; counter2[0]  ; counter2[11] ; u_pll|altpll_component|auto_generated|pll1|clk[2] ; u_pll|altpll_component|auto_generated|pll1|clk[2] ; 100.000      ; -0.081     ; 2.556      ;
; 97.364 ; counter2[12] ; counter2[23] ; u_pll|altpll_component|auto_generated|pll1|clk[2] ; u_pll|altpll_component|auto_generated|pll1|clk[2] ; 100.000      ; -0.081     ; 2.556      ;
; 97.392 ; counter2[5]  ; counter2[14] ; u_pll|altpll_component|auto_generated|pll1|clk[2] ; u_pll|altpll_component|auto_generated|pll1|clk[2] ; 100.000      ; -0.084     ; 2.525      ;
; 97.392 ; counter2[3]  ; counter2[12] ; u_pll|altpll_component|auto_generated|pll1|clk[2] ; u_pll|altpll_component|auto_generated|pll1|clk[2] ; 100.000      ; -0.084     ; 2.525      ;
; 97.395 ; counter2[7]  ; counter2[16] ; u_pll|altpll_component|auto_generated|pll1|clk[2] ; u_pll|altpll_component|auto_generated|pll1|clk[2] ; 100.000      ; -0.084     ; 2.522      ;
; 97.396 ; counter2[13] ; counter2[22] ; u_pll|altpll_component|auto_generated|pll1|clk[2] ; u_pll|altpll_component|auto_generated|pll1|clk[2] ; 100.000      ; -0.081     ; 2.524      ;
; 97.396 ; counter2[9]  ; counter2[18] ; u_pll|altpll_component|auto_generated|pll1|clk[2] ; u_pll|altpll_component|auto_generated|pll1|clk[2] ; 100.000      ; -0.084     ; 2.521      ;
; 97.397 ; counter2[11] ; counter2[20] ; u_pll|altpll_component|auto_generated|pll1|clk[2] ; u_pll|altpll_component|auto_generated|pll1|clk[2] ; 100.000      ; -0.084     ; 2.520      ;
; 97.399 ; counter2[1]  ; counter2[10] ; u_pll|altpll_component|auto_generated|pll1|clk[2] ; u_pll|altpll_component|auto_generated|pll1|clk[2] ; 100.000      ; -0.081     ; 2.521      ;
; 97.422 ; counter2[5]  ; counter2[15] ; u_pll|altpll_component|auto_generated|pll1|clk[2] ; u_pll|altpll_component|auto_generated|pll1|clk[2] ; 100.000      ; -0.084     ; 2.495      ;
; 97.422 ; counter2[3]  ; counter2[13] ; u_pll|altpll_component|auto_generated|pll1|clk[2] ; u_pll|altpll_component|auto_generated|pll1|clk[2] ; 100.000      ; -0.084     ; 2.495      ;
+--------+--------------+--------------+---------------------------------------------------+---------------------------------------------------+--------------+------------+------------+


+----------------------------------------------------------------------------------------------------------------------------------------------------------------------------------------+
; Slow 1200mV 85C Model Setup: 'u_pll|altpll_component|auto_generated|pll1|clk[3]'                                                                                                       ;
+---------+--------------+--------------+---------------------------------------------------+---------------------------------------------------+--------------+------------+------------+
; Slack   ; From Node    ; To Node      ; Launch Clock                                      ; Latch Clock                                       ; Relationship ; Clock Skew ; Data Delay ;
+---------+--------------+--------------+---------------------------------------------------+---------------------------------------------------+--------------+------------+------------+
; 196.523 ; counter3[1]  ; counter3[22] ; u_pll|altpll_component|auto_generated|pll1|clk[3] ; u_pll|altpll_component|auto_generated|pll1|clk[3] ; 200.000      ; -0.080     ; 3.398      ;
; 196.611 ; counter3[0]  ; counter3[22] ; u_pll|altpll_component|auto_generated|pll1|clk[3] ; u_pll|altpll_component|auto_generated|pll1|clk[3] ; 200.000      ; -0.080     ; 3.310      ;
; 196.638 ; counter3[0]  ; counter3[21] ; u_pll|altpll_component|auto_generated|pll1|clk[3] ; u_pll|altpll_component|auto_generated|pll1|clk[3] ; 200.000      ; -0.080     ; 3.283      ;
; 196.666 ; counter3[3]  ; counter3[22] ; u_pll|altpll_component|auto_generated|pll1|clk[3] ; u_pll|altpll_component|auto_generated|pll1|clk[3] ; 200.000      ; -0.080     ; 3.255      ;
; 196.669 ; counter3[1]  ; counter3[20] ; u_pll|altpll_component|auto_generated|pll1|clk[3] ; u_pll|altpll_component|auto_generated|pll1|clk[3] ; 200.000      ; -0.080     ; 3.252      ;
; 196.699 ; counter3[1]  ; counter3[21] ; u_pll|altpll_component|auto_generated|pll1|clk[3] ; u_pll|altpll_component|auto_generated|pll1|clk[3] ; 200.000      ; -0.080     ; 3.222      ;
; 196.757 ; counter3[0]  ; counter3[20] ; u_pll|altpll_component|auto_generated|pll1|clk[3] ; u_pll|altpll_component|auto_generated|pll1|clk[3] ; 200.000      ; -0.080     ; 3.164      ;
; 196.764 ; counter3[2]  ; counter3[22] ; u_pll|altpll_component|auto_generated|pll1|clk[3] ; u_pll|altpll_component|auto_generated|pll1|clk[3] ; 200.000      ; -0.080     ; 3.157      ;
; 196.780 ; counter3[2]  ; counter3[21] ; u_pll|altpll_component|auto_generated|pll1|clk[3] ; u_pll|altpll_component|auto_generated|pll1|clk[3] ; 200.000      ; -0.080     ; 3.141      ;
; 196.784 ; counter3[0]  ; counter3[19] ; u_pll|altpll_component|auto_generated|pll1|clk[3] ; u_pll|altpll_component|auto_generated|pll1|clk[3] ; 200.000      ; -0.080     ; 3.137      ;
; 196.812 ; counter3[5]  ; counter3[22] ; u_pll|altpll_component|auto_generated|pll1|clk[3] ; u_pll|altpll_component|auto_generated|pll1|clk[3] ; 200.000      ; -0.080     ; 3.109      ;
; 196.812 ; counter3[3]  ; counter3[20] ; u_pll|altpll_component|auto_generated|pll1|clk[3] ; u_pll|altpll_component|auto_generated|pll1|clk[3] ; 200.000      ; -0.080     ; 3.109      ;
; 196.815 ; counter3[1]  ; counter3[18] ; u_pll|altpll_component|auto_generated|pll1|clk[3] ; u_pll|altpll_component|auto_generated|pll1|clk[3] ; 200.000      ; -0.080     ; 3.106      ;
; 196.842 ; counter3[3]  ; counter3[21] ; u_pll|altpll_component|auto_generated|pll1|clk[3] ; u_pll|altpll_component|auto_generated|pll1|clk[3] ; 200.000      ; -0.080     ; 3.079      ;
; 196.845 ; counter3[1]  ; counter3[19] ; u_pll|altpll_component|auto_generated|pll1|clk[3] ; u_pll|altpll_component|auto_generated|pll1|clk[3] ; 200.000      ; -0.080     ; 3.076      ;
; 196.903 ; counter3[0]  ; counter3[18] ; u_pll|altpll_component|auto_generated|pll1|clk[3] ; u_pll|altpll_component|auto_generated|pll1|clk[3] ; 200.000      ; -0.080     ; 3.018      ;
; 196.910 ; counter3[4]  ; counter3[22] ; u_pll|altpll_component|auto_generated|pll1|clk[3] ; u_pll|altpll_component|auto_generated|pll1|clk[3] ; 200.000      ; -0.080     ; 3.011      ;
; 196.910 ; counter3[2]  ; counter3[20] ; u_pll|altpll_component|auto_generated|pll1|clk[3] ; u_pll|altpll_component|auto_generated|pll1|clk[3] ; 200.000      ; -0.080     ; 3.011      ;
; 196.926 ; counter3[4]  ; counter3[21] ; u_pll|altpll_component|auto_generated|pll1|clk[3] ; u_pll|altpll_component|auto_generated|pll1|clk[3] ; 200.000      ; -0.080     ; 2.995      ;
; 196.926 ; counter3[2]  ; counter3[19] ; u_pll|altpll_component|auto_generated|pll1|clk[3] ; u_pll|altpll_component|auto_generated|pll1|clk[3] ; 200.000      ; -0.080     ; 2.995      ;
; 196.930 ; counter3[0]  ; counter3[17] ; u_pll|altpll_component|auto_generated|pll1|clk[3] ; u_pll|altpll_component|auto_generated|pll1|clk[3] ; 200.000      ; -0.080     ; 2.991      ;
; 196.958 ; counter3[7]  ; counter3[22] ; u_pll|altpll_component|auto_generated|pll1|clk[3] ; u_pll|altpll_component|auto_generated|pll1|clk[3] ; 200.000      ; -0.080     ; 2.963      ;
; 196.958 ; counter3[5]  ; counter3[20] ; u_pll|altpll_component|auto_generated|pll1|clk[3] ; u_pll|altpll_component|auto_generated|pll1|clk[3] ; 200.000      ; -0.080     ; 2.963      ;
; 196.958 ; counter3[3]  ; counter3[18] ; u_pll|altpll_component|auto_generated|pll1|clk[3] ; u_pll|altpll_component|auto_generated|pll1|clk[3] ; 200.000      ; -0.080     ; 2.963      ;
; 196.961 ; counter3[1]  ; counter3[16] ; u_pll|altpll_component|auto_generated|pll1|clk[3] ; u_pll|altpll_component|auto_generated|pll1|clk[3] ; 200.000      ; -0.080     ; 2.960      ;
; 196.988 ; counter3[5]  ; counter3[21] ; u_pll|altpll_component|auto_generated|pll1|clk[3] ; u_pll|altpll_component|auto_generated|pll1|clk[3] ; 200.000      ; -0.080     ; 2.933      ;
; 196.988 ; counter3[3]  ; counter3[19] ; u_pll|altpll_component|auto_generated|pll1|clk[3] ; u_pll|altpll_component|auto_generated|pll1|clk[3] ; 200.000      ; -0.080     ; 2.933      ;
; 196.991 ; counter3[1]  ; counter3[17] ; u_pll|altpll_component|auto_generated|pll1|clk[3] ; u_pll|altpll_component|auto_generated|pll1|clk[3] ; 200.000      ; -0.080     ; 2.930      ;
; 197.048 ; counter3[6]  ; counter3[22] ; u_pll|altpll_component|auto_generated|pll1|clk[3] ; u_pll|altpll_component|auto_generated|pll1|clk[3] ; 200.000      ; -0.080     ; 2.873      ;
; 197.049 ; counter3[0]  ; counter3[16] ; u_pll|altpll_component|auto_generated|pll1|clk[3] ; u_pll|altpll_component|auto_generated|pll1|clk[3] ; 200.000      ; -0.080     ; 2.872      ;
; 197.056 ; counter3[4]  ; counter3[20] ; u_pll|altpll_component|auto_generated|pll1|clk[3] ; u_pll|altpll_component|auto_generated|pll1|clk[3] ; 200.000      ; -0.080     ; 2.865      ;
; 197.056 ; counter3[2]  ; counter3[18] ; u_pll|altpll_component|auto_generated|pll1|clk[3] ; u_pll|altpll_component|auto_generated|pll1|clk[3] ; 200.000      ; -0.080     ; 2.865      ;
; 197.072 ; counter3[4]  ; counter3[19] ; u_pll|altpll_component|auto_generated|pll1|clk[3] ; u_pll|altpll_component|auto_generated|pll1|clk[3] ; 200.000      ; -0.080     ; 2.849      ;
; 197.072 ; counter3[2]  ; counter3[17] ; u_pll|altpll_component|auto_generated|pll1|clk[3] ; u_pll|altpll_component|auto_generated|pll1|clk[3] ; 200.000      ; -0.080     ; 2.849      ;
; 197.075 ; counter3[6]  ; counter3[21] ; u_pll|altpll_component|auto_generated|pll1|clk[3] ; u_pll|altpll_component|auto_generated|pll1|clk[3] ; 200.000      ; -0.080     ; 2.846      ;
; 197.076 ; counter3[0]  ; counter3[15] ; u_pll|altpll_component|auto_generated|pll1|clk[3] ; u_pll|altpll_component|auto_generated|pll1|clk[3] ; 200.000      ; -0.080     ; 2.845      ;
; 197.104 ; counter3[7]  ; counter3[20] ; u_pll|altpll_component|auto_generated|pll1|clk[3] ; u_pll|altpll_component|auto_generated|pll1|clk[3] ; 200.000      ; -0.080     ; 2.817      ;
; 197.104 ; counter3[5]  ; counter3[18] ; u_pll|altpll_component|auto_generated|pll1|clk[3] ; u_pll|altpll_component|auto_generated|pll1|clk[3] ; 200.000      ; -0.080     ; 2.817      ;
; 197.104 ; counter3[3]  ; counter3[16] ; u_pll|altpll_component|auto_generated|pll1|clk[3] ; u_pll|altpll_component|auto_generated|pll1|clk[3] ; 200.000      ; -0.080     ; 2.817      ;
; 197.105 ; counter3[9]  ; counter3[22] ; u_pll|altpll_component|auto_generated|pll1|clk[3] ; u_pll|altpll_component|auto_generated|pll1|clk[3] ; 200.000      ; -0.080     ; 2.816      ;
; 197.107 ; counter3[1]  ; counter3[14] ; u_pll|altpll_component|auto_generated|pll1|clk[3] ; u_pll|altpll_component|auto_generated|pll1|clk[3] ; 200.000      ; -0.080     ; 2.814      ;
; 197.134 ; counter3[7]  ; counter3[21] ; u_pll|altpll_component|auto_generated|pll1|clk[3] ; u_pll|altpll_component|auto_generated|pll1|clk[3] ; 200.000      ; -0.080     ; 2.787      ;
; 197.134 ; counter3[5]  ; counter3[19] ; u_pll|altpll_component|auto_generated|pll1|clk[3] ; u_pll|altpll_component|auto_generated|pll1|clk[3] ; 200.000      ; -0.080     ; 2.787      ;
; 197.134 ; counter3[3]  ; counter3[17] ; u_pll|altpll_component|auto_generated|pll1|clk[3] ; u_pll|altpll_component|auto_generated|pll1|clk[3] ; 200.000      ; -0.080     ; 2.787      ;
; 197.137 ; counter3[1]  ; counter3[15] ; u_pll|altpll_component|auto_generated|pll1|clk[3] ; u_pll|altpll_component|auto_generated|pll1|clk[3] ; 200.000      ; -0.080     ; 2.784      ;
; 197.194 ; counter3[6]  ; counter3[20] ; u_pll|altpll_component|auto_generated|pll1|clk[3] ; u_pll|altpll_component|auto_generated|pll1|clk[3] ; 200.000      ; -0.080     ; 2.727      ;
; 197.195 ; counter3[8]  ; counter3[22] ; u_pll|altpll_component|auto_generated|pll1|clk[3] ; u_pll|altpll_component|auto_generated|pll1|clk[3] ; 200.000      ; -0.080     ; 2.726      ;
; 197.195 ; counter3[0]  ; counter3[14] ; u_pll|altpll_component|auto_generated|pll1|clk[3] ; u_pll|altpll_component|auto_generated|pll1|clk[3] ; 200.000      ; -0.080     ; 2.726      ;
; 197.202 ; counter3[4]  ; counter3[18] ; u_pll|altpll_component|auto_generated|pll1|clk[3] ; u_pll|altpll_component|auto_generated|pll1|clk[3] ; 200.000      ; -0.080     ; 2.719      ;
; 197.202 ; counter3[2]  ; counter3[16] ; u_pll|altpll_component|auto_generated|pll1|clk[3] ; u_pll|altpll_component|auto_generated|pll1|clk[3] ; 200.000      ; -0.080     ; 2.719      ;
; 197.218 ; counter3[4]  ; counter3[17] ; u_pll|altpll_component|auto_generated|pll1|clk[3] ; u_pll|altpll_component|auto_generated|pll1|clk[3] ; 200.000      ; -0.080     ; 2.703      ;
; 197.218 ; counter3[2]  ; counter3[15] ; u_pll|altpll_component|auto_generated|pll1|clk[3] ; u_pll|altpll_component|auto_generated|pll1|clk[3] ; 200.000      ; -0.080     ; 2.703      ;
; 197.221 ; counter3[6]  ; counter3[19] ; u_pll|altpll_component|auto_generated|pll1|clk[3] ; u_pll|altpll_component|auto_generated|pll1|clk[3] ; 200.000      ; -0.080     ; 2.700      ;
; 197.222 ; counter3[0]  ; counter3[13] ; u_pll|altpll_component|auto_generated|pll1|clk[3] ; u_pll|altpll_component|auto_generated|pll1|clk[3] ; 200.000      ; -0.080     ; 2.699      ;
; 197.222 ; counter3[8]  ; counter3[21] ; u_pll|altpll_component|auto_generated|pll1|clk[3] ; u_pll|altpll_component|auto_generated|pll1|clk[3] ; 200.000      ; -0.080     ; 2.699      ;
; 197.250 ; counter3[7]  ; counter3[18] ; u_pll|altpll_component|auto_generated|pll1|clk[3] ; u_pll|altpll_component|auto_generated|pll1|clk[3] ; 200.000      ; -0.080     ; 2.671      ;
; 197.250 ; counter3[5]  ; counter3[16] ; u_pll|altpll_component|auto_generated|pll1|clk[3] ; u_pll|altpll_component|auto_generated|pll1|clk[3] ; 200.000      ; -0.080     ; 2.671      ;
; 197.250 ; counter3[3]  ; counter3[14] ; u_pll|altpll_component|auto_generated|pll1|clk[3] ; u_pll|altpll_component|auto_generated|pll1|clk[3] ; 200.000      ; -0.080     ; 2.671      ;
; 197.251 ; counter3[11] ; counter3[22] ; u_pll|altpll_component|auto_generated|pll1|clk[3] ; u_pll|altpll_component|auto_generated|pll1|clk[3] ; 200.000      ; -0.080     ; 2.670      ;
; 197.251 ; counter3[9]  ; counter3[20] ; u_pll|altpll_component|auto_generated|pll1|clk[3] ; u_pll|altpll_component|auto_generated|pll1|clk[3] ; 200.000      ; -0.080     ; 2.670      ;
; 197.253 ; counter3[1]  ; counter3[12] ; u_pll|altpll_component|auto_generated|pll1|clk[3] ; u_pll|altpll_component|auto_generated|pll1|clk[3] ; 200.000      ; -0.080     ; 2.668      ;
; 197.280 ; counter3[7]  ; counter3[19] ; u_pll|altpll_component|auto_generated|pll1|clk[3] ; u_pll|altpll_component|auto_generated|pll1|clk[3] ; 200.000      ; -0.080     ; 2.641      ;
; 197.280 ; counter3[5]  ; counter3[17] ; u_pll|altpll_component|auto_generated|pll1|clk[3] ; u_pll|altpll_component|auto_generated|pll1|clk[3] ; 200.000      ; -0.080     ; 2.641      ;
; 197.280 ; counter3[3]  ; counter3[15] ; u_pll|altpll_component|auto_generated|pll1|clk[3] ; u_pll|altpll_component|auto_generated|pll1|clk[3] ; 200.000      ; -0.080     ; 2.641      ;
; 197.281 ; counter3[9]  ; counter3[21] ; u_pll|altpll_component|auto_generated|pll1|clk[3] ; u_pll|altpll_component|auto_generated|pll1|clk[3] ; 200.000      ; -0.080     ; 2.640      ;
; 197.283 ; counter3[1]  ; counter3[13] ; u_pll|altpll_component|auto_generated|pll1|clk[3] ; u_pll|altpll_component|auto_generated|pll1|clk[3] ; 200.000      ; -0.080     ; 2.638      ;
; 197.340 ; counter3[6]  ; counter3[18] ; u_pll|altpll_component|auto_generated|pll1|clk[3] ; u_pll|altpll_component|auto_generated|pll1|clk[3] ; 200.000      ; -0.080     ; 2.581      ;
; 197.341 ; counter3[8]  ; counter3[20] ; u_pll|altpll_component|auto_generated|pll1|clk[3] ; u_pll|altpll_component|auto_generated|pll1|clk[3] ; 200.000      ; -0.080     ; 2.580      ;
; 197.341 ; counter3[0]  ; counter3[12] ; u_pll|altpll_component|auto_generated|pll1|clk[3] ; u_pll|altpll_component|auto_generated|pll1|clk[3] ; 200.000      ; -0.080     ; 2.580      ;
; 197.342 ; counter3[10] ; counter3[22] ; u_pll|altpll_component|auto_generated|pll1|clk[3] ; u_pll|altpll_component|auto_generated|pll1|clk[3] ; 200.000      ; -0.080     ; 2.579      ;
; 197.348 ; counter3[4]  ; counter3[16] ; u_pll|altpll_component|auto_generated|pll1|clk[3] ; u_pll|altpll_component|auto_generated|pll1|clk[3] ; 200.000      ; -0.080     ; 2.573      ;
; 197.348 ; counter3[2]  ; counter3[14] ; u_pll|altpll_component|auto_generated|pll1|clk[3] ; u_pll|altpll_component|auto_generated|pll1|clk[3] ; 200.000      ; -0.080     ; 2.573      ;
; 197.364 ; counter3[4]  ; counter3[15] ; u_pll|altpll_component|auto_generated|pll1|clk[3] ; u_pll|altpll_component|auto_generated|pll1|clk[3] ; 200.000      ; -0.080     ; 2.557      ;
; 197.364 ; counter3[2]  ; counter3[13] ; u_pll|altpll_component|auto_generated|pll1|clk[3] ; u_pll|altpll_component|auto_generated|pll1|clk[3] ; 200.000      ; -0.080     ; 2.557      ;
; 197.367 ; counter3[6]  ; counter3[17] ; u_pll|altpll_component|auto_generated|pll1|clk[3] ; u_pll|altpll_component|auto_generated|pll1|clk[3] ; 200.000      ; -0.080     ; 2.554      ;
; 197.368 ; counter3[0]  ; counter3[11] ; u_pll|altpll_component|auto_generated|pll1|clk[3] ; u_pll|altpll_component|auto_generated|pll1|clk[3] ; 200.000      ; -0.080     ; 2.553      ;
; 197.368 ; counter3[10] ; counter3[21] ; u_pll|altpll_component|auto_generated|pll1|clk[3] ; u_pll|altpll_component|auto_generated|pll1|clk[3] ; 200.000      ; -0.080     ; 2.553      ;
; 197.368 ; counter3[8]  ; counter3[19] ; u_pll|altpll_component|auto_generated|pll1|clk[3] ; u_pll|altpll_component|auto_generated|pll1|clk[3] ; 200.000      ; -0.080     ; 2.553      ;
; 197.396 ; counter3[7]  ; counter3[16] ; u_pll|altpll_component|auto_generated|pll1|clk[3] ; u_pll|altpll_component|auto_generated|pll1|clk[3] ; 200.000      ; -0.080     ; 2.525      ;
; 197.396 ; counter3[5]  ; counter3[14] ; u_pll|altpll_component|auto_generated|pll1|clk[3] ; u_pll|altpll_component|auto_generated|pll1|clk[3] ; 200.000      ; -0.080     ; 2.525      ;
; 197.396 ; counter3[3]  ; counter3[12] ; u_pll|altpll_component|auto_generated|pll1|clk[3] ; u_pll|altpll_component|auto_generated|pll1|clk[3] ; 200.000      ; -0.080     ; 2.525      ;
; 197.397 ; counter3[13] ; counter3[22] ; u_pll|altpll_component|auto_generated|pll1|clk[3] ; u_pll|altpll_component|auto_generated|pll1|clk[3] ; 200.000      ; -0.080     ; 2.524      ;
; 197.397 ; counter3[11] ; counter3[20] ; u_pll|altpll_component|auto_generated|pll1|clk[3] ; u_pll|altpll_component|auto_generated|pll1|clk[3] ; 200.000      ; -0.080     ; 2.524      ;
; 197.397 ; counter3[9]  ; counter3[18] ; u_pll|altpll_component|auto_generated|pll1|clk[3] ; u_pll|altpll_component|auto_generated|pll1|clk[3] ; 200.000      ; -0.080     ; 2.524      ;
; 197.399 ; counter3[1]  ; counter3[10] ; u_pll|altpll_component|auto_generated|pll1|clk[3] ; u_pll|altpll_component|auto_generated|pll1|clk[3] ; 200.000      ; -0.080     ; 2.522      ;
; 197.426 ; counter3[7]  ; counter3[17] ; u_pll|altpll_component|auto_generated|pll1|clk[3] ; u_pll|altpll_component|auto_generated|pll1|clk[3] ; 200.000      ; -0.080     ; 2.495      ;
; 197.426 ; counter3[5]  ; counter3[15] ; u_pll|altpll_component|auto_generated|pll1|clk[3] ; u_pll|altpll_component|auto_generated|pll1|clk[3] ; 200.000      ; -0.080     ; 2.495      ;
; 197.426 ; counter3[3]  ; counter3[13] ; u_pll|altpll_component|auto_generated|pll1|clk[3] ; u_pll|altpll_component|auto_generated|pll1|clk[3] ; 200.000      ; -0.080     ; 2.495      ;
; 197.427 ; counter3[11] ; counter3[21] ; u_pll|altpll_component|auto_generated|pll1|clk[3] ; u_pll|altpll_component|auto_generated|pll1|clk[3] ; 200.000      ; -0.080     ; 2.494      ;
; 197.427 ; counter3[9]  ; counter3[19] ; u_pll|altpll_component|auto_generated|pll1|clk[3] ; u_pll|altpll_component|auto_generated|pll1|clk[3] ; 200.000      ; -0.080     ; 2.494      ;
; 197.429 ; counter3[1]  ; counter3[11] ; u_pll|altpll_component|auto_generated|pll1|clk[3] ; u_pll|altpll_component|auto_generated|pll1|clk[3] ; 200.000      ; -0.080     ; 2.492      ;
; 197.486 ; counter3[6]  ; counter3[16] ; u_pll|altpll_component|auto_generated|pll1|clk[3] ; u_pll|altpll_component|auto_generated|pll1|clk[3] ; 200.000      ; -0.080     ; 2.435      ;
; 197.487 ; counter3[8]  ; counter3[18] ; u_pll|altpll_component|auto_generated|pll1|clk[3] ; u_pll|altpll_component|auto_generated|pll1|clk[3] ; 200.000      ; -0.080     ; 2.434      ;
; 197.487 ; counter3[0]  ; counter3[10] ; u_pll|altpll_component|auto_generated|pll1|clk[3] ; u_pll|altpll_component|auto_generated|pll1|clk[3] ; 200.000      ; -0.080     ; 2.434      ;
; 197.488 ; counter3[10] ; counter3[20] ; u_pll|altpll_component|auto_generated|pll1|clk[3] ; u_pll|altpll_component|auto_generated|pll1|clk[3] ; 200.000      ; -0.080     ; 2.433      ;
; 197.494 ; counter3[4]  ; counter3[14] ; u_pll|altpll_component|auto_generated|pll1|clk[3] ; u_pll|altpll_component|auto_generated|pll1|clk[3] ; 200.000      ; -0.080     ; 2.427      ;
; 197.494 ; counter3[2]  ; counter3[12] ; u_pll|altpll_component|auto_generated|pll1|clk[3] ; u_pll|altpll_component|auto_generated|pll1|clk[3] ; 200.000      ; -0.080     ; 2.427      ;
; 197.495 ; counter3[12] ; counter3[22] ; u_pll|altpll_component|auto_generated|pll1|clk[3] ; u_pll|altpll_component|auto_generated|pll1|clk[3] ; 200.000      ; -0.080     ; 2.426      ;
; 197.510 ; counter3[4]  ; counter3[13] ; u_pll|altpll_component|auto_generated|pll1|clk[3] ; u_pll|altpll_component|auto_generated|pll1|clk[3] ; 200.000      ; -0.080     ; 2.411      ;
; 197.510 ; counter3[2]  ; counter3[11] ; u_pll|altpll_component|auto_generated|pll1|clk[3] ; u_pll|altpll_component|auto_generated|pll1|clk[3] ; 200.000      ; -0.080     ; 2.411      ;
+---------+--------------+--------------+---------------------------------------------------+---------------------------------------------------+--------------+------------+------------+


+--------------------------------------------------------------------------------------------------------------------------------------------------------------------------------------+
; Slow 1200mV 85C Model Hold: 'u_pll|altpll_component|auto_generated|pll1|clk[1]'                                                                                                      ;
+-------+--------------+--------------+---------------------------------------------------+---------------------------------------------------+--------------+------------+------------+
; Slack ; From Node    ; To Node      ; Launch Clock                                      ; Latch Clock                                       ; Relationship ; Clock Skew ; Data Delay ;
+-------+--------------+--------------+---------------------------------------------------+---------------------------------------------------+--------------+------------+------------+
; 0.509 ; counter1[24] ; counter1[24] ; u_pll|altpll_component|auto_generated|pll1|clk[1] ; u_pll|altpll_component|auto_generated|pll1|clk[1] ; 0.000        ; 0.081      ; 0.802      ;
; 0.735 ; counter1[11] ; counter1[11] ; u_pll|altpll_component|auto_generated|pll1|clk[1] ; u_pll|altpll_component|auto_generated|pll1|clk[1] ; 0.000        ; 0.081      ; 1.028      ;
; 0.736 ; counter1[15] ; counter1[15] ; u_pll|altpll_component|auto_generated|pll1|clk[1] ; u_pll|altpll_component|auto_generated|pll1|clk[1] ; 0.000        ; 0.081      ; 1.029      ;
; 0.736 ; counter1[9]  ; counter1[9]  ; u_pll|altpll_component|auto_generated|pll1|clk[1] ; u_pll|altpll_component|auto_generated|pll1|clk[1] ; 0.000        ; 0.081      ; 1.029      ;
; 0.736 ; counter1[7]  ; counter1[7]  ; u_pll|altpll_component|auto_generated|pll1|clk[1] ; u_pll|altpll_component|auto_generated|pll1|clk[1] ; 0.000        ; 0.081      ; 1.029      ;
; 0.736 ; counter1[1]  ; counter1[1]  ; u_pll|altpll_component|auto_generated|pll1|clk[1] ; u_pll|altpll_component|auto_generated|pll1|clk[1] ; 0.000        ; 0.081      ; 1.029      ;
; 0.737 ; counter1[17] ; counter1[17] ; u_pll|altpll_component|auto_generated|pll1|clk[1] ; u_pll|altpll_component|auto_generated|pll1|clk[1] ; 0.000        ; 0.081      ; 1.030      ;
; 0.737 ; counter1[13] ; counter1[13] ; u_pll|altpll_component|auto_generated|pll1|clk[1] ; u_pll|altpll_component|auto_generated|pll1|clk[1] ; 0.000        ; 0.081      ; 1.030      ;
; 0.738 ; counter1[23] ; counter1[23] ; u_pll|altpll_component|auto_generated|pll1|clk[1] ; u_pll|altpll_component|auto_generated|pll1|clk[1] ; 0.000        ; 0.081      ; 1.031      ;
; 0.738 ; counter1[5]  ; counter1[5]  ; u_pll|altpll_component|auto_generated|pll1|clk[1] ; u_pll|altpll_component|auto_generated|pll1|clk[1] ; 0.000        ; 0.081      ; 1.031      ;
; 0.738 ; counter1[3]  ; counter1[3]  ; u_pll|altpll_component|auto_generated|pll1|clk[1] ; u_pll|altpll_component|auto_generated|pll1|clk[1] ; 0.000        ; 0.081      ; 1.031      ;
; 0.738 ; counter1[2]  ; counter1[2]  ; u_pll|altpll_component|auto_generated|pll1|clk[1] ; u_pll|altpll_component|auto_generated|pll1|clk[1] ; 0.000        ; 0.081      ; 1.031      ;
; 0.739 ; counter1[21] ; counter1[21] ; u_pll|altpll_component|auto_generated|pll1|clk[1] ; u_pll|altpll_component|auto_generated|pll1|clk[1] ; 0.000        ; 0.081      ; 1.032      ;
; 0.739 ; counter1[19] ; counter1[19] ; u_pll|altpll_component|auto_generated|pll1|clk[1] ; u_pll|altpll_component|auto_generated|pll1|clk[1] ; 0.000        ; 0.081      ; 1.032      ;
; 0.739 ; counter1[18] ; counter1[18] ; u_pll|altpll_component|auto_generated|pll1|clk[1] ; u_pll|altpll_component|auto_generated|pll1|clk[1] ; 0.000        ; 0.081      ; 1.032      ;
; 0.739 ; counter1[14] ; counter1[14] ; u_pll|altpll_component|auto_generated|pll1|clk[1] ; u_pll|altpll_component|auto_generated|pll1|clk[1] ; 0.000        ; 0.081      ; 1.032      ;
; 0.739 ; counter1[12] ; counter1[12] ; u_pll|altpll_component|auto_generated|pll1|clk[1] ; u_pll|altpll_component|auto_generated|pll1|clk[1] ; 0.000        ; 0.081      ; 1.032      ;
; 0.739 ; counter1[10] ; counter1[10] ; u_pll|altpll_component|auto_generated|pll1|clk[1] ; u_pll|altpll_component|auto_generated|pll1|clk[1] ; 0.000        ; 0.081      ; 1.032      ;
; 0.739 ; counter1[8]  ; counter1[8]  ; u_pll|altpll_component|auto_generated|pll1|clk[1] ; u_pll|altpll_component|auto_generated|pll1|clk[1] ; 0.000        ; 0.081      ; 1.032      ;
; 0.740 ; counter1[16] ; counter1[16] ; u_pll|altpll_component|auto_generated|pll1|clk[1] ; u_pll|altpll_component|auto_generated|pll1|clk[1] ; 0.000        ; 0.081      ; 1.033      ;
; 0.740 ; counter1[6]  ; counter1[6]  ; u_pll|altpll_component|auto_generated|pll1|clk[1] ; u_pll|altpll_component|auto_generated|pll1|clk[1] ; 0.000        ; 0.081      ; 1.033      ;
; 0.740 ; counter1[4]  ; counter1[4]  ; u_pll|altpll_component|auto_generated|pll1|clk[1] ; u_pll|altpll_component|auto_generated|pll1|clk[1] ; 0.000        ; 0.081      ; 1.033      ;
; 0.741 ; counter1[22] ; counter1[22] ; u_pll|altpll_component|auto_generated|pll1|clk[1] ; u_pll|altpll_component|auto_generated|pll1|clk[1] ; 0.000        ; 0.081      ; 1.034      ;
; 0.741 ; counter1[20] ; counter1[20] ; u_pll|altpll_component|auto_generated|pll1|clk[1] ; u_pll|altpll_component|auto_generated|pll1|clk[1] ; 0.000        ; 0.081      ; 1.034      ;
; 0.762 ; counter1[0]  ; counter1[0]  ; u_pll|altpll_component|auto_generated|pll1|clk[1] ; u_pll|altpll_component|auto_generated|pll1|clk[1] ; 0.000        ; 0.081      ; 1.055      ;
; 1.091 ; counter1[1]  ; counter1[2]  ; u_pll|altpll_component|auto_generated|pll1|clk[1] ; u_pll|altpll_component|auto_generated|pll1|clk[1] ; 0.000        ; 0.081      ; 1.384      ;
; 1.091 ; counter1[13] ; counter1[14] ; u_pll|altpll_component|auto_generated|pll1|clk[1] ; u_pll|altpll_component|auto_generated|pll1|clk[1] ; 0.000        ; 0.081      ; 1.384      ;
; 1.091 ; counter1[9]  ; counter1[10] ; u_pll|altpll_component|auto_generated|pll1|clk[1] ; u_pll|altpll_component|auto_generated|pll1|clk[1] ; 0.000        ; 0.081      ; 1.384      ;
; 1.091 ; counter1[7]  ; counter1[8]  ; u_pll|altpll_component|auto_generated|pll1|clk[1] ; u_pll|altpll_component|auto_generated|pll1|clk[1] ; 0.000        ; 0.081      ; 1.384      ;
; 1.091 ; counter1[15] ; counter1[16] ; u_pll|altpll_component|auto_generated|pll1|clk[1] ; u_pll|altpll_component|auto_generated|pll1|clk[1] ; 0.000        ; 0.081      ; 1.384      ;
; 1.092 ; counter1[17] ; counter1[18] ; u_pll|altpll_component|auto_generated|pll1|clk[1] ; u_pll|altpll_component|auto_generated|pll1|clk[1] ; 0.000        ; 0.081      ; 1.385      ;
; 1.092 ; counter1[5]  ; counter1[6]  ; u_pll|altpll_component|auto_generated|pll1|clk[1] ; u_pll|altpll_component|auto_generated|pll1|clk[1] ; 0.000        ; 0.081      ; 1.385      ;
; 1.092 ; counter1[3]  ; counter1[4]  ; u_pll|altpll_component|auto_generated|pll1|clk[1] ; u_pll|altpll_component|auto_generated|pll1|clk[1] ; 0.000        ; 0.081      ; 1.385      ;
; 1.093 ; counter1[23] ; counter1[24] ; u_pll|altpll_component|auto_generated|pll1|clk[1] ; u_pll|altpll_component|auto_generated|pll1|clk[1] ; 0.000        ; 0.081      ; 1.386      ;
; 1.093 ; counter1[11] ; counter1[12] ; u_pll|altpll_component|auto_generated|pll1|clk[1] ; u_pll|altpll_component|auto_generated|pll1|clk[1] ; 0.000        ; 0.078      ; 1.383      ;
; 1.093 ; counter1[21] ; counter1[22] ; u_pll|altpll_component|auto_generated|pll1|clk[1] ; u_pll|altpll_component|auto_generated|pll1|clk[1] ; 0.000        ; 0.081      ; 1.386      ;
; 1.093 ; counter1[19] ; counter1[20] ; u_pll|altpll_component|auto_generated|pll1|clk[1] ; u_pll|altpll_component|auto_generated|pll1|clk[1] ; 0.000        ; 0.081      ; 1.386      ;
; 1.099 ; counter1[2]  ; counter1[3]  ; u_pll|altpll_component|auto_generated|pll1|clk[1] ; u_pll|altpll_component|auto_generated|pll1|clk[1] ; 0.000        ; 0.081      ; 1.392      ;
; 1.100 ; counter1[10] ; counter1[11] ; u_pll|altpll_component|auto_generated|pll1|clk[1] ; u_pll|altpll_component|auto_generated|pll1|clk[1] ; 0.000        ; 0.081      ; 1.393      ;
; 1.100 ; counter1[14] ; counter1[15] ; u_pll|altpll_component|auto_generated|pll1|clk[1] ; u_pll|altpll_component|auto_generated|pll1|clk[1] ; 0.000        ; 0.081      ; 1.393      ;
; 1.100 ; counter1[8]  ; counter1[9]  ; u_pll|altpll_component|auto_generated|pll1|clk[1] ; u_pll|altpll_component|auto_generated|pll1|clk[1] ; 0.000        ; 0.081      ; 1.393      ;
; 1.100 ; counter1[0]  ; counter1[1]  ; u_pll|altpll_component|auto_generated|pll1|clk[1] ; u_pll|altpll_component|auto_generated|pll1|clk[1] ; 0.000        ; 0.081      ; 1.393      ;
; 1.100 ; counter1[12] ; counter1[13] ; u_pll|altpll_component|auto_generated|pll1|clk[1] ; u_pll|altpll_component|auto_generated|pll1|clk[1] ; 0.000        ; 0.081      ; 1.393      ;
; 1.100 ; counter1[18] ; counter1[19] ; u_pll|altpll_component|auto_generated|pll1|clk[1] ; u_pll|altpll_component|auto_generated|pll1|clk[1] ; 0.000        ; 0.081      ; 1.393      ;
; 1.101 ; counter1[6]  ; counter1[7]  ; u_pll|altpll_component|auto_generated|pll1|clk[1] ; u_pll|altpll_component|auto_generated|pll1|clk[1] ; 0.000        ; 0.081      ; 1.394      ;
; 1.101 ; counter1[16] ; counter1[17] ; u_pll|altpll_component|auto_generated|pll1|clk[1] ; u_pll|altpll_component|auto_generated|pll1|clk[1] ; 0.000        ; 0.081      ; 1.394      ;
; 1.101 ; counter1[4]  ; counter1[5]  ; u_pll|altpll_component|auto_generated|pll1|clk[1] ; u_pll|altpll_component|auto_generated|pll1|clk[1] ; 0.000        ; 0.081      ; 1.394      ;
; 1.102 ; counter1[22] ; counter1[23] ; u_pll|altpll_component|auto_generated|pll1|clk[1] ; u_pll|altpll_component|auto_generated|pll1|clk[1] ; 0.000        ; 0.081      ; 1.395      ;
; 1.102 ; counter1[20] ; counter1[21] ; u_pll|altpll_component|auto_generated|pll1|clk[1] ; u_pll|altpll_component|auto_generated|pll1|clk[1] ; 0.000        ; 0.081      ; 1.395      ;
; 1.108 ; counter1[2]  ; counter1[4]  ; u_pll|altpll_component|auto_generated|pll1|clk[1] ; u_pll|altpll_component|auto_generated|pll1|clk[1] ; 0.000        ; 0.081      ; 1.401      ;
; 1.109 ; counter1[0]  ; counter1[2]  ; u_pll|altpll_component|auto_generated|pll1|clk[1] ; u_pll|altpll_component|auto_generated|pll1|clk[1] ; 0.000        ; 0.081      ; 1.402      ;
; 1.109 ; counter1[12] ; counter1[14] ; u_pll|altpll_component|auto_generated|pll1|clk[1] ; u_pll|altpll_component|auto_generated|pll1|clk[1] ; 0.000        ; 0.081      ; 1.402      ;
; 1.109 ; counter1[8]  ; counter1[10] ; u_pll|altpll_component|auto_generated|pll1|clk[1] ; u_pll|altpll_component|auto_generated|pll1|clk[1] ; 0.000        ; 0.081      ; 1.402      ;
; 1.109 ; counter1[14] ; counter1[16] ; u_pll|altpll_component|auto_generated|pll1|clk[1] ; u_pll|altpll_component|auto_generated|pll1|clk[1] ; 0.000        ; 0.081      ; 1.402      ;
; 1.109 ; counter1[18] ; counter1[20] ; u_pll|altpll_component|auto_generated|pll1|clk[1] ; u_pll|altpll_component|auto_generated|pll1|clk[1] ; 0.000        ; 0.081      ; 1.402      ;
; 1.110 ; counter1[6]  ; counter1[8]  ; u_pll|altpll_component|auto_generated|pll1|clk[1] ; u_pll|altpll_component|auto_generated|pll1|clk[1] ; 0.000        ; 0.081      ; 1.403      ;
; 1.110 ; counter1[16] ; counter1[18] ; u_pll|altpll_component|auto_generated|pll1|clk[1] ; u_pll|altpll_component|auto_generated|pll1|clk[1] ; 0.000        ; 0.081      ; 1.403      ;
; 1.110 ; counter1[4]  ; counter1[6]  ; u_pll|altpll_component|auto_generated|pll1|clk[1] ; u_pll|altpll_component|auto_generated|pll1|clk[1] ; 0.000        ; 0.081      ; 1.403      ;
; 1.111 ; counter1[22] ; counter1[24] ; u_pll|altpll_component|auto_generated|pll1|clk[1] ; u_pll|altpll_component|auto_generated|pll1|clk[1] ; 0.000        ; 0.081      ; 1.404      ;
; 1.111 ; counter1[20] ; counter1[22] ; u_pll|altpll_component|auto_generated|pll1|clk[1] ; u_pll|altpll_component|auto_generated|pll1|clk[1] ; 0.000        ; 0.081      ; 1.404      ;
; 1.112 ; counter1[10] ; counter1[12] ; u_pll|altpll_component|auto_generated|pll1|clk[1] ; u_pll|altpll_component|auto_generated|pll1|clk[1] ; 0.000        ; 0.078      ; 1.402      ;
; 1.221 ; counter1[9]  ; counter1[11] ; u_pll|altpll_component|auto_generated|pll1|clk[1] ; u_pll|altpll_component|auto_generated|pll1|clk[1] ; 0.000        ; 0.081      ; 1.514      ;
; 1.221 ; counter1[1]  ; counter1[3]  ; u_pll|altpll_component|auto_generated|pll1|clk[1] ; u_pll|altpll_component|auto_generated|pll1|clk[1] ; 0.000        ; 0.081      ; 1.514      ;
; 1.222 ; counter1[13] ; counter1[15] ; u_pll|altpll_component|auto_generated|pll1|clk[1] ; u_pll|altpll_component|auto_generated|pll1|clk[1] ; 0.000        ; 0.081      ; 1.515      ;
; 1.222 ; counter1[7]  ; counter1[9]  ; u_pll|altpll_component|auto_generated|pll1|clk[1] ; u_pll|altpll_component|auto_generated|pll1|clk[1] ; 0.000        ; 0.081      ; 1.515      ;
; 1.222 ; counter1[15] ; counter1[17] ; u_pll|altpll_component|auto_generated|pll1|clk[1] ; u_pll|altpll_component|auto_generated|pll1|clk[1] ; 0.000        ; 0.081      ; 1.515      ;
; 1.223 ; counter1[17] ; counter1[19] ; u_pll|altpll_component|auto_generated|pll1|clk[1] ; u_pll|altpll_component|auto_generated|pll1|clk[1] ; 0.000        ; 0.081      ; 1.516      ;
; 1.223 ; counter1[5]  ; counter1[7]  ; u_pll|altpll_component|auto_generated|pll1|clk[1] ; u_pll|altpll_component|auto_generated|pll1|clk[1] ; 0.000        ; 0.081      ; 1.516      ;
; 1.223 ; counter1[3]  ; counter1[5]  ; u_pll|altpll_component|auto_generated|pll1|clk[1] ; u_pll|altpll_component|auto_generated|pll1|clk[1] ; 0.000        ; 0.081      ; 1.516      ;
; 1.224 ; counter1[11] ; counter1[13] ; u_pll|altpll_component|auto_generated|pll1|clk[1] ; u_pll|altpll_component|auto_generated|pll1|clk[1] ; 0.000        ; 0.078      ; 1.514      ;
; 1.224 ; counter1[21] ; counter1[23] ; u_pll|altpll_component|auto_generated|pll1|clk[1] ; u_pll|altpll_component|auto_generated|pll1|clk[1] ; 0.000        ; 0.081      ; 1.517      ;
; 1.224 ; counter1[19] ; counter1[21] ; u_pll|altpll_component|auto_generated|pll1|clk[1] ; u_pll|altpll_component|auto_generated|pll1|clk[1] ; 0.000        ; 0.081      ; 1.517      ;
; 1.231 ; counter1[1]  ; counter1[4]  ; u_pll|altpll_component|auto_generated|pll1|clk[1] ; u_pll|altpll_component|auto_generated|pll1|clk[1] ; 0.000        ; 0.081      ; 1.524      ;
; 1.231 ; counter1[7]  ; counter1[10] ; u_pll|altpll_component|auto_generated|pll1|clk[1] ; u_pll|altpll_component|auto_generated|pll1|clk[1] ; 0.000        ; 0.081      ; 1.524      ;
; 1.231 ; counter1[13] ; counter1[16] ; u_pll|altpll_component|auto_generated|pll1|clk[1] ; u_pll|altpll_component|auto_generated|pll1|clk[1] ; 0.000        ; 0.081      ; 1.524      ;
; 1.231 ; counter1[15] ; counter1[18] ; u_pll|altpll_component|auto_generated|pll1|clk[1] ; u_pll|altpll_component|auto_generated|pll1|clk[1] ; 0.000        ; 0.081      ; 1.524      ;
; 1.232 ; counter1[17] ; counter1[20] ; u_pll|altpll_component|auto_generated|pll1|clk[1] ; u_pll|altpll_component|auto_generated|pll1|clk[1] ; 0.000        ; 0.081      ; 1.525      ;
; 1.232 ; counter1[5]  ; counter1[8]  ; u_pll|altpll_component|auto_generated|pll1|clk[1] ; u_pll|altpll_component|auto_generated|pll1|clk[1] ; 0.000        ; 0.081      ; 1.525      ;
; 1.232 ; counter1[3]  ; counter1[6]  ; u_pll|altpll_component|auto_generated|pll1|clk[1] ; u_pll|altpll_component|auto_generated|pll1|clk[1] ; 0.000        ; 0.081      ; 1.525      ;
; 1.233 ; counter1[11] ; counter1[14] ; u_pll|altpll_component|auto_generated|pll1|clk[1] ; u_pll|altpll_component|auto_generated|pll1|clk[1] ; 0.000        ; 0.078      ; 1.523      ;
; 1.233 ; counter1[21] ; counter1[24] ; u_pll|altpll_component|auto_generated|pll1|clk[1] ; u_pll|altpll_component|auto_generated|pll1|clk[1] ; 0.000        ; 0.081      ; 1.526      ;
; 1.233 ; counter1[19] ; counter1[22] ; u_pll|altpll_component|auto_generated|pll1|clk[1] ; u_pll|altpll_component|auto_generated|pll1|clk[1] ; 0.000        ; 0.081      ; 1.526      ;
; 1.234 ; counter1[9]  ; counter1[12] ; u_pll|altpll_component|auto_generated|pll1|clk[1] ; u_pll|altpll_component|auto_generated|pll1|clk[1] ; 0.000        ; 0.078      ; 1.524      ;
; 1.239 ; counter1[2]  ; counter1[5]  ; u_pll|altpll_component|auto_generated|pll1|clk[1] ; u_pll|altpll_component|auto_generated|pll1|clk[1] ; 0.000        ; 0.081      ; 1.532      ;
; 1.240 ; counter1[0]  ; counter1[3]  ; u_pll|altpll_component|auto_generated|pll1|clk[1] ; u_pll|altpll_component|auto_generated|pll1|clk[1] ; 0.000        ; 0.081      ; 1.533      ;
; 1.240 ; counter1[8]  ; counter1[11] ; u_pll|altpll_component|auto_generated|pll1|clk[1] ; u_pll|altpll_component|auto_generated|pll1|clk[1] ; 0.000        ; 0.081      ; 1.533      ;
; 1.240 ; counter1[12] ; counter1[15] ; u_pll|altpll_component|auto_generated|pll1|clk[1] ; u_pll|altpll_component|auto_generated|pll1|clk[1] ; 0.000        ; 0.081      ; 1.533      ;
; 1.240 ; counter1[14] ; counter1[17] ; u_pll|altpll_component|auto_generated|pll1|clk[1] ; u_pll|altpll_component|auto_generated|pll1|clk[1] ; 0.000        ; 0.081      ; 1.533      ;
; 1.240 ; counter1[18] ; counter1[21] ; u_pll|altpll_component|auto_generated|pll1|clk[1] ; u_pll|altpll_component|auto_generated|pll1|clk[1] ; 0.000        ; 0.081      ; 1.533      ;
; 1.241 ; counter1[6]  ; counter1[9]  ; u_pll|altpll_component|auto_generated|pll1|clk[1] ; u_pll|altpll_component|auto_generated|pll1|clk[1] ; 0.000        ; 0.081      ; 1.534      ;
; 1.241 ; counter1[16] ; counter1[19] ; u_pll|altpll_component|auto_generated|pll1|clk[1] ; u_pll|altpll_component|auto_generated|pll1|clk[1] ; 0.000        ; 0.081      ; 1.534      ;
; 1.241 ; counter1[4]  ; counter1[7]  ; u_pll|altpll_component|auto_generated|pll1|clk[1] ; u_pll|altpll_component|auto_generated|pll1|clk[1] ; 0.000        ; 0.081      ; 1.534      ;
; 1.242 ; counter1[20] ; counter1[23] ; u_pll|altpll_component|auto_generated|pll1|clk[1] ; u_pll|altpll_component|auto_generated|pll1|clk[1] ; 0.000        ; 0.081      ; 1.535      ;
; 1.243 ; counter1[10] ; counter1[13] ; u_pll|altpll_component|auto_generated|pll1|clk[1] ; u_pll|altpll_component|auto_generated|pll1|clk[1] ; 0.000        ; 0.078      ; 1.533      ;
; 1.248 ; counter1[2]  ; counter1[6]  ; u_pll|altpll_component|auto_generated|pll1|clk[1] ; u_pll|altpll_component|auto_generated|pll1|clk[1] ; 0.000        ; 0.081      ; 1.541      ;
; 1.249 ; counter1[0]  ; counter1[4]  ; u_pll|altpll_component|auto_generated|pll1|clk[1] ; u_pll|altpll_component|auto_generated|pll1|clk[1] ; 0.000        ; 0.081      ; 1.542      ;
; 1.249 ; counter1[12] ; counter1[16] ; u_pll|altpll_component|auto_generated|pll1|clk[1] ; u_pll|altpll_component|auto_generated|pll1|clk[1] ; 0.000        ; 0.081      ; 1.542      ;
; 1.249 ; counter1[14] ; counter1[18] ; u_pll|altpll_component|auto_generated|pll1|clk[1] ; u_pll|altpll_component|auto_generated|pll1|clk[1] ; 0.000        ; 0.081      ; 1.542      ;
; 1.249 ; counter1[18] ; counter1[22] ; u_pll|altpll_component|auto_generated|pll1|clk[1] ; u_pll|altpll_component|auto_generated|pll1|clk[1] ; 0.000        ; 0.081      ; 1.542      ;
; 1.250 ; counter1[6]  ; counter1[10] ; u_pll|altpll_component|auto_generated|pll1|clk[1] ; u_pll|altpll_component|auto_generated|pll1|clk[1] ; 0.000        ; 0.081      ; 1.543      ;
+-------+--------------+--------------+---------------------------------------------------+---------------------------------------------------+--------------+------------+------------+


+--------------------------------------------------------------------------------------------------------------------------------------------------------------------------------------+
; Slow 1200mV 85C Model Hold: 'u_pll|altpll_component|auto_generated|pll1|clk[0]'                                                                                                      ;
+-------+--------------+--------------+---------------------------------------------------+---------------------------------------------------+--------------+------------+------------+
; Slack ; From Node    ; To Node      ; Launch Clock                                      ; Latch Clock                                       ; Relationship ; Clock Skew ; Data Delay ;
+-------+--------------+--------------+---------------------------------------------------+---------------------------------------------------+--------------+------------+------------+
; 0.510 ; counter0[25] ; counter0[25] ; u_pll|altpll_component|auto_generated|pll1|clk[0] ; u_pll|altpll_component|auto_generated|pll1|clk[0] ; 0.000        ; 0.080      ; 0.802      ;
; 0.737 ; counter0[3]  ; counter0[3]  ; u_pll|altpll_component|auto_generated|pll1|clk[0] ; u_pll|altpll_component|auto_generated|pll1|clk[0] ; 0.000        ; 0.080      ; 1.029      ;
; 0.738 ; counter0[19] ; counter0[19] ; u_pll|altpll_component|auto_generated|pll1|clk[0] ; u_pll|altpll_component|auto_generated|pll1|clk[0] ; 0.000        ; 0.080      ; 1.030      ;
; 0.738 ; counter0[15] ; counter0[15] ; u_pll|altpll_component|auto_generated|pll1|clk[0] ; u_pll|altpll_component|auto_generated|pll1|clk[0] ; 0.000        ; 0.080      ; 1.030      ;
; 0.738 ; counter0[13] ; counter0[13] ; u_pll|altpll_component|auto_generated|pll1|clk[0] ; u_pll|altpll_component|auto_generated|pll1|clk[0] ; 0.000        ; 0.080      ; 1.030      ;
; 0.738 ; counter0[12] ; counter0[12] ; u_pll|altpll_component|auto_generated|pll1|clk[0] ; u_pll|altpll_component|auto_generated|pll1|clk[0] ; 0.000        ; 0.080      ; 1.030      ;
; 0.738 ; counter0[11] ; counter0[11] ; u_pll|altpll_component|auto_generated|pll1|clk[0] ; u_pll|altpll_component|auto_generated|pll1|clk[0] ; 0.000        ; 0.080      ; 1.030      ;
; 0.738 ; counter0[9]  ; counter0[9]  ; u_pll|altpll_component|auto_generated|pll1|clk[0] ; u_pll|altpll_component|auto_generated|pll1|clk[0] ; 0.000        ; 0.080      ; 1.030      ;
; 0.738 ; counter0[1]  ; counter0[1]  ; u_pll|altpll_component|auto_generated|pll1|clk[0] ; u_pll|altpll_component|auto_generated|pll1|clk[0] ; 0.000        ; 0.080      ; 1.030      ;
; 0.739 ; counter0[17] ; counter0[17] ; u_pll|altpll_component|auto_generated|pll1|clk[0] ; u_pll|altpll_component|auto_generated|pll1|clk[0] ; 0.000        ; 0.080      ; 1.031      ;
; 0.739 ; counter0[16] ; counter0[16] ; u_pll|altpll_component|auto_generated|pll1|clk[0] ; u_pll|altpll_component|auto_generated|pll1|clk[0] ; 0.000        ; 0.080      ; 1.031      ;
; 0.739 ; counter0[10] ; counter0[10] ; u_pll|altpll_component|auto_generated|pll1|clk[0] ; u_pll|altpll_component|auto_generated|pll1|clk[0] ; 0.000        ; 0.080      ; 1.031      ;
; 0.739 ; counter0[8]  ; counter0[8]  ; u_pll|altpll_component|auto_generated|pll1|clk[0] ; u_pll|altpll_component|auto_generated|pll1|clk[0] ; 0.000        ; 0.080      ; 1.031      ;
; 0.739 ; counter0[7]  ; counter0[7]  ; u_pll|altpll_component|auto_generated|pll1|clk[0] ; u_pll|altpll_component|auto_generated|pll1|clk[0] ; 0.000        ; 0.080      ; 1.031      ;
; 0.739 ; counter0[5]  ; counter0[5]  ; u_pll|altpll_component|auto_generated|pll1|clk[0] ; u_pll|altpll_component|auto_generated|pll1|clk[0] ; 0.000        ; 0.080      ; 1.031      ;
; 0.739 ; counter0[2]  ; counter0[2]  ; u_pll|altpll_component|auto_generated|pll1|clk[0] ; u_pll|altpll_component|auto_generated|pll1|clk[0] ; 0.000        ; 0.080      ; 1.031      ;
; 0.740 ; counter0[23] ; counter0[23] ; u_pll|altpll_component|auto_generated|pll1|clk[0] ; u_pll|altpll_component|auto_generated|pll1|clk[0] ; 0.000        ; 0.080      ; 1.032      ;
; 0.740 ; counter0[21] ; counter0[21] ; u_pll|altpll_component|auto_generated|pll1|clk[0] ; u_pll|altpll_component|auto_generated|pll1|clk[0] ; 0.000        ; 0.080      ; 1.032      ;
; 0.740 ; counter0[18] ; counter0[18] ; u_pll|altpll_component|auto_generated|pll1|clk[0] ; u_pll|altpll_component|auto_generated|pll1|clk[0] ; 0.000        ; 0.080      ; 1.032      ;
; 0.740 ; counter0[14] ; counter0[14] ; u_pll|altpll_component|auto_generated|pll1|clk[0] ; u_pll|altpll_component|auto_generated|pll1|clk[0] ; 0.000        ; 0.080      ; 1.032      ;
; 0.741 ; counter0[24] ; counter0[24] ; u_pll|altpll_component|auto_generated|pll1|clk[0] ; u_pll|altpll_component|auto_generated|pll1|clk[0] ; 0.000        ; 0.080      ; 1.033      ;
; 0.741 ; counter0[6]  ; counter0[6]  ; u_pll|altpll_component|auto_generated|pll1|clk[0] ; u_pll|altpll_component|auto_generated|pll1|clk[0] ; 0.000        ; 0.080      ; 1.033      ;
; 0.741 ; counter0[4]  ; counter0[4]  ; u_pll|altpll_component|auto_generated|pll1|clk[0] ; u_pll|altpll_component|auto_generated|pll1|clk[0] ; 0.000        ; 0.080      ; 1.033      ;
; 0.742 ; counter0[22] ; counter0[22] ; u_pll|altpll_component|auto_generated|pll1|clk[0] ; u_pll|altpll_component|auto_generated|pll1|clk[0] ; 0.000        ; 0.080      ; 1.034      ;
; 0.742 ; counter0[20] ; counter0[20] ; u_pll|altpll_component|auto_generated|pll1|clk[0] ; u_pll|altpll_component|auto_generated|pll1|clk[0] ; 0.000        ; 0.080      ; 1.034      ;
; 0.756 ; counter0[0]  ; counter0[0]  ; u_pll|altpll_component|auto_generated|pll1|clk[0] ; u_pll|altpll_component|auto_generated|pll1|clk[0] ; 0.000        ; 0.080      ; 1.048      ;
; 1.092 ; counter0[11] ; counter0[12] ; u_pll|altpll_component|auto_generated|pll1|clk[0] ; u_pll|altpll_component|auto_generated|pll1|clk[0] ; 0.000        ; 0.080      ; 1.384      ;
; 1.092 ; counter0[15] ; counter0[16] ; u_pll|altpll_component|auto_generated|pll1|clk[0] ; u_pll|altpll_component|auto_generated|pll1|clk[0] ; 0.000        ; 0.080      ; 1.384      ;
; 1.092 ; counter0[9]  ; counter0[10] ; u_pll|altpll_component|auto_generated|pll1|clk[0] ; u_pll|altpll_component|auto_generated|pll1|clk[0] ; 0.000        ; 0.080      ; 1.384      ;
; 1.092 ; counter0[1]  ; counter0[2]  ; u_pll|altpll_component|auto_generated|pll1|clk[0] ; u_pll|altpll_component|auto_generated|pll1|clk[0] ; 0.000        ; 0.080      ; 1.384      ;
; 1.092 ; counter0[13] ; counter0[14] ; u_pll|altpll_component|auto_generated|pll1|clk[0] ; u_pll|altpll_component|auto_generated|pll1|clk[0] ; 0.000        ; 0.080      ; 1.384      ;
; 1.092 ; counter0[3]  ; counter0[4]  ; u_pll|altpll_component|auto_generated|pll1|clk[0] ; u_pll|altpll_component|auto_generated|pll1|clk[0] ; 0.000        ; 0.080      ; 1.384      ;
; 1.093 ; counter0[7]  ; counter0[8]  ; u_pll|altpll_component|auto_generated|pll1|clk[0] ; u_pll|altpll_component|auto_generated|pll1|clk[0] ; 0.000        ; 0.080      ; 1.385      ;
; 1.093 ; counter0[17] ; counter0[18] ; u_pll|altpll_component|auto_generated|pll1|clk[0] ; u_pll|altpll_component|auto_generated|pll1|clk[0] ; 0.000        ; 0.080      ; 1.385      ;
; 1.093 ; counter0[5]  ; counter0[6]  ; u_pll|altpll_component|auto_generated|pll1|clk[0] ; u_pll|altpll_component|auto_generated|pll1|clk[0] ; 0.000        ; 0.080      ; 1.385      ;
; 1.093 ; counter0[19] ; counter0[20] ; u_pll|altpll_component|auto_generated|pll1|clk[0] ; u_pll|altpll_component|auto_generated|pll1|clk[0] ; 0.000        ; 0.080      ; 1.385      ;
; 1.094 ; counter0[23] ; counter0[24] ; u_pll|altpll_component|auto_generated|pll1|clk[0] ; u_pll|altpll_component|auto_generated|pll1|clk[0] ; 0.000        ; 0.080      ; 1.386      ;
; 1.094 ; counter0[21] ; counter0[22] ; u_pll|altpll_component|auto_generated|pll1|clk[0] ; u_pll|altpll_component|auto_generated|pll1|clk[0] ; 0.000        ; 0.080      ; 1.386      ;
; 1.099 ; counter0[12] ; counter0[13] ; u_pll|altpll_component|auto_generated|pll1|clk[0] ; u_pll|altpll_component|auto_generated|pll1|clk[0] ; 0.000        ; 0.080      ; 1.391      ;
; 1.100 ; counter0[2]  ; counter0[3]  ; u_pll|altpll_component|auto_generated|pll1|clk[0] ; u_pll|altpll_component|auto_generated|pll1|clk[0] ; 0.000        ; 0.080      ; 1.392      ;
; 1.100 ; counter0[10] ; counter0[11] ; u_pll|altpll_component|auto_generated|pll1|clk[0] ; u_pll|altpll_component|auto_generated|pll1|clk[0] ; 0.000        ; 0.080      ; 1.392      ;
; 1.100 ; counter0[8]  ; counter0[9]  ; u_pll|altpll_component|auto_generated|pll1|clk[0] ; u_pll|altpll_component|auto_generated|pll1|clk[0] ; 0.000        ; 0.080      ; 1.392      ;
; 1.100 ; counter0[0]  ; counter0[1]  ; u_pll|altpll_component|auto_generated|pll1|clk[0] ; u_pll|altpll_component|auto_generated|pll1|clk[0] ; 0.000        ; 0.080      ; 1.392      ;
; 1.100 ; counter0[16] ; counter0[17] ; u_pll|altpll_component|auto_generated|pll1|clk[0] ; u_pll|altpll_component|auto_generated|pll1|clk[0] ; 0.000        ; 0.080      ; 1.392      ;
; 1.101 ; counter0[18] ; counter0[19] ; u_pll|altpll_component|auto_generated|pll1|clk[0] ; u_pll|altpll_component|auto_generated|pll1|clk[0] ; 0.000        ; 0.080      ; 1.393      ;
; 1.101 ; counter0[14] ; counter0[15] ; u_pll|altpll_component|auto_generated|pll1|clk[0] ; u_pll|altpll_component|auto_generated|pll1|clk[0] ; 0.000        ; 0.080      ; 1.393      ;
; 1.102 ; counter0[24] ; counter0[25] ; u_pll|altpll_component|auto_generated|pll1|clk[0] ; u_pll|altpll_component|auto_generated|pll1|clk[0] ; 0.000        ; 0.080      ; 1.394      ;
; 1.102 ; counter0[6]  ; counter0[7]  ; u_pll|altpll_component|auto_generated|pll1|clk[0] ; u_pll|altpll_component|auto_generated|pll1|clk[0] ; 0.000        ; 0.080      ; 1.394      ;
; 1.102 ; counter0[4]  ; counter0[5]  ; u_pll|altpll_component|auto_generated|pll1|clk[0] ; u_pll|altpll_component|auto_generated|pll1|clk[0] ; 0.000        ; 0.080      ; 1.394      ;
; 1.103 ; counter0[22] ; counter0[23] ; u_pll|altpll_component|auto_generated|pll1|clk[0] ; u_pll|altpll_component|auto_generated|pll1|clk[0] ; 0.000        ; 0.080      ; 1.395      ;
; 1.103 ; counter0[20] ; counter0[21] ; u_pll|altpll_component|auto_generated|pll1|clk[0] ; u_pll|altpll_component|auto_generated|pll1|clk[0] ; 0.000        ; 0.080      ; 1.395      ;
; 1.108 ; counter0[12] ; counter0[14] ; u_pll|altpll_component|auto_generated|pll1|clk[0] ; u_pll|altpll_component|auto_generated|pll1|clk[0] ; 0.000        ; 0.080      ; 1.400      ;
; 1.109 ; counter0[10] ; counter0[12] ; u_pll|altpll_component|auto_generated|pll1|clk[0] ; u_pll|altpll_component|auto_generated|pll1|clk[0] ; 0.000        ; 0.080      ; 1.401      ;
; 1.109 ; counter0[8]  ; counter0[10] ; u_pll|altpll_component|auto_generated|pll1|clk[0] ; u_pll|altpll_component|auto_generated|pll1|clk[0] ; 0.000        ; 0.080      ; 1.401      ;
; 1.109 ; counter0[0]  ; counter0[2]  ; u_pll|altpll_component|auto_generated|pll1|clk[0] ; u_pll|altpll_component|auto_generated|pll1|clk[0] ; 0.000        ; 0.080      ; 1.401      ;
; 1.109 ; counter0[2]  ; counter0[4]  ; u_pll|altpll_component|auto_generated|pll1|clk[0] ; u_pll|altpll_component|auto_generated|pll1|clk[0] ; 0.000        ; 0.080      ; 1.401      ;
; 1.109 ; counter0[16] ; counter0[18] ; u_pll|altpll_component|auto_generated|pll1|clk[0] ; u_pll|altpll_component|auto_generated|pll1|clk[0] ; 0.000        ; 0.080      ; 1.401      ;
; 1.110 ; counter0[14] ; counter0[16] ; u_pll|altpll_component|auto_generated|pll1|clk[0] ; u_pll|altpll_component|auto_generated|pll1|clk[0] ; 0.000        ; 0.080      ; 1.402      ;
; 1.110 ; counter0[18] ; counter0[20] ; u_pll|altpll_component|auto_generated|pll1|clk[0] ; u_pll|altpll_component|auto_generated|pll1|clk[0] ; 0.000        ; 0.080      ; 1.402      ;
; 1.111 ; counter0[6]  ; counter0[8]  ; u_pll|altpll_component|auto_generated|pll1|clk[0] ; u_pll|altpll_component|auto_generated|pll1|clk[0] ; 0.000        ; 0.080      ; 1.403      ;
; 1.111 ; counter0[4]  ; counter0[6]  ; u_pll|altpll_component|auto_generated|pll1|clk[0] ; u_pll|altpll_component|auto_generated|pll1|clk[0] ; 0.000        ; 0.080      ; 1.403      ;
; 1.112 ; counter0[22] ; counter0[24] ; u_pll|altpll_component|auto_generated|pll1|clk[0] ; u_pll|altpll_component|auto_generated|pll1|clk[0] ; 0.000        ; 0.080      ; 1.404      ;
; 1.112 ; counter0[20] ; counter0[22] ; u_pll|altpll_component|auto_generated|pll1|clk[0] ; u_pll|altpll_component|auto_generated|pll1|clk[0] ; 0.000        ; 0.080      ; 1.404      ;
; 1.223 ; counter0[11] ; counter0[13] ; u_pll|altpll_component|auto_generated|pll1|clk[0] ; u_pll|altpll_component|auto_generated|pll1|clk[0] ; 0.000        ; 0.080      ; 1.515      ;
; 1.223 ; counter0[1]  ; counter0[3]  ; u_pll|altpll_component|auto_generated|pll1|clk[0] ; u_pll|altpll_component|auto_generated|pll1|clk[0] ; 0.000        ; 0.080      ; 1.515      ;
; 1.223 ; counter0[9]  ; counter0[11] ; u_pll|altpll_component|auto_generated|pll1|clk[0] ; u_pll|altpll_component|auto_generated|pll1|clk[0] ; 0.000        ; 0.080      ; 1.515      ;
; 1.223 ; counter0[15] ; counter0[17] ; u_pll|altpll_component|auto_generated|pll1|clk[0] ; u_pll|altpll_component|auto_generated|pll1|clk[0] ; 0.000        ; 0.080      ; 1.515      ;
; 1.223 ; counter0[13] ; counter0[15] ; u_pll|altpll_component|auto_generated|pll1|clk[0] ; u_pll|altpll_component|auto_generated|pll1|clk[0] ; 0.000        ; 0.080      ; 1.515      ;
; 1.223 ; counter0[3]  ; counter0[5]  ; u_pll|altpll_component|auto_generated|pll1|clk[0] ; u_pll|altpll_component|auto_generated|pll1|clk[0] ; 0.000        ; 0.080      ; 1.515      ;
; 1.224 ; counter0[7]  ; counter0[9]  ; u_pll|altpll_component|auto_generated|pll1|clk[0] ; u_pll|altpll_component|auto_generated|pll1|clk[0] ; 0.000        ; 0.080      ; 1.516      ;
; 1.224 ; counter0[17] ; counter0[19] ; u_pll|altpll_component|auto_generated|pll1|clk[0] ; u_pll|altpll_component|auto_generated|pll1|clk[0] ; 0.000        ; 0.080      ; 1.516      ;
; 1.224 ; counter0[5]  ; counter0[7]  ; u_pll|altpll_component|auto_generated|pll1|clk[0] ; u_pll|altpll_component|auto_generated|pll1|clk[0] ; 0.000        ; 0.080      ; 1.516      ;
; 1.224 ; counter0[19] ; counter0[21] ; u_pll|altpll_component|auto_generated|pll1|clk[0] ; u_pll|altpll_component|auto_generated|pll1|clk[0] ; 0.000        ; 0.080      ; 1.516      ;
; 1.225 ; counter0[23] ; counter0[25] ; u_pll|altpll_component|auto_generated|pll1|clk[0] ; u_pll|altpll_component|auto_generated|pll1|clk[0] ; 0.000        ; 0.080      ; 1.517      ;
; 1.225 ; counter0[21] ; counter0[23] ; u_pll|altpll_component|auto_generated|pll1|clk[0] ; u_pll|altpll_component|auto_generated|pll1|clk[0] ; 0.000        ; 0.080      ; 1.517      ;
; 1.232 ; counter0[11] ; counter0[14] ; u_pll|altpll_component|auto_generated|pll1|clk[0] ; u_pll|altpll_component|auto_generated|pll1|clk[0] ; 0.000        ; 0.080      ; 1.524      ;
; 1.232 ; counter0[9]  ; counter0[12] ; u_pll|altpll_component|auto_generated|pll1|clk[0] ; u_pll|altpll_component|auto_generated|pll1|clk[0] ; 0.000        ; 0.080      ; 1.524      ;
; 1.232 ; counter0[1]  ; counter0[4]  ; u_pll|altpll_component|auto_generated|pll1|clk[0] ; u_pll|altpll_component|auto_generated|pll1|clk[0] ; 0.000        ; 0.080      ; 1.524      ;
; 1.232 ; counter0[15] ; counter0[18] ; u_pll|altpll_component|auto_generated|pll1|clk[0] ; u_pll|altpll_component|auto_generated|pll1|clk[0] ; 0.000        ; 0.080      ; 1.524      ;
; 1.232 ; counter0[13] ; counter0[16] ; u_pll|altpll_component|auto_generated|pll1|clk[0] ; u_pll|altpll_component|auto_generated|pll1|clk[0] ; 0.000        ; 0.080      ; 1.524      ;
; 1.232 ; counter0[3]  ; counter0[6]  ; u_pll|altpll_component|auto_generated|pll1|clk[0] ; u_pll|altpll_component|auto_generated|pll1|clk[0] ; 0.000        ; 0.080      ; 1.524      ;
; 1.233 ; counter0[7]  ; counter0[10] ; u_pll|altpll_component|auto_generated|pll1|clk[0] ; u_pll|altpll_component|auto_generated|pll1|clk[0] ; 0.000        ; 0.080      ; 1.525      ;
; 1.233 ; counter0[17] ; counter0[20] ; u_pll|altpll_component|auto_generated|pll1|clk[0] ; u_pll|altpll_component|auto_generated|pll1|clk[0] ; 0.000        ; 0.080      ; 1.525      ;
; 1.233 ; counter0[5]  ; counter0[8]  ; u_pll|altpll_component|auto_generated|pll1|clk[0] ; u_pll|altpll_component|auto_generated|pll1|clk[0] ; 0.000        ; 0.080      ; 1.525      ;
; 1.233 ; counter0[19] ; counter0[22] ; u_pll|altpll_component|auto_generated|pll1|clk[0] ; u_pll|altpll_component|auto_generated|pll1|clk[0] ; 0.000        ; 0.080      ; 1.525      ;
; 1.234 ; counter0[21] ; counter0[24] ; u_pll|altpll_component|auto_generated|pll1|clk[0] ; u_pll|altpll_component|auto_generated|pll1|clk[0] ; 0.000        ; 0.080      ; 1.526      ;
; 1.239 ; counter0[12] ; counter0[15] ; u_pll|altpll_component|auto_generated|pll1|clk[0] ; u_pll|altpll_component|auto_generated|pll1|clk[0] ; 0.000        ; 0.080      ; 1.531      ;
; 1.240 ; counter0[10] ; counter0[13] ; u_pll|altpll_component|auto_generated|pll1|clk[0] ; u_pll|altpll_component|auto_generated|pll1|clk[0] ; 0.000        ; 0.080      ; 1.532      ;
; 1.240 ; counter0[0]  ; counter0[3]  ; u_pll|altpll_component|auto_generated|pll1|clk[0] ; u_pll|altpll_component|auto_generated|pll1|clk[0] ; 0.000        ; 0.080      ; 1.532      ;
; 1.240 ; counter0[8]  ; counter0[11] ; u_pll|altpll_component|auto_generated|pll1|clk[0] ; u_pll|altpll_component|auto_generated|pll1|clk[0] ; 0.000        ; 0.080      ; 1.532      ;
; 1.240 ; counter0[2]  ; counter0[5]  ; u_pll|altpll_component|auto_generated|pll1|clk[0] ; u_pll|altpll_component|auto_generated|pll1|clk[0] ; 0.000        ; 0.080      ; 1.532      ;
; 1.240 ; counter0[16] ; counter0[19] ; u_pll|altpll_component|auto_generated|pll1|clk[0] ; u_pll|altpll_component|auto_generated|pll1|clk[0] ; 0.000        ; 0.080      ; 1.532      ;
; 1.241 ; counter0[14] ; counter0[17] ; u_pll|altpll_component|auto_generated|pll1|clk[0] ; u_pll|altpll_component|auto_generated|pll1|clk[0] ; 0.000        ; 0.080      ; 1.533      ;
; 1.241 ; counter0[18] ; counter0[21] ; u_pll|altpll_component|auto_generated|pll1|clk[0] ; u_pll|altpll_component|auto_generated|pll1|clk[0] ; 0.000        ; 0.080      ; 1.533      ;
; 1.242 ; counter0[6]  ; counter0[9]  ; u_pll|altpll_component|auto_generated|pll1|clk[0] ; u_pll|altpll_component|auto_generated|pll1|clk[0] ; 0.000        ; 0.080      ; 1.534      ;
; 1.242 ; counter0[4]  ; counter0[7]  ; u_pll|altpll_component|auto_generated|pll1|clk[0] ; u_pll|altpll_component|auto_generated|pll1|clk[0] ; 0.000        ; 0.080      ; 1.534      ;
; 1.243 ; counter0[22] ; counter0[25] ; u_pll|altpll_component|auto_generated|pll1|clk[0] ; u_pll|altpll_component|auto_generated|pll1|clk[0] ; 0.000        ; 0.080      ; 1.535      ;
; 1.243 ; counter0[20] ; counter0[23] ; u_pll|altpll_component|auto_generated|pll1|clk[0] ; u_pll|altpll_component|auto_generated|pll1|clk[0] ; 0.000        ; 0.080      ; 1.535      ;
; 1.248 ; counter0[12] ; counter0[16] ; u_pll|altpll_component|auto_generated|pll1|clk[0] ; u_pll|altpll_component|auto_generated|pll1|clk[0] ; 0.000        ; 0.080      ; 1.540      ;
; 1.249 ; counter0[10] ; counter0[14] ; u_pll|altpll_component|auto_generated|pll1|clk[0] ; u_pll|altpll_component|auto_generated|pll1|clk[0] ; 0.000        ; 0.080      ; 1.541      ;
+-------+--------------+--------------+---------------------------------------------------+---------------------------------------------------+--------------+------------+------------+


+--------------------------------------------------------------------------------------------------------------------------------------------------------------------------------------+
; Slow 1200mV 85C Model Hold: 'u_pll|altpll_component|auto_generated|pll1|clk[2]'                                                                                                      ;
+-------+--------------+--------------+---------------------------------------------------+---------------------------------------------------+--------------+------------+------------+
; Slack ; From Node    ; To Node      ; Launch Clock                                      ; Latch Clock                                       ; Relationship ; Clock Skew ; Data Delay ;
+-------+--------------+--------------+---------------------------------------------------+---------------------------------------------------+--------------+------------+------------+
; 0.735 ; counter2[11] ; counter2[11] ; u_pll|altpll_component|auto_generated|pll1|clk[2] ; u_pll|altpll_component|auto_generated|pll1|clk[2] ; 0.000        ; 0.081      ; 1.028      ;
; 0.736 ; counter2[9]  ; counter2[9]  ; u_pll|altpll_component|auto_generated|pll1|clk[2] ; u_pll|altpll_component|auto_generated|pll1|clk[2] ; 0.000        ; 0.081      ; 1.029      ;
; 0.736 ; counter2[7]  ; counter2[7]  ; u_pll|altpll_component|auto_generated|pll1|clk[2] ; u_pll|altpll_component|auto_generated|pll1|clk[2] ; 0.000        ; 0.081      ; 1.029      ;
; 0.736 ; counter2[1]  ; counter2[1]  ; u_pll|altpll_component|auto_generated|pll1|clk[2] ; u_pll|altpll_component|auto_generated|pll1|clk[2] ; 0.000        ; 0.081      ; 1.029      ;
; 0.737 ; counter2[17] ; counter2[17] ; u_pll|altpll_component|auto_generated|pll1|clk[2] ; u_pll|altpll_component|auto_generated|pll1|clk[2] ; 0.000        ; 0.081      ; 1.030      ;
; 0.737 ; counter2[15] ; counter2[15] ; u_pll|altpll_component|auto_generated|pll1|clk[2] ; u_pll|altpll_component|auto_generated|pll1|clk[2] ; 0.000        ; 0.081      ; 1.030      ;
; 0.737 ; counter2[13] ; counter2[13] ; u_pll|altpll_component|auto_generated|pll1|clk[2] ; u_pll|altpll_component|auto_generated|pll1|clk[2] ; 0.000        ; 0.081      ; 1.030      ;
; 0.738 ; counter2[5]  ; counter2[5]  ; u_pll|altpll_component|auto_generated|pll1|clk[2] ; u_pll|altpll_component|auto_generated|pll1|clk[2] ; 0.000        ; 0.081      ; 1.031      ;
; 0.738 ; counter2[3]  ; counter2[3]  ; u_pll|altpll_component|auto_generated|pll1|clk[2] ; u_pll|altpll_component|auto_generated|pll1|clk[2] ; 0.000        ; 0.081      ; 1.031      ;
; 0.738 ; counter2[2]  ; counter2[2]  ; u_pll|altpll_component|auto_generated|pll1|clk[2] ; u_pll|altpll_component|auto_generated|pll1|clk[2] ; 0.000        ; 0.081      ; 1.031      ;
; 0.739 ; counter2[21] ; counter2[21] ; u_pll|altpll_component|auto_generated|pll1|clk[2] ; u_pll|altpll_component|auto_generated|pll1|clk[2] ; 0.000        ; 0.081      ; 1.032      ;
; 0.739 ; counter2[19] ; counter2[19] ; u_pll|altpll_component|auto_generated|pll1|clk[2] ; u_pll|altpll_component|auto_generated|pll1|clk[2] ; 0.000        ; 0.081      ; 1.032      ;
; 0.739 ; counter2[18] ; counter2[18] ; u_pll|altpll_component|auto_generated|pll1|clk[2] ; u_pll|altpll_component|auto_generated|pll1|clk[2] ; 0.000        ; 0.081      ; 1.032      ;
; 0.739 ; counter2[14] ; counter2[14] ; u_pll|altpll_component|auto_generated|pll1|clk[2] ; u_pll|altpll_component|auto_generated|pll1|clk[2] ; 0.000        ; 0.081      ; 1.032      ;
; 0.739 ; counter2[12] ; counter2[12] ; u_pll|altpll_component|auto_generated|pll1|clk[2] ; u_pll|altpll_component|auto_generated|pll1|clk[2] ; 0.000        ; 0.081      ; 1.032      ;
; 0.739 ; counter2[10] ; counter2[10] ; u_pll|altpll_component|auto_generated|pll1|clk[2] ; u_pll|altpll_component|auto_generated|pll1|clk[2] ; 0.000        ; 0.081      ; 1.032      ;
; 0.739 ; counter2[8]  ; counter2[8]  ; u_pll|altpll_component|auto_generated|pll1|clk[2] ; u_pll|altpll_component|auto_generated|pll1|clk[2] ; 0.000        ; 0.081      ; 1.032      ;
; 0.740 ; counter2[16] ; counter2[16] ; u_pll|altpll_component|auto_generated|pll1|clk[2] ; u_pll|altpll_component|auto_generated|pll1|clk[2] ; 0.000        ; 0.081      ; 1.033      ;
; 0.740 ; counter2[6]  ; counter2[6]  ; u_pll|altpll_component|auto_generated|pll1|clk[2] ; u_pll|altpll_component|auto_generated|pll1|clk[2] ; 0.000        ; 0.081      ; 1.033      ;
; 0.740 ; counter2[4]  ; counter2[4]  ; u_pll|altpll_component|auto_generated|pll1|clk[2] ; u_pll|altpll_component|auto_generated|pll1|clk[2] ; 0.000        ; 0.081      ; 1.033      ;
; 0.741 ; counter2[22] ; counter2[22] ; u_pll|altpll_component|auto_generated|pll1|clk[2] ; u_pll|altpll_component|auto_generated|pll1|clk[2] ; 0.000        ; 0.081      ; 1.034      ;
; 0.741 ; counter2[20] ; counter2[20] ; u_pll|altpll_component|auto_generated|pll1|clk[2] ; u_pll|altpll_component|auto_generated|pll1|clk[2] ; 0.000        ; 0.081      ; 1.034      ;
; 0.762 ; counter2[0]  ; counter2[0]  ; u_pll|altpll_component|auto_generated|pll1|clk[2] ; u_pll|altpll_component|auto_generated|pll1|clk[2] ; 0.000        ; 0.081      ; 1.055      ;
; 0.765 ; counter2[23] ; counter2[23] ; u_pll|altpll_component|auto_generated|pll1|clk[2] ; u_pll|altpll_component|auto_generated|pll1|clk[2] ; 0.000        ; 0.081      ; 1.058      ;
; 1.091 ; counter2[1]  ; counter2[2]  ; u_pll|altpll_component|auto_generated|pll1|clk[2] ; u_pll|altpll_component|auto_generated|pll1|clk[2] ; 0.000        ; 0.081      ; 1.384      ;
; 1.091 ; counter2[13] ; counter2[14] ; u_pll|altpll_component|auto_generated|pll1|clk[2] ; u_pll|altpll_component|auto_generated|pll1|clk[2] ; 0.000        ; 0.081      ; 1.384      ;
; 1.091 ; counter2[9]  ; counter2[10] ; u_pll|altpll_component|auto_generated|pll1|clk[2] ; u_pll|altpll_component|auto_generated|pll1|clk[2] ; 0.000        ; 0.081      ; 1.384      ;
; 1.091 ; counter2[7]  ; counter2[8]  ; u_pll|altpll_component|auto_generated|pll1|clk[2] ; u_pll|altpll_component|auto_generated|pll1|clk[2] ; 0.000        ; 0.081      ; 1.384      ;
; 1.092 ; counter2[17] ; counter2[18] ; u_pll|altpll_component|auto_generated|pll1|clk[2] ; u_pll|altpll_component|auto_generated|pll1|clk[2] ; 0.000        ; 0.081      ; 1.385      ;
; 1.092 ; counter2[15] ; counter2[16] ; u_pll|altpll_component|auto_generated|pll1|clk[2] ; u_pll|altpll_component|auto_generated|pll1|clk[2] ; 0.000        ; 0.081      ; 1.385      ;
; 1.092 ; counter2[5]  ; counter2[6]  ; u_pll|altpll_component|auto_generated|pll1|clk[2] ; u_pll|altpll_component|auto_generated|pll1|clk[2] ; 0.000        ; 0.081      ; 1.385      ;
; 1.092 ; counter2[3]  ; counter2[4]  ; u_pll|altpll_component|auto_generated|pll1|clk[2] ; u_pll|altpll_component|auto_generated|pll1|clk[2] ; 0.000        ; 0.081      ; 1.385      ;
; 1.093 ; counter2[11] ; counter2[12] ; u_pll|altpll_component|auto_generated|pll1|clk[2] ; u_pll|altpll_component|auto_generated|pll1|clk[2] ; 0.000        ; 0.078      ; 1.383      ;
; 1.093 ; counter2[21] ; counter2[22] ; u_pll|altpll_component|auto_generated|pll1|clk[2] ; u_pll|altpll_component|auto_generated|pll1|clk[2] ; 0.000        ; 0.081      ; 1.386      ;
; 1.093 ; counter2[19] ; counter2[20] ; u_pll|altpll_component|auto_generated|pll1|clk[2] ; u_pll|altpll_component|auto_generated|pll1|clk[2] ; 0.000        ; 0.081      ; 1.386      ;
; 1.099 ; counter2[2]  ; counter2[3]  ; u_pll|altpll_component|auto_generated|pll1|clk[2] ; u_pll|altpll_component|auto_generated|pll1|clk[2] ; 0.000        ; 0.081      ; 1.392      ;
; 1.100 ; counter2[10] ; counter2[11] ; u_pll|altpll_component|auto_generated|pll1|clk[2] ; u_pll|altpll_component|auto_generated|pll1|clk[2] ; 0.000        ; 0.081      ; 1.393      ;
; 1.100 ; counter2[8]  ; counter2[9]  ; u_pll|altpll_component|auto_generated|pll1|clk[2] ; u_pll|altpll_component|auto_generated|pll1|clk[2] ; 0.000        ; 0.081      ; 1.393      ;
; 1.100 ; counter2[0]  ; counter2[1]  ; u_pll|altpll_component|auto_generated|pll1|clk[2] ; u_pll|altpll_component|auto_generated|pll1|clk[2] ; 0.000        ; 0.081      ; 1.393      ;
; 1.100 ; counter2[14] ; counter2[15] ; u_pll|altpll_component|auto_generated|pll1|clk[2] ; u_pll|altpll_component|auto_generated|pll1|clk[2] ; 0.000        ; 0.081      ; 1.393      ;
; 1.100 ; counter2[12] ; counter2[13] ; u_pll|altpll_component|auto_generated|pll1|clk[2] ; u_pll|altpll_component|auto_generated|pll1|clk[2] ; 0.000        ; 0.081      ; 1.393      ;
; 1.100 ; counter2[18] ; counter2[19] ; u_pll|altpll_component|auto_generated|pll1|clk[2] ; u_pll|altpll_component|auto_generated|pll1|clk[2] ; 0.000        ; 0.081      ; 1.393      ;
; 1.101 ; counter2[6]  ; counter2[7]  ; u_pll|altpll_component|auto_generated|pll1|clk[2] ; u_pll|altpll_component|auto_generated|pll1|clk[2] ; 0.000        ; 0.081      ; 1.394      ;
; 1.101 ; counter2[16] ; counter2[17] ; u_pll|altpll_component|auto_generated|pll1|clk[2] ; u_pll|altpll_component|auto_generated|pll1|clk[2] ; 0.000        ; 0.081      ; 1.394      ;
; 1.101 ; counter2[4]  ; counter2[5]  ; u_pll|altpll_component|auto_generated|pll1|clk[2] ; u_pll|altpll_component|auto_generated|pll1|clk[2] ; 0.000        ; 0.081      ; 1.394      ;
; 1.102 ; counter2[20] ; counter2[21] ; u_pll|altpll_component|auto_generated|pll1|clk[2] ; u_pll|altpll_component|auto_generated|pll1|clk[2] ; 0.000        ; 0.081      ; 1.395      ;
; 1.102 ; counter2[22] ; counter2[23] ; u_pll|altpll_component|auto_generated|pll1|clk[2] ; u_pll|altpll_component|auto_generated|pll1|clk[2] ; 0.000        ; 0.081      ; 1.395      ;
; 1.108 ; counter2[2]  ; counter2[4]  ; u_pll|altpll_component|auto_generated|pll1|clk[2] ; u_pll|altpll_component|auto_generated|pll1|clk[2] ; 0.000        ; 0.081      ; 1.401      ;
; 1.109 ; counter2[0]  ; counter2[2]  ; u_pll|altpll_component|auto_generated|pll1|clk[2] ; u_pll|altpll_component|auto_generated|pll1|clk[2] ; 0.000        ; 0.081      ; 1.402      ;
; 1.109 ; counter2[12] ; counter2[14] ; u_pll|altpll_component|auto_generated|pll1|clk[2] ; u_pll|altpll_component|auto_generated|pll1|clk[2] ; 0.000        ; 0.081      ; 1.402      ;
; 1.109 ; counter2[8]  ; counter2[10] ; u_pll|altpll_component|auto_generated|pll1|clk[2] ; u_pll|altpll_component|auto_generated|pll1|clk[2] ; 0.000        ; 0.081      ; 1.402      ;
; 1.109 ; counter2[14] ; counter2[16] ; u_pll|altpll_component|auto_generated|pll1|clk[2] ; u_pll|altpll_component|auto_generated|pll1|clk[2] ; 0.000        ; 0.081      ; 1.402      ;
; 1.109 ; counter2[18] ; counter2[20] ; u_pll|altpll_component|auto_generated|pll1|clk[2] ; u_pll|altpll_component|auto_generated|pll1|clk[2] ; 0.000        ; 0.081      ; 1.402      ;
; 1.110 ; counter2[6]  ; counter2[8]  ; u_pll|altpll_component|auto_generated|pll1|clk[2] ; u_pll|altpll_component|auto_generated|pll1|clk[2] ; 0.000        ; 0.081      ; 1.403      ;
; 1.110 ; counter2[16] ; counter2[18] ; u_pll|altpll_component|auto_generated|pll1|clk[2] ; u_pll|altpll_component|auto_generated|pll1|clk[2] ; 0.000        ; 0.081      ; 1.403      ;
; 1.110 ; counter2[4]  ; counter2[6]  ; u_pll|altpll_component|auto_generated|pll1|clk[2] ; u_pll|altpll_component|auto_generated|pll1|clk[2] ; 0.000        ; 0.081      ; 1.403      ;
; 1.111 ; counter2[20] ; counter2[22] ; u_pll|altpll_component|auto_generated|pll1|clk[2] ; u_pll|altpll_component|auto_generated|pll1|clk[2] ; 0.000        ; 0.081      ; 1.404      ;
; 1.112 ; counter2[10] ; counter2[12] ; u_pll|altpll_component|auto_generated|pll1|clk[2] ; u_pll|altpll_component|auto_generated|pll1|clk[2] ; 0.000        ; 0.078      ; 1.402      ;
; 1.221 ; counter2[9]  ; counter2[11] ; u_pll|altpll_component|auto_generated|pll1|clk[2] ; u_pll|altpll_component|auto_generated|pll1|clk[2] ; 0.000        ; 0.081      ; 1.514      ;
; 1.222 ; counter2[1]  ; counter2[3]  ; u_pll|altpll_component|auto_generated|pll1|clk[2] ; u_pll|altpll_component|auto_generated|pll1|clk[2] ; 0.000        ; 0.081      ; 1.515      ;
; 1.222 ; counter2[7]  ; counter2[9]  ; u_pll|altpll_component|auto_generated|pll1|clk[2] ; u_pll|altpll_component|auto_generated|pll1|clk[2] ; 0.000        ; 0.081      ; 1.515      ;
; 1.222 ; counter2[13] ; counter2[15] ; u_pll|altpll_component|auto_generated|pll1|clk[2] ; u_pll|altpll_component|auto_generated|pll1|clk[2] ; 0.000        ; 0.081      ; 1.515      ;
; 1.222 ; counter2[15] ; counter2[17] ; u_pll|altpll_component|auto_generated|pll1|clk[2] ; u_pll|altpll_component|auto_generated|pll1|clk[2] ; 0.000        ; 0.081      ; 1.515      ;
; 1.223 ; counter2[17] ; counter2[19] ; u_pll|altpll_component|auto_generated|pll1|clk[2] ; u_pll|altpll_component|auto_generated|pll1|clk[2] ; 0.000        ; 0.081      ; 1.516      ;
; 1.223 ; counter2[5]  ; counter2[7]  ; u_pll|altpll_component|auto_generated|pll1|clk[2] ; u_pll|altpll_component|auto_generated|pll1|clk[2] ; 0.000        ; 0.081      ; 1.516      ;
; 1.223 ; counter2[3]  ; counter2[5]  ; u_pll|altpll_component|auto_generated|pll1|clk[2] ; u_pll|altpll_component|auto_generated|pll1|clk[2] ; 0.000        ; 0.081      ; 1.516      ;
; 1.224 ; counter2[11] ; counter2[13] ; u_pll|altpll_component|auto_generated|pll1|clk[2] ; u_pll|altpll_component|auto_generated|pll1|clk[2] ; 0.000        ; 0.078      ; 1.514      ;
; 1.224 ; counter2[19] ; counter2[21] ; u_pll|altpll_component|auto_generated|pll1|clk[2] ; u_pll|altpll_component|auto_generated|pll1|clk[2] ; 0.000        ; 0.081      ; 1.517      ;
; 1.224 ; counter2[21] ; counter2[23] ; u_pll|altpll_component|auto_generated|pll1|clk[2] ; u_pll|altpll_component|auto_generated|pll1|clk[2] ; 0.000        ; 0.081      ; 1.517      ;
; 1.231 ; counter2[1]  ; counter2[4]  ; u_pll|altpll_component|auto_generated|pll1|clk[2] ; u_pll|altpll_component|auto_generated|pll1|clk[2] ; 0.000        ; 0.081      ; 1.524      ;
; 1.231 ; counter2[7]  ; counter2[10] ; u_pll|altpll_component|auto_generated|pll1|clk[2] ; u_pll|altpll_component|auto_generated|pll1|clk[2] ; 0.000        ; 0.081      ; 1.524      ;
; 1.231 ; counter2[13] ; counter2[16] ; u_pll|altpll_component|auto_generated|pll1|clk[2] ; u_pll|altpll_component|auto_generated|pll1|clk[2] ; 0.000        ; 0.081      ; 1.524      ;
; 1.232 ; counter2[17] ; counter2[20] ; u_pll|altpll_component|auto_generated|pll1|clk[2] ; u_pll|altpll_component|auto_generated|pll1|clk[2] ; 0.000        ; 0.081      ; 1.525      ;
; 1.232 ; counter2[5]  ; counter2[8]  ; u_pll|altpll_component|auto_generated|pll1|clk[2] ; u_pll|altpll_component|auto_generated|pll1|clk[2] ; 0.000        ; 0.081      ; 1.525      ;
; 1.232 ; counter2[15] ; counter2[18] ; u_pll|altpll_component|auto_generated|pll1|clk[2] ; u_pll|altpll_component|auto_generated|pll1|clk[2] ; 0.000        ; 0.081      ; 1.525      ;
; 1.232 ; counter2[3]  ; counter2[6]  ; u_pll|altpll_component|auto_generated|pll1|clk[2] ; u_pll|altpll_component|auto_generated|pll1|clk[2] ; 0.000        ; 0.081      ; 1.525      ;
; 1.233 ; counter2[11] ; counter2[14] ; u_pll|altpll_component|auto_generated|pll1|clk[2] ; u_pll|altpll_component|auto_generated|pll1|clk[2] ; 0.000        ; 0.078      ; 1.523      ;
; 1.233 ; counter2[19] ; counter2[22] ; u_pll|altpll_component|auto_generated|pll1|clk[2] ; u_pll|altpll_component|auto_generated|pll1|clk[2] ; 0.000        ; 0.081      ; 1.526      ;
; 1.234 ; counter2[9]  ; counter2[12] ; u_pll|altpll_component|auto_generated|pll1|clk[2] ; u_pll|altpll_component|auto_generated|pll1|clk[2] ; 0.000        ; 0.078      ; 1.524      ;
; 1.239 ; counter2[2]  ; counter2[5]  ; u_pll|altpll_component|auto_generated|pll1|clk[2] ; u_pll|altpll_component|auto_generated|pll1|clk[2] ; 0.000        ; 0.081      ; 1.532      ;
; 1.240 ; counter2[0]  ; counter2[3]  ; u_pll|altpll_component|auto_generated|pll1|clk[2] ; u_pll|altpll_component|auto_generated|pll1|clk[2] ; 0.000        ; 0.081      ; 1.533      ;
; 1.240 ; counter2[8]  ; counter2[11] ; u_pll|altpll_component|auto_generated|pll1|clk[2] ; u_pll|altpll_component|auto_generated|pll1|clk[2] ; 0.000        ; 0.081      ; 1.533      ;
; 1.240 ; counter2[12] ; counter2[15] ; u_pll|altpll_component|auto_generated|pll1|clk[2] ; u_pll|altpll_component|auto_generated|pll1|clk[2] ; 0.000        ; 0.081      ; 1.533      ;
; 1.240 ; counter2[14] ; counter2[17] ; u_pll|altpll_component|auto_generated|pll1|clk[2] ; u_pll|altpll_component|auto_generated|pll1|clk[2] ; 0.000        ; 0.081      ; 1.533      ;
; 1.240 ; counter2[18] ; counter2[21] ; u_pll|altpll_component|auto_generated|pll1|clk[2] ; u_pll|altpll_component|auto_generated|pll1|clk[2] ; 0.000        ; 0.081      ; 1.533      ;
; 1.241 ; counter2[6]  ; counter2[9]  ; u_pll|altpll_component|auto_generated|pll1|clk[2] ; u_pll|altpll_component|auto_generated|pll1|clk[2] ; 0.000        ; 0.081      ; 1.534      ;
; 1.241 ; counter2[16] ; counter2[19] ; u_pll|altpll_component|auto_generated|pll1|clk[2] ; u_pll|altpll_component|auto_generated|pll1|clk[2] ; 0.000        ; 0.081      ; 1.534      ;
; 1.241 ; counter2[4]  ; counter2[7]  ; u_pll|altpll_component|auto_generated|pll1|clk[2] ; u_pll|altpll_component|auto_generated|pll1|clk[2] ; 0.000        ; 0.081      ; 1.534      ;
; 1.242 ; counter2[20] ; counter2[23] ; u_pll|altpll_component|auto_generated|pll1|clk[2] ; u_pll|altpll_component|auto_generated|pll1|clk[2] ; 0.000        ; 0.081      ; 1.535      ;
; 1.243 ; counter2[10] ; counter2[13] ; u_pll|altpll_component|auto_generated|pll1|clk[2] ; u_pll|altpll_component|auto_generated|pll1|clk[2] ; 0.000        ; 0.078      ; 1.533      ;
; 1.248 ; counter2[2]  ; counter2[6]  ; u_pll|altpll_component|auto_generated|pll1|clk[2] ; u_pll|altpll_component|auto_generated|pll1|clk[2] ; 0.000        ; 0.081      ; 1.541      ;
; 1.249 ; counter2[0]  ; counter2[4]  ; u_pll|altpll_component|auto_generated|pll1|clk[2] ; u_pll|altpll_component|auto_generated|pll1|clk[2] ; 0.000        ; 0.081      ; 1.542      ;
; 1.249 ; counter2[12] ; counter2[16] ; u_pll|altpll_component|auto_generated|pll1|clk[2] ; u_pll|altpll_component|auto_generated|pll1|clk[2] ; 0.000        ; 0.081      ; 1.542      ;
; 1.249 ; counter2[14] ; counter2[18] ; u_pll|altpll_component|auto_generated|pll1|clk[2] ; u_pll|altpll_component|auto_generated|pll1|clk[2] ; 0.000        ; 0.081      ; 1.542      ;
; 1.249 ; counter2[18] ; counter2[22] ; u_pll|altpll_component|auto_generated|pll1|clk[2] ; u_pll|altpll_component|auto_generated|pll1|clk[2] ; 0.000        ; 0.081      ; 1.542      ;
; 1.250 ; counter2[6]  ; counter2[10] ; u_pll|altpll_component|auto_generated|pll1|clk[2] ; u_pll|altpll_component|auto_generated|pll1|clk[2] ; 0.000        ; 0.081      ; 1.543      ;
; 1.250 ; counter2[16] ; counter2[20] ; u_pll|altpll_component|auto_generated|pll1|clk[2] ; u_pll|altpll_component|auto_generated|pll1|clk[2] ; 0.000        ; 0.081      ; 1.543      ;
; 1.250 ; counter2[4]  ; counter2[8]  ; u_pll|altpll_component|auto_generated|pll1|clk[2] ; u_pll|altpll_component|auto_generated|pll1|clk[2] ; 0.000        ; 0.081      ; 1.543      ;
; 1.252 ; counter2[10] ; counter2[14] ; u_pll|altpll_component|auto_generated|pll1|clk[2] ; u_pll|altpll_component|auto_generated|pll1|clk[2] ; 0.000        ; 0.078      ; 1.542      ;
; 1.252 ; counter2[8]  ; counter2[12] ; u_pll|altpll_component|auto_generated|pll1|clk[2] ; u_pll|altpll_component|auto_generated|pll1|clk[2] ; 0.000        ; 0.078      ; 1.542      ;
+-------+--------------+--------------+---------------------------------------------------+---------------------------------------------------+--------------+------------+------------+


+--------------------------------------------------------------------------------------------------------------------------------------------------------------------------------------+
; Slow 1200mV 85C Model Hold: 'u_pll|altpll_component|auto_generated|pll1|clk[3]'                                                                                                      ;
+-------+--------------+--------------+---------------------------------------------------+---------------------------------------------------+--------------+------------+------------+
; Slack ; From Node    ; To Node      ; Launch Clock                                      ; Latch Clock                                       ; Relationship ; Clock Skew ; Data Delay ;
+-------+--------------+--------------+---------------------------------------------------+---------------------------------------------------+--------------+------------+------------+
; 0.737 ; counter3[1]  ; counter3[1]  ; u_pll|altpll_component|auto_generated|pll1|clk[3] ; u_pll|altpll_component|auto_generated|pll1|clk[3] ; 0.000        ; 0.080      ; 1.029      ;
; 0.738 ; counter3[17] ; counter3[17] ; u_pll|altpll_component|auto_generated|pll1|clk[3] ; u_pll|altpll_component|auto_generated|pll1|clk[3] ; 0.000        ; 0.080      ; 1.030      ;
; 0.738 ; counter3[13] ; counter3[13] ; u_pll|altpll_component|auto_generated|pll1|clk[3] ; u_pll|altpll_component|auto_generated|pll1|clk[3] ; 0.000        ; 0.080      ; 1.030      ;
; 0.738 ; counter3[11] ; counter3[11] ; u_pll|altpll_component|auto_generated|pll1|clk[3] ; u_pll|altpll_component|auto_generated|pll1|clk[3] ; 0.000        ; 0.080      ; 1.030      ;
; 0.738 ; counter3[10] ; counter3[10] ; u_pll|altpll_component|auto_generated|pll1|clk[3] ; u_pll|altpll_component|auto_generated|pll1|clk[3] ; 0.000        ; 0.080      ; 1.030      ;
; 0.738 ; counter3[9]  ; counter3[9]  ; u_pll|altpll_component|auto_generated|pll1|clk[3] ; u_pll|altpll_component|auto_generated|pll1|clk[3] ; 0.000        ; 0.080      ; 1.030      ;
; 0.738 ; counter3[7]  ; counter3[7]  ; u_pll|altpll_component|auto_generated|pll1|clk[3] ; u_pll|altpll_component|auto_generated|pll1|clk[3] ; 0.000        ; 0.080      ; 1.030      ;
; 0.739 ; counter3[15] ; counter3[15] ; u_pll|altpll_component|auto_generated|pll1|clk[3] ; u_pll|altpll_component|auto_generated|pll1|clk[3] ; 0.000        ; 0.080      ; 1.031      ;
; 0.739 ; counter3[8]  ; counter3[8]  ; u_pll|altpll_component|auto_generated|pll1|clk[3] ; u_pll|altpll_component|auto_generated|pll1|clk[3] ; 0.000        ; 0.080      ; 1.031      ;
; 0.739 ; counter3[6]  ; counter3[6]  ; u_pll|altpll_component|auto_generated|pll1|clk[3] ; u_pll|altpll_component|auto_generated|pll1|clk[3] ; 0.000        ; 0.080      ; 1.031      ;
; 0.739 ; counter3[5]  ; counter3[5]  ; u_pll|altpll_component|auto_generated|pll1|clk[3] ; u_pll|altpll_component|auto_generated|pll1|clk[3] ; 0.000        ; 0.080      ; 1.031      ;
; 0.739 ; counter3[3]  ; counter3[3]  ; u_pll|altpll_component|auto_generated|pll1|clk[3] ; u_pll|altpll_component|auto_generated|pll1|clk[3] ; 0.000        ; 0.080      ; 1.031      ;
; 0.740 ; counter3[21] ; counter3[21] ; u_pll|altpll_component|auto_generated|pll1|clk[3] ; u_pll|altpll_component|auto_generated|pll1|clk[3] ; 0.000        ; 0.080      ; 1.032      ;
; 0.740 ; counter3[19] ; counter3[19] ; u_pll|altpll_component|auto_generated|pll1|clk[3] ; u_pll|altpll_component|auto_generated|pll1|clk[3] ; 0.000        ; 0.080      ; 1.032      ;
; 0.740 ; counter3[16] ; counter3[16] ; u_pll|altpll_component|auto_generated|pll1|clk[3] ; u_pll|altpll_component|auto_generated|pll1|clk[3] ; 0.000        ; 0.080      ; 1.032      ;
; 0.740 ; counter3[14] ; counter3[14] ; u_pll|altpll_component|auto_generated|pll1|clk[3] ; u_pll|altpll_component|auto_generated|pll1|clk[3] ; 0.000        ; 0.080      ; 1.032      ;
; 0.740 ; counter3[12] ; counter3[12] ; u_pll|altpll_component|auto_generated|pll1|clk[3] ; u_pll|altpll_component|auto_generated|pll1|clk[3] ; 0.000        ; 0.080      ; 1.032      ;
; 0.741 ; counter3[4]  ; counter3[4]  ; u_pll|altpll_component|auto_generated|pll1|clk[3] ; u_pll|altpll_component|auto_generated|pll1|clk[3] ; 0.000        ; 0.080      ; 1.033      ;
; 0.741 ; counter3[2]  ; counter3[2]  ; u_pll|altpll_component|auto_generated|pll1|clk[3] ; u_pll|altpll_component|auto_generated|pll1|clk[3] ; 0.000        ; 0.080      ; 1.033      ;
; 0.742 ; counter3[20] ; counter3[20] ; u_pll|altpll_component|auto_generated|pll1|clk[3] ; u_pll|altpll_component|auto_generated|pll1|clk[3] ; 0.000        ; 0.080      ; 1.034      ;
; 0.742 ; counter3[18] ; counter3[18] ; u_pll|altpll_component|auto_generated|pll1|clk[3] ; u_pll|altpll_component|auto_generated|pll1|clk[3] ; 0.000        ; 0.080      ; 1.034      ;
; 0.756 ; counter3[0]  ; counter3[0]  ; u_pll|altpll_component|auto_generated|pll1|clk[3] ; u_pll|altpll_component|auto_generated|pll1|clk[3] ; 0.000        ; 0.080      ; 1.048      ;
; 0.768 ; counter3[22] ; counter3[22] ; u_pll|altpll_component|auto_generated|pll1|clk[3] ; u_pll|altpll_component|auto_generated|pll1|clk[3] ; 0.000        ; 0.080      ; 1.060      ;
; 1.092 ; counter3[9]  ; counter3[10] ; u_pll|altpll_component|auto_generated|pll1|clk[3] ; u_pll|altpll_component|auto_generated|pll1|clk[3] ; 0.000        ; 0.080      ; 1.384      ;
; 1.092 ; counter3[7]  ; counter3[8]  ; u_pll|altpll_component|auto_generated|pll1|clk[3] ; u_pll|altpll_component|auto_generated|pll1|clk[3] ; 0.000        ; 0.080      ; 1.384      ;
; 1.092 ; counter3[13] ; counter3[14] ; u_pll|altpll_component|auto_generated|pll1|clk[3] ; u_pll|altpll_component|auto_generated|pll1|clk[3] ; 0.000        ; 0.080      ; 1.384      ;
; 1.092 ; counter3[11] ; counter3[12] ; u_pll|altpll_component|auto_generated|pll1|clk[3] ; u_pll|altpll_component|auto_generated|pll1|clk[3] ; 0.000        ; 0.080      ; 1.384      ;
; 1.092 ; counter3[1]  ; counter3[2]  ; u_pll|altpll_component|auto_generated|pll1|clk[3] ; u_pll|altpll_component|auto_generated|pll1|clk[3] ; 0.000        ; 0.080      ; 1.384      ;
; 1.093 ; counter3[5]  ; counter3[6]  ; u_pll|altpll_component|auto_generated|pll1|clk[3] ; u_pll|altpll_component|auto_generated|pll1|clk[3] ; 0.000        ; 0.080      ; 1.385      ;
; 1.093 ; counter3[15] ; counter3[16] ; u_pll|altpll_component|auto_generated|pll1|clk[3] ; u_pll|altpll_component|auto_generated|pll1|clk[3] ; 0.000        ; 0.080      ; 1.385      ;
; 1.093 ; counter3[3]  ; counter3[4]  ; u_pll|altpll_component|auto_generated|pll1|clk[3] ; u_pll|altpll_component|auto_generated|pll1|clk[3] ; 0.000        ; 0.080      ; 1.385      ;
; 1.093 ; counter3[17] ; counter3[18] ; u_pll|altpll_component|auto_generated|pll1|clk[3] ; u_pll|altpll_component|auto_generated|pll1|clk[3] ; 0.000        ; 0.080      ; 1.385      ;
; 1.094 ; counter3[19] ; counter3[20] ; u_pll|altpll_component|auto_generated|pll1|clk[3] ; u_pll|altpll_component|auto_generated|pll1|clk[3] ; 0.000        ; 0.080      ; 1.386      ;
; 1.094 ; counter3[21] ; counter3[22] ; u_pll|altpll_component|auto_generated|pll1|clk[3] ; u_pll|altpll_component|auto_generated|pll1|clk[3] ; 0.000        ; 0.080      ; 1.386      ;
; 1.099 ; counter3[10] ; counter3[11] ; u_pll|altpll_component|auto_generated|pll1|clk[3] ; u_pll|altpll_component|auto_generated|pll1|clk[3] ; 0.000        ; 0.080      ; 1.391      ;
; 1.100 ; counter3[0]  ; counter3[1]  ; u_pll|altpll_component|auto_generated|pll1|clk[3] ; u_pll|altpll_component|auto_generated|pll1|clk[3] ; 0.000        ; 0.080      ; 1.392      ;
; 1.100 ; counter3[8]  ; counter3[9]  ; u_pll|altpll_component|auto_generated|pll1|clk[3] ; u_pll|altpll_component|auto_generated|pll1|clk[3] ; 0.000        ; 0.080      ; 1.392      ;
; 1.100 ; counter3[6]  ; counter3[7]  ; u_pll|altpll_component|auto_generated|pll1|clk[3] ; u_pll|altpll_component|auto_generated|pll1|clk[3] ; 0.000        ; 0.080      ; 1.392      ;
; 1.101 ; counter3[16] ; counter3[17] ; u_pll|altpll_component|auto_generated|pll1|clk[3] ; u_pll|altpll_component|auto_generated|pll1|clk[3] ; 0.000        ; 0.080      ; 1.393      ;
; 1.101 ; counter3[12] ; counter3[13] ; u_pll|altpll_component|auto_generated|pll1|clk[3] ; u_pll|altpll_component|auto_generated|pll1|clk[3] ; 0.000        ; 0.080      ; 1.393      ;
; 1.101 ; counter3[14] ; counter3[15] ; u_pll|altpll_component|auto_generated|pll1|clk[3] ; u_pll|altpll_component|auto_generated|pll1|clk[3] ; 0.000        ; 0.080      ; 1.393      ;
; 1.102 ; counter3[4]  ; counter3[5]  ; u_pll|altpll_component|auto_generated|pll1|clk[3] ; u_pll|altpll_component|auto_generated|pll1|clk[3] ; 0.000        ; 0.080      ; 1.394      ;
; 1.102 ; counter3[2]  ; counter3[3]  ; u_pll|altpll_component|auto_generated|pll1|clk[3] ; u_pll|altpll_component|auto_generated|pll1|clk[3] ; 0.000        ; 0.080      ; 1.394      ;
; 1.103 ; counter3[20] ; counter3[21] ; u_pll|altpll_component|auto_generated|pll1|clk[3] ; u_pll|altpll_component|auto_generated|pll1|clk[3] ; 0.000        ; 0.080      ; 1.395      ;
; 1.103 ; counter3[18] ; counter3[19] ; u_pll|altpll_component|auto_generated|pll1|clk[3] ; u_pll|altpll_component|auto_generated|pll1|clk[3] ; 0.000        ; 0.080      ; 1.395      ;
; 1.108 ; counter3[10] ; counter3[12] ; u_pll|altpll_component|auto_generated|pll1|clk[3] ; u_pll|altpll_component|auto_generated|pll1|clk[3] ; 0.000        ; 0.080      ; 1.400      ;
; 1.109 ; counter3[8]  ; counter3[10] ; u_pll|altpll_component|auto_generated|pll1|clk[3] ; u_pll|altpll_component|auto_generated|pll1|clk[3] ; 0.000        ; 0.080      ; 1.401      ;
; 1.109 ; counter3[6]  ; counter3[8]  ; u_pll|altpll_component|auto_generated|pll1|clk[3] ; u_pll|altpll_component|auto_generated|pll1|clk[3] ; 0.000        ; 0.080      ; 1.401      ;
; 1.109 ; counter3[0]  ; counter3[2]  ; u_pll|altpll_component|auto_generated|pll1|clk[3] ; u_pll|altpll_component|auto_generated|pll1|clk[3] ; 0.000        ; 0.080      ; 1.401      ;
; 1.110 ; counter3[12] ; counter3[14] ; u_pll|altpll_component|auto_generated|pll1|clk[3] ; u_pll|altpll_component|auto_generated|pll1|clk[3] ; 0.000        ; 0.080      ; 1.402      ;
; 1.110 ; counter3[14] ; counter3[16] ; u_pll|altpll_component|auto_generated|pll1|clk[3] ; u_pll|altpll_component|auto_generated|pll1|clk[3] ; 0.000        ; 0.080      ; 1.402      ;
; 1.110 ; counter3[16] ; counter3[18] ; u_pll|altpll_component|auto_generated|pll1|clk[3] ; u_pll|altpll_component|auto_generated|pll1|clk[3] ; 0.000        ; 0.080      ; 1.402      ;
; 1.111 ; counter3[4]  ; counter3[6]  ; u_pll|altpll_component|auto_generated|pll1|clk[3] ; u_pll|altpll_component|auto_generated|pll1|clk[3] ; 0.000        ; 0.080      ; 1.403      ;
; 1.111 ; counter3[2]  ; counter3[4]  ; u_pll|altpll_component|auto_generated|pll1|clk[3] ; u_pll|altpll_component|auto_generated|pll1|clk[3] ; 0.000        ; 0.080      ; 1.403      ;
; 1.112 ; counter3[18] ; counter3[20] ; u_pll|altpll_component|auto_generated|pll1|clk[3] ; u_pll|altpll_component|auto_generated|pll1|clk[3] ; 0.000        ; 0.080      ; 1.404      ;
; 1.112 ; counter3[20] ; counter3[22] ; u_pll|altpll_component|auto_generated|pll1|clk[3] ; u_pll|altpll_component|auto_generated|pll1|clk[3] ; 0.000        ; 0.080      ; 1.404      ;
; 1.223 ; counter3[9]  ; counter3[11] ; u_pll|altpll_component|auto_generated|pll1|clk[3] ; u_pll|altpll_component|auto_generated|pll1|clk[3] ; 0.000        ; 0.080      ; 1.515      ;
; 1.223 ; counter3[7]  ; counter3[9]  ; u_pll|altpll_component|auto_generated|pll1|clk[3] ; u_pll|altpll_component|auto_generated|pll1|clk[3] ; 0.000        ; 0.080      ; 1.515      ;
; 1.223 ; counter3[11] ; counter3[13] ; u_pll|altpll_component|auto_generated|pll1|clk[3] ; u_pll|altpll_component|auto_generated|pll1|clk[3] ; 0.000        ; 0.080      ; 1.515      ;
; 1.223 ; counter3[13] ; counter3[15] ; u_pll|altpll_component|auto_generated|pll1|clk[3] ; u_pll|altpll_component|auto_generated|pll1|clk[3] ; 0.000        ; 0.080      ; 1.515      ;
; 1.223 ; counter3[1]  ; counter3[3]  ; u_pll|altpll_component|auto_generated|pll1|clk[3] ; u_pll|altpll_component|auto_generated|pll1|clk[3] ; 0.000        ; 0.080      ; 1.515      ;
; 1.224 ; counter3[5]  ; counter3[7]  ; u_pll|altpll_component|auto_generated|pll1|clk[3] ; u_pll|altpll_component|auto_generated|pll1|clk[3] ; 0.000        ; 0.080      ; 1.516      ;
; 1.224 ; counter3[15] ; counter3[17] ; u_pll|altpll_component|auto_generated|pll1|clk[3] ; u_pll|altpll_component|auto_generated|pll1|clk[3] ; 0.000        ; 0.080      ; 1.516      ;
; 1.224 ; counter3[3]  ; counter3[5]  ; u_pll|altpll_component|auto_generated|pll1|clk[3] ; u_pll|altpll_component|auto_generated|pll1|clk[3] ; 0.000        ; 0.080      ; 1.516      ;
; 1.224 ; counter3[17] ; counter3[19] ; u_pll|altpll_component|auto_generated|pll1|clk[3] ; u_pll|altpll_component|auto_generated|pll1|clk[3] ; 0.000        ; 0.080      ; 1.516      ;
; 1.225 ; counter3[19] ; counter3[21] ; u_pll|altpll_component|auto_generated|pll1|clk[3] ; u_pll|altpll_component|auto_generated|pll1|clk[3] ; 0.000        ; 0.080      ; 1.517      ;
; 1.232 ; counter3[9]  ; counter3[12] ; u_pll|altpll_component|auto_generated|pll1|clk[3] ; u_pll|altpll_component|auto_generated|pll1|clk[3] ; 0.000        ; 0.080      ; 1.524      ;
; 1.232 ; counter3[7]  ; counter3[10] ; u_pll|altpll_component|auto_generated|pll1|clk[3] ; u_pll|altpll_component|auto_generated|pll1|clk[3] ; 0.000        ; 0.080      ; 1.524      ;
; 1.232 ; counter3[11] ; counter3[14] ; u_pll|altpll_component|auto_generated|pll1|clk[3] ; u_pll|altpll_component|auto_generated|pll1|clk[3] ; 0.000        ; 0.080      ; 1.524      ;
; 1.232 ; counter3[13] ; counter3[16] ; u_pll|altpll_component|auto_generated|pll1|clk[3] ; u_pll|altpll_component|auto_generated|pll1|clk[3] ; 0.000        ; 0.080      ; 1.524      ;
; 1.232 ; counter3[1]  ; counter3[4]  ; u_pll|altpll_component|auto_generated|pll1|clk[3] ; u_pll|altpll_component|auto_generated|pll1|clk[3] ; 0.000        ; 0.080      ; 1.524      ;
; 1.233 ; counter3[5]  ; counter3[8]  ; u_pll|altpll_component|auto_generated|pll1|clk[3] ; u_pll|altpll_component|auto_generated|pll1|clk[3] ; 0.000        ; 0.080      ; 1.525      ;
; 1.233 ; counter3[15] ; counter3[18] ; u_pll|altpll_component|auto_generated|pll1|clk[3] ; u_pll|altpll_component|auto_generated|pll1|clk[3] ; 0.000        ; 0.080      ; 1.525      ;
; 1.233 ; counter3[3]  ; counter3[6]  ; u_pll|altpll_component|auto_generated|pll1|clk[3] ; u_pll|altpll_component|auto_generated|pll1|clk[3] ; 0.000        ; 0.080      ; 1.525      ;
; 1.233 ; counter3[17] ; counter3[20] ; u_pll|altpll_component|auto_generated|pll1|clk[3] ; u_pll|altpll_component|auto_generated|pll1|clk[3] ; 0.000        ; 0.080      ; 1.525      ;
; 1.234 ; counter3[19] ; counter3[22] ; u_pll|altpll_component|auto_generated|pll1|clk[3] ; u_pll|altpll_component|auto_generated|pll1|clk[3] ; 0.000        ; 0.080      ; 1.526      ;
; 1.239 ; counter3[10] ; counter3[13] ; u_pll|altpll_component|auto_generated|pll1|clk[3] ; u_pll|altpll_component|auto_generated|pll1|clk[3] ; 0.000        ; 0.080      ; 1.531      ;
; 1.240 ; counter3[8]  ; counter3[11] ; u_pll|altpll_component|auto_generated|pll1|clk[3] ; u_pll|altpll_component|auto_generated|pll1|clk[3] ; 0.000        ; 0.080      ; 1.532      ;
; 1.240 ; counter3[6]  ; counter3[9]  ; u_pll|altpll_component|auto_generated|pll1|clk[3] ; u_pll|altpll_component|auto_generated|pll1|clk[3] ; 0.000        ; 0.080      ; 1.532      ;
; 1.240 ; counter3[0]  ; counter3[3]  ; u_pll|altpll_component|auto_generated|pll1|clk[3] ; u_pll|altpll_component|auto_generated|pll1|clk[3] ; 0.000        ; 0.080      ; 1.532      ;
; 1.241 ; counter3[12] ; counter3[15] ; u_pll|altpll_component|auto_generated|pll1|clk[3] ; u_pll|altpll_component|auto_generated|pll1|clk[3] ; 0.000        ; 0.080      ; 1.533      ;
; 1.241 ; counter3[14] ; counter3[17] ; u_pll|altpll_component|auto_generated|pll1|clk[3] ; u_pll|altpll_component|auto_generated|pll1|clk[3] ; 0.000        ; 0.080      ; 1.533      ;
; 1.241 ; counter3[16] ; counter3[19] ; u_pll|altpll_component|auto_generated|pll1|clk[3] ; u_pll|altpll_component|auto_generated|pll1|clk[3] ; 0.000        ; 0.080      ; 1.533      ;
; 1.242 ; counter3[4]  ; counter3[7]  ; u_pll|altpll_component|auto_generated|pll1|clk[3] ; u_pll|altpll_component|auto_generated|pll1|clk[3] ; 0.000        ; 0.080      ; 1.534      ;
; 1.242 ; counter3[2]  ; counter3[5]  ; u_pll|altpll_component|auto_generated|pll1|clk[3] ; u_pll|altpll_component|auto_generated|pll1|clk[3] ; 0.000        ; 0.080      ; 1.534      ;
; 1.243 ; counter3[18] ; counter3[21] ; u_pll|altpll_component|auto_generated|pll1|clk[3] ; u_pll|altpll_component|auto_generated|pll1|clk[3] ; 0.000        ; 0.080      ; 1.535      ;
; 1.248 ; counter3[10] ; counter3[14] ; u_pll|altpll_component|auto_generated|pll1|clk[3] ; u_pll|altpll_component|auto_generated|pll1|clk[3] ; 0.000        ; 0.080      ; 1.540      ;
; 1.249 ; counter3[8]  ; counter3[12] ; u_pll|altpll_component|auto_generated|pll1|clk[3] ; u_pll|altpll_component|auto_generated|pll1|clk[3] ; 0.000        ; 0.080      ; 1.541      ;
; 1.249 ; counter3[6]  ; counter3[10] ; u_pll|altpll_component|auto_generated|pll1|clk[3] ; u_pll|altpll_component|auto_generated|pll1|clk[3] ; 0.000        ; 0.080      ; 1.541      ;
; 1.249 ; counter3[0]  ; counter3[4]  ; u_pll|altpll_component|auto_generated|pll1|clk[3] ; u_pll|altpll_component|auto_generated|pll1|clk[3] ; 0.000        ; 0.080      ; 1.541      ;
; 1.250 ; counter3[12] ; counter3[16] ; u_pll|altpll_component|auto_generated|pll1|clk[3] ; u_pll|altpll_component|auto_generated|pll1|clk[3] ; 0.000        ; 0.080      ; 1.542      ;
; 1.250 ; counter3[14] ; counter3[18] ; u_pll|altpll_component|auto_generated|pll1|clk[3] ; u_pll|altpll_component|auto_generated|pll1|clk[3] ; 0.000        ; 0.080      ; 1.542      ;
; 1.250 ; counter3[16] ; counter3[20] ; u_pll|altpll_component|auto_generated|pll1|clk[3] ; u_pll|altpll_component|auto_generated|pll1|clk[3] ; 0.000        ; 0.080      ; 1.542      ;
; 1.251 ; counter3[4]  ; counter3[8]  ; u_pll|altpll_component|auto_generated|pll1|clk[3] ; u_pll|altpll_component|auto_generated|pll1|clk[3] ; 0.000        ; 0.080      ; 1.543      ;
; 1.251 ; counter3[2]  ; counter3[6]  ; u_pll|altpll_component|auto_generated|pll1|clk[3] ; u_pll|altpll_component|auto_generated|pll1|clk[3] ; 0.000        ; 0.080      ; 1.543      ;
; 1.252 ; counter3[18] ; counter3[22] ; u_pll|altpll_component|auto_generated|pll1|clk[3] ; u_pll|altpll_component|auto_generated|pll1|clk[3] ; 0.000        ; 0.080      ; 1.544      ;
; 1.363 ; counter3[9]  ; counter3[13] ; u_pll|altpll_component|auto_generated|pll1|clk[3] ; u_pll|altpll_component|auto_generated|pll1|clk[3] ; 0.000        ; 0.080      ; 1.655      ;
; 1.363 ; counter3[7]  ; counter3[11] ; u_pll|altpll_component|auto_generated|pll1|clk[3] ; u_pll|altpll_component|auto_generated|pll1|clk[3] ; 0.000        ; 0.080      ; 1.655      ;
; 1.363 ; counter3[11] ; counter3[15] ; u_pll|altpll_component|auto_generated|pll1|clk[3] ; u_pll|altpll_component|auto_generated|pll1|clk[3] ; 0.000        ; 0.080      ; 1.655      ;
; 1.363 ; counter3[13] ; counter3[17] ; u_pll|altpll_component|auto_generated|pll1|clk[3] ; u_pll|altpll_component|auto_generated|pll1|clk[3] ; 0.000        ; 0.080      ; 1.655      ;
+-------+--------------+--------------+---------------------------------------------------+---------------------------------------------------+--------------+------------+------------+


-----------------------------------------------
; Slow 1200mV 85C Model Metastability Summary ;
-----------------------------------------------
No synchronizer chains to report.


+-----------------------------------------------------------------------------------------+
; Slow 1200mV 0C Model Fmax Summary                                                       ;
+------------+-----------------+---------------------------------------------------+------+
; Fmax       ; Restricted Fmax ; Clock Name                                        ; Note ;
+------------+-----------------+---------------------------------------------------+------+
; 308.07 MHz ; 308.07 MHz      ; u_pll|altpll_component|auto_generated|pll1|clk[0] ;      ;
; 312.5 MHz  ; 312.5 MHz       ; u_pll|altpll_component|auto_generated|pll1|clk[1] ;      ;
; 320.0 MHz  ; 320.0 MHz       ; u_pll|altpll_component|auto_generated|pll1|clk[2] ;      ;
; 325.41 MHz ; 325.41 MHz      ; u_pll|altpll_component|auto_generated|pll1|clk[3] ;      ;
+------------+-----------------+---------------------------------------------------+------+
This panel reports FMAX for every clock in the design, regardless of the user-specified clock periods.  FMAX is only computed for paths where the source and destination registers or ports are driven by the same clock.  Paths of different clocks, including generated clocks, are ignored.  For paths between a clock and its inversion, FMAX is computed as if the rising and falling edges are scaled along with FMAX, such that the duty cycle (in terms of a percentage) is maintained. Altera recommends that you always use clock constraints and other slack reports for sign-off analysis.


+-----------------------------------------------------------------------------+
; Slow 1200mV 0C Model Setup Summary                                          ;
+---------------------------------------------------+---------+---------------+
; Clock                                             ; Slack   ; End Point TNS ;
+---------------------------------------------------+---------+---------------+
; u_pll|altpll_component|auto_generated|pll1|clk[0] ; 6.754   ; 0.000         ;
; u_pll|altpll_component|auto_generated|pll1|clk[1] ; 36.800  ; 0.000         ;
; u_pll|altpll_component|auto_generated|pll1|clk[2] ; 96.875  ; 0.000         ;
; u_pll|altpll_component|auto_generated|pll1|clk[3] ; 196.927 ; 0.000         ;
+---------------------------------------------------+---------+---------------+


+---------------------------------------------------------------------------+
; Slow 1200mV 0C Model Hold Summary                                         ;
+---------------------------------------------------+-------+---------------+
; Clock                                             ; Slack ; End Point TNS ;
+---------------------------------------------------+-------+---------------+
; u_pll|altpll_component|auto_generated|pll1|clk[1] ; 0.470 ; 0.000         ;
; u_pll|altpll_component|auto_generated|pll1|clk[0] ; 0.471 ; 0.000         ;
; u_pll|altpll_component|auto_generated|pll1|clk[2] ; 0.684 ; 0.000         ;
; u_pll|altpll_component|auto_generated|pll1|clk[3] ; 0.685 ; 0.000         ;
+---------------------------------------------------+-------+---------------+


-----------------------------------------
; Slow 1200mV 0C Model Recovery Summary ;
-----------------------------------------
No paths to report.


----------------------------------------
; Slow 1200mV 0C Model Removal Summary ;
----------------------------------------
No paths to report.


+----------------------------------------------------------------------------+
; Slow 1200mV 0C Model Minimum Pulse Width Summary                           ;
+---------------------------------------------------+--------+---------------+
; Clock                                             ; Slack  ; End Point TNS ;
+---------------------------------------------------+--------+---------------+
; u_pll|altpll_component|auto_generated|pll1|clk[0] ; 4.720  ; 0.000         ;
; clk_100m                                          ; 4.943  ; 0.000         ;
; u_pll|altpll_component|auto_generated|pll1|clk[1] ; 19.719 ; 0.000         ;
; u_pll|altpll_component|auto_generated|pll1|clk[2] ; 49.719 ; 0.000         ;
; u_pll|altpll_component|auto_generated|pll1|clk[3] ; 99.720 ; 0.000         ;
+---------------------------------------------------+--------+---------------+


+--------------------------------------------------------------------------------------------------------------------------------------------------------------------------------------+
; Slow 1200mV 0C Model Setup: 'u_pll|altpll_component|auto_generated|pll1|clk[0]'                                                                                                      ;
+-------+--------------+--------------+---------------------------------------------------+---------------------------------------------------+--------------+------------+------------+
; Slack ; From Node    ; To Node      ; Launch Clock                                      ; Latch Clock                                       ; Relationship ; Clock Skew ; Data Delay ;
+-------+--------------+--------------+---------------------------------------------------+---------------------------------------------------+--------------+------------+------------+
; 6.754 ; counter0[0]  ; counter0[25] ; u_pll|altpll_component|auto_generated|pll1|clk[0] ; u_pll|altpll_component|auto_generated|pll1|clk[0] ; 10.000       ; -0.072     ; 3.176      ;
; 6.798 ; counter0[1]  ; counter0[24] ; u_pll|altpll_component|auto_generated|pll1|clk[0] ; u_pll|altpll_component|auto_generated|pll1|clk[0] ; 10.000       ; -0.072     ; 3.132      ;
; 6.837 ; counter0[1]  ; counter0[25] ; u_pll|altpll_component|auto_generated|pll1|clk[0] ; u_pll|altpll_component|auto_generated|pll1|clk[0] ; 10.000       ; -0.072     ; 3.093      ;
; 6.880 ; counter0[0]  ; counter0[23] ; u_pll|altpll_component|auto_generated|pll1|clk[0] ; u_pll|altpll_component|auto_generated|pll1|clk[0] ; 10.000       ; -0.072     ; 3.050      ;
; 6.880 ; counter0[2]  ; counter0[25] ; u_pll|altpll_component|auto_generated|pll1|clk[0] ; u_pll|altpll_component|auto_generated|pll1|clk[0] ; 10.000       ; -0.072     ; 3.050      ;
; 6.881 ; counter0[0]  ; counter0[24] ; u_pll|altpll_component|auto_generated|pll1|clk[0] ; u_pll|altpll_component|auto_generated|pll1|clk[0] ; 10.000       ; -0.072     ; 3.049      ;
; 6.924 ; counter0[1]  ; counter0[22] ; u_pll|altpll_component|auto_generated|pll1|clk[0] ; u_pll|altpll_component|auto_generated|pll1|clk[0] ; 10.000       ; -0.072     ; 3.006      ;
; 6.927 ; counter0[3]  ; counter0[24] ; u_pll|altpll_component|auto_generated|pll1|clk[0] ; u_pll|altpll_component|auto_generated|pll1|clk[0] ; 10.000       ; -0.072     ; 3.003      ;
; 6.963 ; counter0[1]  ; counter0[23] ; u_pll|altpll_component|auto_generated|pll1|clk[0] ; u_pll|altpll_component|auto_generated|pll1|clk[0] ; 10.000       ; -0.072     ; 2.967      ;
; 6.966 ; counter0[3]  ; counter0[25] ; u_pll|altpll_component|auto_generated|pll1|clk[0] ; u_pll|altpll_component|auto_generated|pll1|clk[0] ; 10.000       ; -0.072     ; 2.964      ;
; 7.001 ; counter0[4]  ; counter0[25] ; u_pll|altpll_component|auto_generated|pll1|clk[0] ; u_pll|altpll_component|auto_generated|pll1|clk[0] ; 10.000       ; -0.072     ; 2.929      ;
; 7.006 ; counter0[0]  ; counter0[21] ; u_pll|altpll_component|auto_generated|pll1|clk[0] ; u_pll|altpll_component|auto_generated|pll1|clk[0] ; 10.000       ; -0.072     ; 2.924      ;
; 7.006 ; counter0[2]  ; counter0[24] ; u_pll|altpll_component|auto_generated|pll1|clk[0] ; u_pll|altpll_component|auto_generated|pll1|clk[0] ; 10.000       ; -0.072     ; 2.924      ;
; 7.006 ; counter0[2]  ; counter0[23] ; u_pll|altpll_component|auto_generated|pll1|clk[0] ; u_pll|altpll_component|auto_generated|pll1|clk[0] ; 10.000       ; -0.072     ; 2.924      ;
; 7.007 ; counter0[0]  ; counter0[22] ; u_pll|altpll_component|auto_generated|pll1|clk[0] ; u_pll|altpll_component|auto_generated|pll1|clk[0] ; 10.000       ; -0.072     ; 2.923      ;
; 7.049 ; counter0[5]  ; counter0[24] ; u_pll|altpll_component|auto_generated|pll1|clk[0] ; u_pll|altpll_component|auto_generated|pll1|clk[0] ; 10.000       ; -0.072     ; 2.881      ;
; 7.050 ; counter0[1]  ; counter0[20] ; u_pll|altpll_component|auto_generated|pll1|clk[0] ; u_pll|altpll_component|auto_generated|pll1|clk[0] ; 10.000       ; -0.072     ; 2.880      ;
; 7.053 ; counter0[3]  ; counter0[22] ; u_pll|altpll_component|auto_generated|pll1|clk[0] ; u_pll|altpll_component|auto_generated|pll1|clk[0] ; 10.000       ; -0.072     ; 2.877      ;
; 7.088 ; counter0[5]  ; counter0[25] ; u_pll|altpll_component|auto_generated|pll1|clk[0] ; u_pll|altpll_component|auto_generated|pll1|clk[0] ; 10.000       ; -0.072     ; 2.842      ;
; 7.089 ; counter0[1]  ; counter0[21] ; u_pll|altpll_component|auto_generated|pll1|clk[0] ; u_pll|altpll_component|auto_generated|pll1|clk[0] ; 10.000       ; -0.072     ; 2.841      ;
; 7.092 ; counter0[3]  ; counter0[23] ; u_pll|altpll_component|auto_generated|pll1|clk[0] ; u_pll|altpll_component|auto_generated|pll1|clk[0] ; 10.000       ; -0.072     ; 2.838      ;
; 7.127 ; counter0[6]  ; counter0[25] ; u_pll|altpll_component|auto_generated|pll1|clk[0] ; u_pll|altpll_component|auto_generated|pll1|clk[0] ; 10.000       ; -0.072     ; 2.803      ;
; 7.127 ; counter0[4]  ; counter0[23] ; u_pll|altpll_component|auto_generated|pll1|clk[0] ; u_pll|altpll_component|auto_generated|pll1|clk[0] ; 10.000       ; -0.072     ; 2.803      ;
; 7.132 ; counter0[0]  ; counter0[19] ; u_pll|altpll_component|auto_generated|pll1|clk[0] ; u_pll|altpll_component|auto_generated|pll1|clk[0] ; 10.000       ; -0.072     ; 2.798      ;
; 7.132 ; counter0[2]  ; counter0[22] ; u_pll|altpll_component|auto_generated|pll1|clk[0] ; u_pll|altpll_component|auto_generated|pll1|clk[0] ; 10.000       ; -0.072     ; 2.798      ;
; 7.132 ; counter0[2]  ; counter0[21] ; u_pll|altpll_component|auto_generated|pll1|clk[0] ; u_pll|altpll_component|auto_generated|pll1|clk[0] ; 10.000       ; -0.072     ; 2.798      ;
; 7.133 ; counter0[0]  ; counter0[20] ; u_pll|altpll_component|auto_generated|pll1|clk[0] ; u_pll|altpll_component|auto_generated|pll1|clk[0] ; 10.000       ; -0.072     ; 2.797      ;
; 7.139 ; counter0[4]  ; counter0[24] ; u_pll|altpll_component|auto_generated|pll1|clk[0] ; u_pll|altpll_component|auto_generated|pll1|clk[0] ; 10.000       ; -0.072     ; 2.791      ;
; 7.175 ; counter0[7]  ; counter0[24] ; u_pll|altpll_component|auto_generated|pll1|clk[0] ; u_pll|altpll_component|auto_generated|pll1|clk[0] ; 10.000       ; -0.072     ; 2.755      ;
; 7.175 ; counter0[5]  ; counter0[22] ; u_pll|altpll_component|auto_generated|pll1|clk[0] ; u_pll|altpll_component|auto_generated|pll1|clk[0] ; 10.000       ; -0.072     ; 2.755      ;
; 7.176 ; counter0[1]  ; counter0[18] ; u_pll|altpll_component|auto_generated|pll1|clk[0] ; u_pll|altpll_component|auto_generated|pll1|clk[0] ; 10.000       ; -0.072     ; 2.754      ;
; 7.179 ; counter0[3]  ; counter0[20] ; u_pll|altpll_component|auto_generated|pll1|clk[0] ; u_pll|altpll_component|auto_generated|pll1|clk[0] ; 10.000       ; -0.072     ; 2.751      ;
; 7.214 ; counter0[7]  ; counter0[25] ; u_pll|altpll_component|auto_generated|pll1|clk[0] ; u_pll|altpll_component|auto_generated|pll1|clk[0] ; 10.000       ; -0.072     ; 2.716      ;
; 7.214 ; counter0[5]  ; counter0[23] ; u_pll|altpll_component|auto_generated|pll1|clk[0] ; u_pll|altpll_component|auto_generated|pll1|clk[0] ; 10.000       ; -0.072     ; 2.716      ;
; 7.215 ; counter0[1]  ; counter0[19] ; u_pll|altpll_component|auto_generated|pll1|clk[0] ; u_pll|altpll_component|auto_generated|pll1|clk[0] ; 10.000       ; -0.072     ; 2.715      ;
; 7.218 ; counter0[3]  ; counter0[21] ; u_pll|altpll_component|auto_generated|pll1|clk[0] ; u_pll|altpll_component|auto_generated|pll1|clk[0] ; 10.000       ; -0.072     ; 2.712      ;
; 7.253 ; counter0[6]  ; counter0[23] ; u_pll|altpll_component|auto_generated|pll1|clk[0] ; u_pll|altpll_component|auto_generated|pll1|clk[0] ; 10.000       ; -0.072     ; 2.677      ;
; 7.253 ; counter0[4]  ; counter0[21] ; u_pll|altpll_component|auto_generated|pll1|clk[0] ; u_pll|altpll_component|auto_generated|pll1|clk[0] ; 10.000       ; -0.072     ; 2.677      ;
; 7.258 ; counter0[0]  ; counter0[17] ; u_pll|altpll_component|auto_generated|pll1|clk[0] ; u_pll|altpll_component|auto_generated|pll1|clk[0] ; 10.000       ; -0.072     ; 2.672      ;
; 7.258 ; counter0[8]  ; counter0[25] ; u_pll|altpll_component|auto_generated|pll1|clk[0] ; u_pll|altpll_component|auto_generated|pll1|clk[0] ; 10.000       ; -0.072     ; 2.672      ;
; 7.258 ; counter0[2]  ; counter0[20] ; u_pll|altpll_component|auto_generated|pll1|clk[0] ; u_pll|altpll_component|auto_generated|pll1|clk[0] ; 10.000       ; -0.072     ; 2.672      ;
; 7.258 ; counter0[2]  ; counter0[19] ; u_pll|altpll_component|auto_generated|pll1|clk[0] ; u_pll|altpll_component|auto_generated|pll1|clk[0] ; 10.000       ; -0.072     ; 2.672      ;
; 7.259 ; counter0[0]  ; counter0[18] ; u_pll|altpll_component|auto_generated|pll1|clk[0] ; u_pll|altpll_component|auto_generated|pll1|clk[0] ; 10.000       ; -0.072     ; 2.671      ;
; 7.265 ; counter0[6]  ; counter0[24] ; u_pll|altpll_component|auto_generated|pll1|clk[0] ; u_pll|altpll_component|auto_generated|pll1|clk[0] ; 10.000       ; -0.072     ; 2.665      ;
; 7.265 ; counter0[4]  ; counter0[22] ; u_pll|altpll_component|auto_generated|pll1|clk[0] ; u_pll|altpll_component|auto_generated|pll1|clk[0] ; 10.000       ; -0.072     ; 2.665      ;
; 7.301 ; counter0[9]  ; counter0[24] ; u_pll|altpll_component|auto_generated|pll1|clk[0] ; u_pll|altpll_component|auto_generated|pll1|clk[0] ; 10.000       ; -0.072     ; 2.629      ;
; 7.301 ; counter0[7]  ; counter0[22] ; u_pll|altpll_component|auto_generated|pll1|clk[0] ; u_pll|altpll_component|auto_generated|pll1|clk[0] ; 10.000       ; -0.072     ; 2.629      ;
; 7.301 ; counter0[5]  ; counter0[20] ; u_pll|altpll_component|auto_generated|pll1|clk[0] ; u_pll|altpll_component|auto_generated|pll1|clk[0] ; 10.000       ; -0.072     ; 2.629      ;
; 7.302 ; counter0[1]  ; counter0[16] ; u_pll|altpll_component|auto_generated|pll1|clk[0] ; u_pll|altpll_component|auto_generated|pll1|clk[0] ; 10.000       ; -0.072     ; 2.628      ;
; 7.305 ; counter0[3]  ; counter0[18] ; u_pll|altpll_component|auto_generated|pll1|clk[0] ; u_pll|altpll_component|auto_generated|pll1|clk[0] ; 10.000       ; -0.072     ; 2.625      ;
; 7.340 ; counter0[9]  ; counter0[25] ; u_pll|altpll_component|auto_generated|pll1|clk[0] ; u_pll|altpll_component|auto_generated|pll1|clk[0] ; 10.000       ; -0.072     ; 2.590      ;
; 7.340 ; counter0[7]  ; counter0[23] ; u_pll|altpll_component|auto_generated|pll1|clk[0] ; u_pll|altpll_component|auto_generated|pll1|clk[0] ; 10.000       ; -0.072     ; 2.590      ;
; 7.340 ; counter0[5]  ; counter0[21] ; u_pll|altpll_component|auto_generated|pll1|clk[0] ; u_pll|altpll_component|auto_generated|pll1|clk[0] ; 10.000       ; -0.072     ; 2.590      ;
; 7.341 ; counter0[1]  ; counter0[17] ; u_pll|altpll_component|auto_generated|pll1|clk[0] ; u_pll|altpll_component|auto_generated|pll1|clk[0] ; 10.000       ; -0.072     ; 2.589      ;
; 7.344 ; counter0[3]  ; counter0[19] ; u_pll|altpll_component|auto_generated|pll1|clk[0] ; u_pll|altpll_component|auto_generated|pll1|clk[0] ; 10.000       ; -0.072     ; 2.586      ;
; 7.379 ; counter0[6]  ; counter0[21] ; u_pll|altpll_component|auto_generated|pll1|clk[0] ; u_pll|altpll_component|auto_generated|pll1|clk[0] ; 10.000       ; -0.072     ; 2.551      ;
; 7.379 ; counter0[4]  ; counter0[19] ; u_pll|altpll_component|auto_generated|pll1|clk[0] ; u_pll|altpll_component|auto_generated|pll1|clk[0] ; 10.000       ; -0.072     ; 2.551      ;
; 7.384 ; counter0[0]  ; counter0[15] ; u_pll|altpll_component|auto_generated|pll1|clk[0] ; u_pll|altpll_component|auto_generated|pll1|clk[0] ; 10.000       ; -0.072     ; 2.546      ;
; 7.384 ; counter0[10] ; counter0[25] ; u_pll|altpll_component|auto_generated|pll1|clk[0] ; u_pll|altpll_component|auto_generated|pll1|clk[0] ; 10.000       ; -0.072     ; 2.546      ;
; 7.384 ; counter0[8]  ; counter0[24] ; u_pll|altpll_component|auto_generated|pll1|clk[0] ; u_pll|altpll_component|auto_generated|pll1|clk[0] ; 10.000       ; -0.072     ; 2.546      ;
; 7.384 ; counter0[8]  ; counter0[23] ; u_pll|altpll_component|auto_generated|pll1|clk[0] ; u_pll|altpll_component|auto_generated|pll1|clk[0] ; 10.000       ; -0.072     ; 2.546      ;
; 7.384 ; counter0[2]  ; counter0[18] ; u_pll|altpll_component|auto_generated|pll1|clk[0] ; u_pll|altpll_component|auto_generated|pll1|clk[0] ; 10.000       ; -0.072     ; 2.546      ;
; 7.384 ; counter0[2]  ; counter0[17] ; u_pll|altpll_component|auto_generated|pll1|clk[0] ; u_pll|altpll_component|auto_generated|pll1|clk[0] ; 10.000       ; -0.072     ; 2.546      ;
; 7.385 ; counter0[0]  ; counter0[16] ; u_pll|altpll_component|auto_generated|pll1|clk[0] ; u_pll|altpll_component|auto_generated|pll1|clk[0] ; 10.000       ; -0.072     ; 2.545      ;
; 7.391 ; counter0[6]  ; counter0[22] ; u_pll|altpll_component|auto_generated|pll1|clk[0] ; u_pll|altpll_component|auto_generated|pll1|clk[0] ; 10.000       ; -0.072     ; 2.539      ;
; 7.391 ; counter0[4]  ; counter0[20] ; u_pll|altpll_component|auto_generated|pll1|clk[0] ; u_pll|altpll_component|auto_generated|pll1|clk[0] ; 10.000       ; -0.072     ; 2.539      ;
; 7.427 ; counter0[9]  ; counter0[22] ; u_pll|altpll_component|auto_generated|pll1|clk[0] ; u_pll|altpll_component|auto_generated|pll1|clk[0] ; 10.000       ; -0.072     ; 2.503      ;
; 7.427 ; counter0[7]  ; counter0[20] ; u_pll|altpll_component|auto_generated|pll1|clk[0] ; u_pll|altpll_component|auto_generated|pll1|clk[0] ; 10.000       ; -0.072     ; 2.503      ;
; 7.427 ; counter0[5]  ; counter0[18] ; u_pll|altpll_component|auto_generated|pll1|clk[0] ; u_pll|altpll_component|auto_generated|pll1|clk[0] ; 10.000       ; -0.072     ; 2.503      ;
; 7.428 ; counter0[1]  ; counter0[14] ; u_pll|altpll_component|auto_generated|pll1|clk[0] ; u_pll|altpll_component|auto_generated|pll1|clk[0] ; 10.000       ; -0.072     ; 2.502      ;
; 7.428 ; counter0[11] ; counter0[24] ; u_pll|altpll_component|auto_generated|pll1|clk[0] ; u_pll|altpll_component|auto_generated|pll1|clk[0] ; 10.000       ; -0.072     ; 2.502      ;
; 7.431 ; counter0[3]  ; counter0[16] ; u_pll|altpll_component|auto_generated|pll1|clk[0] ; u_pll|altpll_component|auto_generated|pll1|clk[0] ; 10.000       ; -0.072     ; 2.499      ;
; 7.466 ; counter0[9]  ; counter0[23] ; u_pll|altpll_component|auto_generated|pll1|clk[0] ; u_pll|altpll_component|auto_generated|pll1|clk[0] ; 10.000       ; -0.072     ; 2.464      ;
; 7.466 ; counter0[7]  ; counter0[21] ; u_pll|altpll_component|auto_generated|pll1|clk[0] ; u_pll|altpll_component|auto_generated|pll1|clk[0] ; 10.000       ; -0.072     ; 2.464      ;
; 7.466 ; counter0[5]  ; counter0[19] ; u_pll|altpll_component|auto_generated|pll1|clk[0] ; u_pll|altpll_component|auto_generated|pll1|clk[0] ; 10.000       ; -0.072     ; 2.464      ;
; 7.467 ; counter0[11] ; counter0[25] ; u_pll|altpll_component|auto_generated|pll1|clk[0] ; u_pll|altpll_component|auto_generated|pll1|clk[0] ; 10.000       ; -0.072     ; 2.463      ;
; 7.467 ; counter0[1]  ; counter0[15] ; u_pll|altpll_component|auto_generated|pll1|clk[0] ; u_pll|altpll_component|auto_generated|pll1|clk[0] ; 10.000       ; -0.072     ; 2.463      ;
; 7.470 ; counter0[3]  ; counter0[17] ; u_pll|altpll_component|auto_generated|pll1|clk[0] ; u_pll|altpll_component|auto_generated|pll1|clk[0] ; 10.000       ; -0.072     ; 2.460      ;
; 7.505 ; counter0[6]  ; counter0[19] ; u_pll|altpll_component|auto_generated|pll1|clk[0] ; u_pll|altpll_component|auto_generated|pll1|clk[0] ; 10.000       ; -0.072     ; 2.425      ;
; 7.505 ; counter0[4]  ; counter0[17] ; u_pll|altpll_component|auto_generated|pll1|clk[0] ; u_pll|altpll_component|auto_generated|pll1|clk[0] ; 10.000       ; -0.072     ; 2.425      ;
; 7.510 ; counter0[0]  ; counter0[13] ; u_pll|altpll_component|auto_generated|pll1|clk[0] ; u_pll|altpll_component|auto_generated|pll1|clk[0] ; 10.000       ; -0.072     ; 2.420      ;
; 7.510 ; counter0[10] ; counter0[24] ; u_pll|altpll_component|auto_generated|pll1|clk[0] ; u_pll|altpll_component|auto_generated|pll1|clk[0] ; 10.000       ; -0.072     ; 2.420      ;
; 7.510 ; counter0[10] ; counter0[23] ; u_pll|altpll_component|auto_generated|pll1|clk[0] ; u_pll|altpll_component|auto_generated|pll1|clk[0] ; 10.000       ; -0.072     ; 2.420      ;
; 7.510 ; counter0[8]  ; counter0[22] ; u_pll|altpll_component|auto_generated|pll1|clk[0] ; u_pll|altpll_component|auto_generated|pll1|clk[0] ; 10.000       ; -0.072     ; 2.420      ;
; 7.510 ; counter0[8]  ; counter0[21] ; u_pll|altpll_component|auto_generated|pll1|clk[0] ; u_pll|altpll_component|auto_generated|pll1|clk[0] ; 10.000       ; -0.072     ; 2.420      ;
; 7.510 ; counter0[2]  ; counter0[16] ; u_pll|altpll_component|auto_generated|pll1|clk[0] ; u_pll|altpll_component|auto_generated|pll1|clk[0] ; 10.000       ; -0.072     ; 2.420      ;
; 7.510 ; counter0[2]  ; counter0[15] ; u_pll|altpll_component|auto_generated|pll1|clk[0] ; u_pll|altpll_component|auto_generated|pll1|clk[0] ; 10.000       ; -0.072     ; 2.420      ;
; 7.511 ; counter0[12] ; counter0[25] ; u_pll|altpll_component|auto_generated|pll1|clk[0] ; u_pll|altpll_component|auto_generated|pll1|clk[0] ; 10.000       ; -0.072     ; 2.419      ;
; 7.511 ; counter0[0]  ; counter0[14] ; u_pll|altpll_component|auto_generated|pll1|clk[0] ; u_pll|altpll_component|auto_generated|pll1|clk[0] ; 10.000       ; -0.072     ; 2.419      ;
; 7.517 ; counter0[6]  ; counter0[20] ; u_pll|altpll_component|auto_generated|pll1|clk[0] ; u_pll|altpll_component|auto_generated|pll1|clk[0] ; 10.000       ; -0.072     ; 2.413      ;
; 7.517 ; counter0[4]  ; counter0[18] ; u_pll|altpll_component|auto_generated|pll1|clk[0] ; u_pll|altpll_component|auto_generated|pll1|clk[0] ; 10.000       ; -0.072     ; 2.413      ;
; 7.553 ; counter0[9]  ; counter0[20] ; u_pll|altpll_component|auto_generated|pll1|clk[0] ; u_pll|altpll_component|auto_generated|pll1|clk[0] ; 10.000       ; -0.072     ; 2.377      ;
; 7.553 ; counter0[7]  ; counter0[18] ; u_pll|altpll_component|auto_generated|pll1|clk[0] ; u_pll|altpll_component|auto_generated|pll1|clk[0] ; 10.000       ; -0.072     ; 2.377      ;
; 7.553 ; counter0[5]  ; counter0[16] ; u_pll|altpll_component|auto_generated|pll1|clk[0] ; u_pll|altpll_component|auto_generated|pll1|clk[0] ; 10.000       ; -0.072     ; 2.377      ;
; 7.554 ; counter0[1]  ; counter0[12] ; u_pll|altpll_component|auto_generated|pll1|clk[0] ; u_pll|altpll_component|auto_generated|pll1|clk[0] ; 10.000       ; -0.072     ; 2.376      ;
; 7.554 ; counter0[11] ; counter0[22] ; u_pll|altpll_component|auto_generated|pll1|clk[0] ; u_pll|altpll_component|auto_generated|pll1|clk[0] ; 10.000       ; -0.072     ; 2.376      ;
; 7.555 ; counter0[13] ; counter0[24] ; u_pll|altpll_component|auto_generated|pll1|clk[0] ; u_pll|altpll_component|auto_generated|pll1|clk[0] ; 10.000       ; -0.071     ; 2.376      ;
; 7.557 ; counter0[3]  ; counter0[14] ; u_pll|altpll_component|auto_generated|pll1|clk[0] ; u_pll|altpll_component|auto_generated|pll1|clk[0] ; 10.000       ; -0.072     ; 2.373      ;
; 7.592 ; counter0[9]  ; counter0[21] ; u_pll|altpll_component|auto_generated|pll1|clk[0] ; u_pll|altpll_component|auto_generated|pll1|clk[0] ; 10.000       ; -0.072     ; 2.338      ;
; 7.592 ; counter0[7]  ; counter0[19] ; u_pll|altpll_component|auto_generated|pll1|clk[0] ; u_pll|altpll_component|auto_generated|pll1|clk[0] ; 10.000       ; -0.072     ; 2.338      ;
+-------+--------------+--------------+---------------------------------------------------+---------------------------------------------------+--------------+------------+------------+


+---------------------------------------------------------------------------------------------------------------------------------------------------------------------------------------+
; Slow 1200mV 0C Model Setup: 'u_pll|altpll_component|auto_generated|pll1|clk[1]'                                                                                                       ;
+--------+--------------+--------------+---------------------------------------------------+---------------------------------------------------+--------------+------------+------------+
; Slack  ; From Node    ; To Node      ; Launch Clock                                      ; Latch Clock                                       ; Relationship ; Clock Skew ; Data Delay ;
+--------+--------------+--------------+---------------------------------------------------+---------------------------------------------------+--------------+------------+------------+
; 36.800 ; counter1[1]  ; counter1[24] ; u_pll|altpll_component|auto_generated|pll1|clk[1] ; u_pll|altpll_component|auto_generated|pll1|clk[1] ; 40.000       ; -0.073     ; 3.129      ;
; 36.875 ; counter1[0]  ; counter1[23] ; u_pll|altpll_component|auto_generated|pll1|clk[1] ; u_pll|altpll_component|auto_generated|pll1|clk[1] ; 40.000       ; -0.073     ; 3.054      ;
; 36.887 ; counter1[0]  ; counter1[24] ; u_pll|altpll_component|auto_generated|pll1|clk[1] ; u_pll|altpll_component|auto_generated|pll1|clk[1] ; 40.000       ; -0.073     ; 3.042      ;
; 36.922 ; counter1[3]  ; counter1[24] ; u_pll|altpll_component|auto_generated|pll1|clk[1] ; u_pll|altpll_component|auto_generated|pll1|clk[1] ; 40.000       ; -0.073     ; 3.007      ;
; 36.926 ; counter1[1]  ; counter1[22] ; u_pll|altpll_component|auto_generated|pll1|clk[1] ; u_pll|altpll_component|auto_generated|pll1|clk[1] ; 40.000       ; -0.073     ; 3.003      ;
; 36.965 ; counter1[1]  ; counter1[23] ; u_pll|altpll_component|auto_generated|pll1|clk[1] ; u_pll|altpll_component|auto_generated|pll1|clk[1] ; 40.000       ; -0.073     ; 2.964      ;
; 37.001 ; counter1[0]  ; counter1[21] ; u_pll|altpll_component|auto_generated|pll1|clk[1] ; u_pll|altpll_component|auto_generated|pll1|clk[1] ; 40.000       ; -0.073     ; 2.928      ;
; 37.005 ; counter1[2]  ; counter1[24] ; u_pll|altpll_component|auto_generated|pll1|clk[1] ; u_pll|altpll_component|auto_generated|pll1|clk[1] ; 40.000       ; -0.073     ; 2.924      ;
; 37.005 ; counter1[2]  ; counter1[23] ; u_pll|altpll_component|auto_generated|pll1|clk[1] ; u_pll|altpll_component|auto_generated|pll1|clk[1] ; 40.000       ; -0.073     ; 2.924      ;
; 37.013 ; counter1[0]  ; counter1[22] ; u_pll|altpll_component|auto_generated|pll1|clk[1] ; u_pll|altpll_component|auto_generated|pll1|clk[1] ; 40.000       ; -0.073     ; 2.916      ;
; 37.048 ; counter1[5]  ; counter1[24] ; u_pll|altpll_component|auto_generated|pll1|clk[1] ; u_pll|altpll_component|auto_generated|pll1|clk[1] ; 40.000       ; -0.073     ; 2.881      ;
; 37.048 ; counter1[3]  ; counter1[22] ; u_pll|altpll_component|auto_generated|pll1|clk[1] ; u_pll|altpll_component|auto_generated|pll1|clk[1] ; 40.000       ; -0.073     ; 2.881      ;
; 37.052 ; counter1[1]  ; counter1[20] ; u_pll|altpll_component|auto_generated|pll1|clk[1] ; u_pll|altpll_component|auto_generated|pll1|clk[1] ; 40.000       ; -0.073     ; 2.877      ;
; 37.087 ; counter1[3]  ; counter1[23] ; u_pll|altpll_component|auto_generated|pll1|clk[1] ; u_pll|altpll_component|auto_generated|pll1|clk[1] ; 40.000       ; -0.073     ; 2.842      ;
; 37.091 ; counter1[1]  ; counter1[21] ; u_pll|altpll_component|auto_generated|pll1|clk[1] ; u_pll|altpll_component|auto_generated|pll1|clk[1] ; 40.000       ; -0.073     ; 2.838      ;
; 37.126 ; counter1[4]  ; counter1[23] ; u_pll|altpll_component|auto_generated|pll1|clk[1] ; u_pll|altpll_component|auto_generated|pll1|clk[1] ; 40.000       ; -0.073     ; 2.803      ;
; 37.127 ; counter1[0]  ; counter1[19] ; u_pll|altpll_component|auto_generated|pll1|clk[1] ; u_pll|altpll_component|auto_generated|pll1|clk[1] ; 40.000       ; -0.073     ; 2.802      ;
; 37.131 ; counter1[2]  ; counter1[22] ; u_pll|altpll_component|auto_generated|pll1|clk[1] ; u_pll|altpll_component|auto_generated|pll1|clk[1] ; 40.000       ; -0.073     ; 2.798      ;
; 37.131 ; counter1[2]  ; counter1[21] ; u_pll|altpll_component|auto_generated|pll1|clk[1] ; u_pll|altpll_component|auto_generated|pll1|clk[1] ; 40.000       ; -0.073     ; 2.798      ;
; 37.138 ; counter1[4]  ; counter1[24] ; u_pll|altpll_component|auto_generated|pll1|clk[1] ; u_pll|altpll_component|auto_generated|pll1|clk[1] ; 40.000       ; -0.073     ; 2.791      ;
; 37.139 ; counter1[0]  ; counter1[20] ; u_pll|altpll_component|auto_generated|pll1|clk[1] ; u_pll|altpll_component|auto_generated|pll1|clk[1] ; 40.000       ; -0.073     ; 2.790      ;
; 37.174 ; counter1[5]  ; counter1[22] ; u_pll|altpll_component|auto_generated|pll1|clk[1] ; u_pll|altpll_component|auto_generated|pll1|clk[1] ; 40.000       ; -0.073     ; 2.755      ;
; 37.174 ; counter1[3]  ; counter1[20] ; u_pll|altpll_component|auto_generated|pll1|clk[1] ; u_pll|altpll_component|auto_generated|pll1|clk[1] ; 40.000       ; -0.073     ; 2.755      ;
; 37.178 ; counter1[1]  ; counter1[18] ; u_pll|altpll_component|auto_generated|pll1|clk[1] ; u_pll|altpll_component|auto_generated|pll1|clk[1] ; 40.000       ; -0.073     ; 2.751      ;
; 37.178 ; counter1[7]  ; counter1[24] ; u_pll|altpll_component|auto_generated|pll1|clk[1] ; u_pll|altpll_component|auto_generated|pll1|clk[1] ; 40.000       ; -0.073     ; 2.751      ;
; 37.213 ; counter1[5]  ; counter1[23] ; u_pll|altpll_component|auto_generated|pll1|clk[1] ; u_pll|altpll_component|auto_generated|pll1|clk[1] ; 40.000       ; -0.073     ; 2.716      ;
; 37.213 ; counter1[3]  ; counter1[21] ; u_pll|altpll_component|auto_generated|pll1|clk[1] ; u_pll|altpll_component|auto_generated|pll1|clk[1] ; 40.000       ; -0.073     ; 2.716      ;
; 37.217 ; counter1[1]  ; counter1[19] ; u_pll|altpll_component|auto_generated|pll1|clk[1] ; u_pll|altpll_component|auto_generated|pll1|clk[1] ; 40.000       ; -0.073     ; 2.712      ;
; 37.252 ; counter1[6]  ; counter1[23] ; u_pll|altpll_component|auto_generated|pll1|clk[1] ; u_pll|altpll_component|auto_generated|pll1|clk[1] ; 40.000       ; -0.073     ; 2.677      ;
; 37.252 ; counter1[4]  ; counter1[21] ; u_pll|altpll_component|auto_generated|pll1|clk[1] ; u_pll|altpll_component|auto_generated|pll1|clk[1] ; 40.000       ; -0.073     ; 2.677      ;
; 37.253 ; counter1[0]  ; counter1[17] ; u_pll|altpll_component|auto_generated|pll1|clk[1] ; u_pll|altpll_component|auto_generated|pll1|clk[1] ; 40.000       ; -0.073     ; 2.676      ;
; 37.257 ; counter1[2]  ; counter1[20] ; u_pll|altpll_component|auto_generated|pll1|clk[1] ; u_pll|altpll_component|auto_generated|pll1|clk[1] ; 40.000       ; -0.073     ; 2.672      ;
; 37.257 ; counter1[2]  ; counter1[19] ; u_pll|altpll_component|auto_generated|pll1|clk[1] ; u_pll|altpll_component|auto_generated|pll1|clk[1] ; 40.000       ; -0.073     ; 2.672      ;
; 37.264 ; counter1[6]  ; counter1[24] ; u_pll|altpll_component|auto_generated|pll1|clk[1] ; u_pll|altpll_component|auto_generated|pll1|clk[1] ; 40.000       ; -0.073     ; 2.665      ;
; 37.264 ; counter1[4]  ; counter1[22] ; u_pll|altpll_component|auto_generated|pll1|clk[1] ; u_pll|altpll_component|auto_generated|pll1|clk[1] ; 40.000       ; -0.073     ; 2.665      ;
; 37.265 ; counter1[0]  ; counter1[18] ; u_pll|altpll_component|auto_generated|pll1|clk[1] ; u_pll|altpll_component|auto_generated|pll1|clk[1] ; 40.000       ; -0.073     ; 2.664      ;
; 37.300 ; counter1[5]  ; counter1[20] ; u_pll|altpll_component|auto_generated|pll1|clk[1] ; u_pll|altpll_component|auto_generated|pll1|clk[1] ; 40.000       ; -0.073     ; 2.629      ;
; 37.300 ; counter1[3]  ; counter1[18] ; u_pll|altpll_component|auto_generated|pll1|clk[1] ; u_pll|altpll_component|auto_generated|pll1|clk[1] ; 40.000       ; -0.073     ; 2.629      ;
; 37.304 ; counter1[1]  ; counter1[16] ; u_pll|altpll_component|auto_generated|pll1|clk[1] ; u_pll|altpll_component|auto_generated|pll1|clk[1] ; 40.000       ; -0.073     ; 2.625      ;
; 37.304 ; counter1[9]  ; counter1[24] ; u_pll|altpll_component|auto_generated|pll1|clk[1] ; u_pll|altpll_component|auto_generated|pll1|clk[1] ; 40.000       ; -0.073     ; 2.625      ;
; 37.304 ; counter1[7]  ; counter1[22] ; u_pll|altpll_component|auto_generated|pll1|clk[1] ; u_pll|altpll_component|auto_generated|pll1|clk[1] ; 40.000       ; -0.073     ; 2.625      ;
; 37.339 ; counter1[5]  ; counter1[21] ; u_pll|altpll_component|auto_generated|pll1|clk[1] ; u_pll|altpll_component|auto_generated|pll1|clk[1] ; 40.000       ; -0.073     ; 2.590      ;
; 37.339 ; counter1[3]  ; counter1[19] ; u_pll|altpll_component|auto_generated|pll1|clk[1] ; u_pll|altpll_component|auto_generated|pll1|clk[1] ; 40.000       ; -0.073     ; 2.590      ;
; 37.343 ; counter1[7]  ; counter1[23] ; u_pll|altpll_component|auto_generated|pll1|clk[1] ; u_pll|altpll_component|auto_generated|pll1|clk[1] ; 40.000       ; -0.073     ; 2.586      ;
; 37.343 ; counter1[1]  ; counter1[17] ; u_pll|altpll_component|auto_generated|pll1|clk[1] ; u_pll|altpll_component|auto_generated|pll1|clk[1] ; 40.000       ; -0.073     ; 2.586      ;
; 37.378 ; counter1[8]  ; counter1[23] ; u_pll|altpll_component|auto_generated|pll1|clk[1] ; u_pll|altpll_component|auto_generated|pll1|clk[1] ; 40.000       ; -0.073     ; 2.551      ;
; 37.378 ; counter1[6]  ; counter1[21] ; u_pll|altpll_component|auto_generated|pll1|clk[1] ; u_pll|altpll_component|auto_generated|pll1|clk[1] ; 40.000       ; -0.073     ; 2.551      ;
; 37.378 ; counter1[4]  ; counter1[19] ; u_pll|altpll_component|auto_generated|pll1|clk[1] ; u_pll|altpll_component|auto_generated|pll1|clk[1] ; 40.000       ; -0.073     ; 2.551      ;
; 37.379 ; counter1[0]  ; counter1[15] ; u_pll|altpll_component|auto_generated|pll1|clk[1] ; u_pll|altpll_component|auto_generated|pll1|clk[1] ; 40.000       ; -0.073     ; 2.550      ;
; 37.383 ; counter1[2]  ; counter1[18] ; u_pll|altpll_component|auto_generated|pll1|clk[1] ; u_pll|altpll_component|auto_generated|pll1|clk[1] ; 40.000       ; -0.073     ; 2.546      ;
; 37.383 ; counter1[2]  ; counter1[17] ; u_pll|altpll_component|auto_generated|pll1|clk[1] ; u_pll|altpll_component|auto_generated|pll1|clk[1] ; 40.000       ; -0.073     ; 2.546      ;
; 37.390 ; counter1[8]  ; counter1[24] ; u_pll|altpll_component|auto_generated|pll1|clk[1] ; u_pll|altpll_component|auto_generated|pll1|clk[1] ; 40.000       ; -0.073     ; 2.539      ;
; 37.390 ; counter1[6]  ; counter1[22] ; u_pll|altpll_component|auto_generated|pll1|clk[1] ; u_pll|altpll_component|auto_generated|pll1|clk[1] ; 40.000       ; -0.073     ; 2.539      ;
; 37.390 ; counter1[4]  ; counter1[20] ; u_pll|altpll_component|auto_generated|pll1|clk[1] ; u_pll|altpll_component|auto_generated|pll1|clk[1] ; 40.000       ; -0.073     ; 2.539      ;
; 37.391 ; counter1[0]  ; counter1[16] ; u_pll|altpll_component|auto_generated|pll1|clk[1] ; u_pll|altpll_component|auto_generated|pll1|clk[1] ; 40.000       ; -0.073     ; 2.538      ;
; 37.426 ; counter1[5]  ; counter1[18] ; u_pll|altpll_component|auto_generated|pll1|clk[1] ; u_pll|altpll_component|auto_generated|pll1|clk[1] ; 40.000       ; -0.073     ; 2.503      ;
; 37.426 ; counter1[3]  ; counter1[16] ; u_pll|altpll_component|auto_generated|pll1|clk[1] ; u_pll|altpll_component|auto_generated|pll1|clk[1] ; 40.000       ; -0.073     ; 2.503      ;
; 37.430 ; counter1[1]  ; counter1[14] ; u_pll|altpll_component|auto_generated|pll1|clk[1] ; u_pll|altpll_component|auto_generated|pll1|clk[1] ; 40.000       ; -0.073     ; 2.499      ;
; 37.430 ; counter1[9]  ; counter1[22] ; u_pll|altpll_component|auto_generated|pll1|clk[1] ; u_pll|altpll_component|auto_generated|pll1|clk[1] ; 40.000       ; -0.073     ; 2.499      ;
; 37.430 ; counter1[7]  ; counter1[20] ; u_pll|altpll_component|auto_generated|pll1|clk[1] ; u_pll|altpll_component|auto_generated|pll1|clk[1] ; 40.000       ; -0.073     ; 2.499      ;
; 37.431 ; counter1[11] ; counter1[24] ; u_pll|altpll_component|auto_generated|pll1|clk[1] ; u_pll|altpll_component|auto_generated|pll1|clk[1] ; 40.000       ; -0.073     ; 2.498      ;
; 37.465 ; counter1[5]  ; counter1[19] ; u_pll|altpll_component|auto_generated|pll1|clk[1] ; u_pll|altpll_component|auto_generated|pll1|clk[1] ; 40.000       ; -0.073     ; 2.464      ;
; 37.465 ; counter1[3]  ; counter1[17] ; u_pll|altpll_component|auto_generated|pll1|clk[1] ; u_pll|altpll_component|auto_generated|pll1|clk[1] ; 40.000       ; -0.073     ; 2.464      ;
; 37.469 ; counter1[9]  ; counter1[23] ; u_pll|altpll_component|auto_generated|pll1|clk[1] ; u_pll|altpll_component|auto_generated|pll1|clk[1] ; 40.000       ; -0.073     ; 2.460      ;
; 37.469 ; counter1[7]  ; counter1[21] ; u_pll|altpll_component|auto_generated|pll1|clk[1] ; u_pll|altpll_component|auto_generated|pll1|clk[1] ; 40.000       ; -0.073     ; 2.460      ;
; 37.469 ; counter1[1]  ; counter1[15] ; u_pll|altpll_component|auto_generated|pll1|clk[1] ; u_pll|altpll_component|auto_generated|pll1|clk[1] ; 40.000       ; -0.073     ; 2.460      ;
; 37.504 ; counter1[8]  ; counter1[21] ; u_pll|altpll_component|auto_generated|pll1|clk[1] ; u_pll|altpll_component|auto_generated|pll1|clk[1] ; 40.000       ; -0.073     ; 2.425      ;
; 37.504 ; counter1[6]  ; counter1[19] ; u_pll|altpll_component|auto_generated|pll1|clk[1] ; u_pll|altpll_component|auto_generated|pll1|clk[1] ; 40.000       ; -0.073     ; 2.425      ;
; 37.504 ; counter1[4]  ; counter1[17] ; u_pll|altpll_component|auto_generated|pll1|clk[1] ; u_pll|altpll_component|auto_generated|pll1|clk[1] ; 40.000       ; -0.073     ; 2.425      ;
; 37.505 ; counter1[0]  ; counter1[13] ; u_pll|altpll_component|auto_generated|pll1|clk[1] ; u_pll|altpll_component|auto_generated|pll1|clk[1] ; 40.000       ; -0.073     ; 2.424      ;
; 37.505 ; counter1[10] ; counter1[23] ; u_pll|altpll_component|auto_generated|pll1|clk[1] ; u_pll|altpll_component|auto_generated|pll1|clk[1] ; 40.000       ; -0.073     ; 2.424      ;
; 37.509 ; counter1[2]  ; counter1[16] ; u_pll|altpll_component|auto_generated|pll1|clk[1] ; u_pll|altpll_component|auto_generated|pll1|clk[1] ; 40.000       ; -0.073     ; 2.420      ;
; 37.509 ; counter1[2]  ; counter1[15] ; u_pll|altpll_component|auto_generated|pll1|clk[1] ; u_pll|altpll_component|auto_generated|pll1|clk[1] ; 40.000       ; -0.073     ; 2.420      ;
; 37.516 ; counter1[8]  ; counter1[22] ; u_pll|altpll_component|auto_generated|pll1|clk[1] ; u_pll|altpll_component|auto_generated|pll1|clk[1] ; 40.000       ; -0.073     ; 2.413      ;
; 37.516 ; counter1[6]  ; counter1[20] ; u_pll|altpll_component|auto_generated|pll1|clk[1] ; u_pll|altpll_component|auto_generated|pll1|clk[1] ; 40.000       ; -0.073     ; 2.413      ;
; 37.516 ; counter1[4]  ; counter1[18] ; u_pll|altpll_component|auto_generated|pll1|clk[1] ; u_pll|altpll_component|auto_generated|pll1|clk[1] ; 40.000       ; -0.073     ; 2.413      ;
; 37.517 ; counter1[10] ; counter1[24] ; u_pll|altpll_component|auto_generated|pll1|clk[1] ; u_pll|altpll_component|auto_generated|pll1|clk[1] ; 40.000       ; -0.073     ; 2.412      ;
; 37.517 ; counter1[0]  ; counter1[14] ; u_pll|altpll_component|auto_generated|pll1|clk[1] ; u_pll|altpll_component|auto_generated|pll1|clk[1] ; 40.000       ; -0.073     ; 2.412      ;
; 37.552 ; counter1[5]  ; counter1[16] ; u_pll|altpll_component|auto_generated|pll1|clk[1] ; u_pll|altpll_component|auto_generated|pll1|clk[1] ; 40.000       ; -0.073     ; 2.377      ;
; 37.552 ; counter1[3]  ; counter1[14] ; u_pll|altpll_component|auto_generated|pll1|clk[1] ; u_pll|altpll_component|auto_generated|pll1|clk[1] ; 40.000       ; -0.073     ; 2.377      ;
; 37.554 ; counter1[13] ; counter1[24] ; u_pll|altpll_component|auto_generated|pll1|clk[1] ; u_pll|altpll_component|auto_generated|pll1|clk[1] ; 40.000       ; -0.072     ; 2.376      ;
; 37.556 ; counter1[1]  ; counter1[12] ; u_pll|altpll_component|auto_generated|pll1|clk[1] ; u_pll|altpll_component|auto_generated|pll1|clk[1] ; 40.000       ; -0.073     ; 2.373      ;
; 37.556 ; counter1[9]  ; counter1[20] ; u_pll|altpll_component|auto_generated|pll1|clk[1] ; u_pll|altpll_component|auto_generated|pll1|clk[1] ; 40.000       ; -0.073     ; 2.373      ;
; 37.556 ; counter1[7]  ; counter1[18] ; u_pll|altpll_component|auto_generated|pll1|clk[1] ; u_pll|altpll_component|auto_generated|pll1|clk[1] ; 40.000       ; -0.073     ; 2.373      ;
; 37.557 ; counter1[11] ; counter1[22] ; u_pll|altpll_component|auto_generated|pll1|clk[1] ; u_pll|altpll_component|auto_generated|pll1|clk[1] ; 40.000       ; -0.073     ; 2.372      ;
; 37.591 ; counter1[5]  ; counter1[17] ; u_pll|altpll_component|auto_generated|pll1|clk[1] ; u_pll|altpll_component|auto_generated|pll1|clk[1] ; 40.000       ; -0.073     ; 2.338      ;
; 37.591 ; counter1[3]  ; counter1[15] ; u_pll|altpll_component|auto_generated|pll1|clk[1] ; u_pll|altpll_component|auto_generated|pll1|clk[1] ; 40.000       ; -0.073     ; 2.338      ;
; 37.595 ; counter1[9]  ; counter1[21] ; u_pll|altpll_component|auto_generated|pll1|clk[1] ; u_pll|altpll_component|auto_generated|pll1|clk[1] ; 40.000       ; -0.073     ; 2.334      ;
; 37.595 ; counter1[7]  ; counter1[19] ; u_pll|altpll_component|auto_generated|pll1|clk[1] ; u_pll|altpll_component|auto_generated|pll1|clk[1] ; 40.000       ; -0.073     ; 2.334      ;
; 37.595 ; counter1[1]  ; counter1[13] ; u_pll|altpll_component|auto_generated|pll1|clk[1] ; u_pll|altpll_component|auto_generated|pll1|clk[1] ; 40.000       ; -0.073     ; 2.334      ;
; 37.596 ; counter1[11] ; counter1[23] ; u_pll|altpll_component|auto_generated|pll1|clk[1] ; u_pll|altpll_component|auto_generated|pll1|clk[1] ; 40.000       ; -0.073     ; 2.333      ;
; 37.630 ; counter1[8]  ; counter1[19] ; u_pll|altpll_component|auto_generated|pll1|clk[1] ; u_pll|altpll_component|auto_generated|pll1|clk[1] ; 40.000       ; -0.073     ; 2.299      ;
; 37.630 ; counter1[6]  ; counter1[17] ; u_pll|altpll_component|auto_generated|pll1|clk[1] ; u_pll|altpll_component|auto_generated|pll1|clk[1] ; 40.000       ; -0.073     ; 2.299      ;
; 37.630 ; counter1[4]  ; counter1[15] ; u_pll|altpll_component|auto_generated|pll1|clk[1] ; u_pll|altpll_component|auto_generated|pll1|clk[1] ; 40.000       ; -0.073     ; 2.299      ;
; 37.631 ; counter1[0]  ; counter1[11] ; u_pll|altpll_component|auto_generated|pll1|clk[1] ; u_pll|altpll_component|auto_generated|pll1|clk[1] ; 40.000       ; -0.073     ; 2.298      ;
; 37.631 ; counter1[10] ; counter1[21] ; u_pll|altpll_component|auto_generated|pll1|clk[1] ; u_pll|altpll_component|auto_generated|pll1|clk[1] ; 40.000       ; -0.073     ; 2.298      ;
; 37.632 ; counter1[12] ; counter1[23] ; u_pll|altpll_component|auto_generated|pll1|clk[1] ; u_pll|altpll_component|auto_generated|pll1|clk[1] ; 40.000       ; -0.072     ; 2.298      ;
; 37.635 ; counter1[2]  ; counter1[14] ; u_pll|altpll_component|auto_generated|pll1|clk[1] ; u_pll|altpll_component|auto_generated|pll1|clk[1] ; 40.000       ; -0.073     ; 2.294      ;
; 37.635 ; counter1[2]  ; counter1[13] ; u_pll|altpll_component|auto_generated|pll1|clk[1] ; u_pll|altpll_component|auto_generated|pll1|clk[1] ; 40.000       ; -0.073     ; 2.294      ;
; 37.642 ; counter1[8]  ; counter1[20] ; u_pll|altpll_component|auto_generated|pll1|clk[1] ; u_pll|altpll_component|auto_generated|pll1|clk[1] ; 40.000       ; -0.073     ; 2.287      ;
+--------+--------------+--------------+---------------------------------------------------+---------------------------------------------------+--------------+------------+------------+


+---------------------------------------------------------------------------------------------------------------------------------------------------------------------------------------+
; Slow 1200mV 0C Model Setup: 'u_pll|altpll_component|auto_generated|pll1|clk[2]'                                                                                                       ;
+--------+--------------+--------------+---------------------------------------------------+---------------------------------------------------+--------------+------------+------------+
; Slack  ; From Node    ; To Node      ; Launch Clock                                      ; Latch Clock                                       ; Relationship ; Clock Skew ; Data Delay ;
+--------+--------------+--------------+---------------------------------------------------+---------------------------------------------------+--------------+------------+------------+
; 96.875 ; counter2[0]  ; counter2[23] ; u_pll|altpll_component|auto_generated|pll1|clk[2] ; u_pll|altpll_component|auto_generated|pll1|clk[2] ; 100.000      ; -0.072     ; 3.055      ;
; 96.927 ; counter2[1]  ; counter2[22] ; u_pll|altpll_component|auto_generated|pll1|clk[2] ; u_pll|altpll_component|auto_generated|pll1|clk[2] ; 100.000      ; -0.072     ; 3.003      ;
; 96.966 ; counter2[1]  ; counter2[23] ; u_pll|altpll_component|auto_generated|pll1|clk[2] ; u_pll|altpll_component|auto_generated|pll1|clk[2] ; 100.000      ; -0.072     ; 2.964      ;
; 97.001 ; counter2[0]  ; counter2[21] ; u_pll|altpll_component|auto_generated|pll1|clk[2] ; u_pll|altpll_component|auto_generated|pll1|clk[2] ; 100.000      ; -0.072     ; 2.929      ;
; 97.006 ; counter2[2]  ; counter2[23] ; u_pll|altpll_component|auto_generated|pll1|clk[2] ; u_pll|altpll_component|auto_generated|pll1|clk[2] ; 100.000      ; -0.072     ; 2.924      ;
; 97.013 ; counter2[0]  ; counter2[22] ; u_pll|altpll_component|auto_generated|pll1|clk[2] ; u_pll|altpll_component|auto_generated|pll1|clk[2] ; 100.000      ; -0.072     ; 2.917      ;
; 97.049 ; counter2[3]  ; counter2[22] ; u_pll|altpll_component|auto_generated|pll1|clk[2] ; u_pll|altpll_component|auto_generated|pll1|clk[2] ; 100.000      ; -0.072     ; 2.881      ;
; 97.053 ; counter2[1]  ; counter2[20] ; u_pll|altpll_component|auto_generated|pll1|clk[2] ; u_pll|altpll_component|auto_generated|pll1|clk[2] ; 100.000      ; -0.072     ; 2.877      ;
; 97.088 ; counter2[3]  ; counter2[23] ; u_pll|altpll_component|auto_generated|pll1|clk[2] ; u_pll|altpll_component|auto_generated|pll1|clk[2] ; 100.000      ; -0.072     ; 2.842      ;
; 97.092 ; counter2[1]  ; counter2[21] ; u_pll|altpll_component|auto_generated|pll1|clk[2] ; u_pll|altpll_component|auto_generated|pll1|clk[2] ; 100.000      ; -0.072     ; 2.838      ;
; 97.127 ; counter2[0]  ; counter2[19] ; u_pll|altpll_component|auto_generated|pll1|clk[2] ; u_pll|altpll_component|auto_generated|pll1|clk[2] ; 100.000      ; -0.072     ; 2.803      ;
; 97.127 ; counter2[4]  ; counter2[23] ; u_pll|altpll_component|auto_generated|pll1|clk[2] ; u_pll|altpll_component|auto_generated|pll1|clk[2] ; 100.000      ; -0.072     ; 2.803      ;
; 97.132 ; counter2[2]  ; counter2[22] ; u_pll|altpll_component|auto_generated|pll1|clk[2] ; u_pll|altpll_component|auto_generated|pll1|clk[2] ; 100.000      ; -0.072     ; 2.798      ;
; 97.132 ; counter2[2]  ; counter2[21] ; u_pll|altpll_component|auto_generated|pll1|clk[2] ; u_pll|altpll_component|auto_generated|pll1|clk[2] ; 100.000      ; -0.072     ; 2.798      ;
; 97.139 ; counter2[0]  ; counter2[20] ; u_pll|altpll_component|auto_generated|pll1|clk[2] ; u_pll|altpll_component|auto_generated|pll1|clk[2] ; 100.000      ; -0.072     ; 2.791      ;
; 97.175 ; counter2[5]  ; counter2[22] ; u_pll|altpll_component|auto_generated|pll1|clk[2] ; u_pll|altpll_component|auto_generated|pll1|clk[2] ; 100.000      ; -0.072     ; 2.755      ;
; 97.175 ; counter2[3]  ; counter2[20] ; u_pll|altpll_component|auto_generated|pll1|clk[2] ; u_pll|altpll_component|auto_generated|pll1|clk[2] ; 100.000      ; -0.072     ; 2.755      ;
; 97.179 ; counter2[1]  ; counter2[18] ; u_pll|altpll_component|auto_generated|pll1|clk[2] ; u_pll|altpll_component|auto_generated|pll1|clk[2] ; 100.000      ; -0.072     ; 2.751      ;
; 97.214 ; counter2[5]  ; counter2[23] ; u_pll|altpll_component|auto_generated|pll1|clk[2] ; u_pll|altpll_component|auto_generated|pll1|clk[2] ; 100.000      ; -0.072     ; 2.716      ;
; 97.214 ; counter2[3]  ; counter2[21] ; u_pll|altpll_component|auto_generated|pll1|clk[2] ; u_pll|altpll_component|auto_generated|pll1|clk[2] ; 100.000      ; -0.072     ; 2.716      ;
; 97.218 ; counter2[1]  ; counter2[19] ; u_pll|altpll_component|auto_generated|pll1|clk[2] ; u_pll|altpll_component|auto_generated|pll1|clk[2] ; 100.000      ; -0.072     ; 2.712      ;
; 97.253 ; counter2[0]  ; counter2[17] ; u_pll|altpll_component|auto_generated|pll1|clk[2] ; u_pll|altpll_component|auto_generated|pll1|clk[2] ; 100.000      ; -0.072     ; 2.677      ;
; 97.253 ; counter2[6]  ; counter2[23] ; u_pll|altpll_component|auto_generated|pll1|clk[2] ; u_pll|altpll_component|auto_generated|pll1|clk[2] ; 100.000      ; -0.072     ; 2.677      ;
; 97.253 ; counter2[4]  ; counter2[21] ; u_pll|altpll_component|auto_generated|pll1|clk[2] ; u_pll|altpll_component|auto_generated|pll1|clk[2] ; 100.000      ; -0.072     ; 2.677      ;
; 97.258 ; counter2[2]  ; counter2[20] ; u_pll|altpll_component|auto_generated|pll1|clk[2] ; u_pll|altpll_component|auto_generated|pll1|clk[2] ; 100.000      ; -0.072     ; 2.672      ;
; 97.258 ; counter2[2]  ; counter2[19] ; u_pll|altpll_component|auto_generated|pll1|clk[2] ; u_pll|altpll_component|auto_generated|pll1|clk[2] ; 100.000      ; -0.072     ; 2.672      ;
; 97.265 ; counter2[4]  ; counter2[22] ; u_pll|altpll_component|auto_generated|pll1|clk[2] ; u_pll|altpll_component|auto_generated|pll1|clk[2] ; 100.000      ; -0.072     ; 2.665      ;
; 97.265 ; counter2[0]  ; counter2[18] ; u_pll|altpll_component|auto_generated|pll1|clk[2] ; u_pll|altpll_component|auto_generated|pll1|clk[2] ; 100.000      ; -0.072     ; 2.665      ;
; 97.301 ; counter2[5]  ; counter2[20] ; u_pll|altpll_component|auto_generated|pll1|clk[2] ; u_pll|altpll_component|auto_generated|pll1|clk[2] ; 100.000      ; -0.072     ; 2.629      ;
; 97.301 ; counter2[3]  ; counter2[18] ; u_pll|altpll_component|auto_generated|pll1|clk[2] ; u_pll|altpll_component|auto_generated|pll1|clk[2] ; 100.000      ; -0.072     ; 2.629      ;
; 97.305 ; counter2[1]  ; counter2[16] ; u_pll|altpll_component|auto_generated|pll1|clk[2] ; u_pll|altpll_component|auto_generated|pll1|clk[2] ; 100.000      ; -0.072     ; 2.625      ;
; 97.305 ; counter2[7]  ; counter2[22] ; u_pll|altpll_component|auto_generated|pll1|clk[2] ; u_pll|altpll_component|auto_generated|pll1|clk[2] ; 100.000      ; -0.072     ; 2.625      ;
; 97.340 ; counter2[5]  ; counter2[21] ; u_pll|altpll_component|auto_generated|pll1|clk[2] ; u_pll|altpll_component|auto_generated|pll1|clk[2] ; 100.000      ; -0.072     ; 2.590      ;
; 97.340 ; counter2[3]  ; counter2[19] ; u_pll|altpll_component|auto_generated|pll1|clk[2] ; u_pll|altpll_component|auto_generated|pll1|clk[2] ; 100.000      ; -0.072     ; 2.590      ;
; 97.344 ; counter2[7]  ; counter2[23] ; u_pll|altpll_component|auto_generated|pll1|clk[2] ; u_pll|altpll_component|auto_generated|pll1|clk[2] ; 100.000      ; -0.072     ; 2.586      ;
; 97.344 ; counter2[1]  ; counter2[17] ; u_pll|altpll_component|auto_generated|pll1|clk[2] ; u_pll|altpll_component|auto_generated|pll1|clk[2] ; 100.000      ; -0.072     ; 2.586      ;
; 97.379 ; counter2[0]  ; counter2[15] ; u_pll|altpll_component|auto_generated|pll1|clk[2] ; u_pll|altpll_component|auto_generated|pll1|clk[2] ; 100.000      ; -0.072     ; 2.551      ;
; 97.379 ; counter2[8]  ; counter2[23] ; u_pll|altpll_component|auto_generated|pll1|clk[2] ; u_pll|altpll_component|auto_generated|pll1|clk[2] ; 100.000      ; -0.072     ; 2.551      ;
; 97.379 ; counter2[6]  ; counter2[21] ; u_pll|altpll_component|auto_generated|pll1|clk[2] ; u_pll|altpll_component|auto_generated|pll1|clk[2] ; 100.000      ; -0.072     ; 2.551      ;
; 97.379 ; counter2[4]  ; counter2[19] ; u_pll|altpll_component|auto_generated|pll1|clk[2] ; u_pll|altpll_component|auto_generated|pll1|clk[2] ; 100.000      ; -0.072     ; 2.551      ;
; 97.384 ; counter2[2]  ; counter2[18] ; u_pll|altpll_component|auto_generated|pll1|clk[2] ; u_pll|altpll_component|auto_generated|pll1|clk[2] ; 100.000      ; -0.072     ; 2.546      ;
; 97.384 ; counter2[2]  ; counter2[17] ; u_pll|altpll_component|auto_generated|pll1|clk[2] ; u_pll|altpll_component|auto_generated|pll1|clk[2] ; 100.000      ; -0.072     ; 2.546      ;
; 97.391 ; counter2[6]  ; counter2[22] ; u_pll|altpll_component|auto_generated|pll1|clk[2] ; u_pll|altpll_component|auto_generated|pll1|clk[2] ; 100.000      ; -0.072     ; 2.539      ;
; 97.391 ; counter2[4]  ; counter2[20] ; u_pll|altpll_component|auto_generated|pll1|clk[2] ; u_pll|altpll_component|auto_generated|pll1|clk[2] ; 100.000      ; -0.072     ; 2.539      ;
; 97.391 ; counter2[0]  ; counter2[16] ; u_pll|altpll_component|auto_generated|pll1|clk[2] ; u_pll|altpll_component|auto_generated|pll1|clk[2] ; 100.000      ; -0.072     ; 2.539      ;
; 97.427 ; counter2[5]  ; counter2[18] ; u_pll|altpll_component|auto_generated|pll1|clk[2] ; u_pll|altpll_component|auto_generated|pll1|clk[2] ; 100.000      ; -0.072     ; 2.503      ;
; 97.427 ; counter2[3]  ; counter2[16] ; u_pll|altpll_component|auto_generated|pll1|clk[2] ; u_pll|altpll_component|auto_generated|pll1|clk[2] ; 100.000      ; -0.072     ; 2.503      ;
; 97.431 ; counter2[1]  ; counter2[14] ; u_pll|altpll_component|auto_generated|pll1|clk[2] ; u_pll|altpll_component|auto_generated|pll1|clk[2] ; 100.000      ; -0.072     ; 2.499      ;
; 97.431 ; counter2[9]  ; counter2[22] ; u_pll|altpll_component|auto_generated|pll1|clk[2] ; u_pll|altpll_component|auto_generated|pll1|clk[2] ; 100.000      ; -0.072     ; 2.499      ;
; 97.431 ; counter2[7]  ; counter2[20] ; u_pll|altpll_component|auto_generated|pll1|clk[2] ; u_pll|altpll_component|auto_generated|pll1|clk[2] ; 100.000      ; -0.072     ; 2.499      ;
; 97.466 ; counter2[5]  ; counter2[19] ; u_pll|altpll_component|auto_generated|pll1|clk[2] ; u_pll|altpll_component|auto_generated|pll1|clk[2] ; 100.000      ; -0.072     ; 2.464      ;
; 97.466 ; counter2[3]  ; counter2[17] ; u_pll|altpll_component|auto_generated|pll1|clk[2] ; u_pll|altpll_component|auto_generated|pll1|clk[2] ; 100.000      ; -0.072     ; 2.464      ;
; 97.470 ; counter2[9]  ; counter2[23] ; u_pll|altpll_component|auto_generated|pll1|clk[2] ; u_pll|altpll_component|auto_generated|pll1|clk[2] ; 100.000      ; -0.072     ; 2.460      ;
; 97.470 ; counter2[7]  ; counter2[21] ; u_pll|altpll_component|auto_generated|pll1|clk[2] ; u_pll|altpll_component|auto_generated|pll1|clk[2] ; 100.000      ; -0.072     ; 2.460      ;
; 97.470 ; counter2[1]  ; counter2[15] ; u_pll|altpll_component|auto_generated|pll1|clk[2] ; u_pll|altpll_component|auto_generated|pll1|clk[2] ; 100.000      ; -0.072     ; 2.460      ;
; 97.505 ; counter2[0]  ; counter2[13] ; u_pll|altpll_component|auto_generated|pll1|clk[2] ; u_pll|altpll_component|auto_generated|pll1|clk[2] ; 100.000      ; -0.072     ; 2.425      ;
; 97.505 ; counter2[8]  ; counter2[21] ; u_pll|altpll_component|auto_generated|pll1|clk[2] ; u_pll|altpll_component|auto_generated|pll1|clk[2] ; 100.000      ; -0.072     ; 2.425      ;
; 97.505 ; counter2[6]  ; counter2[19] ; u_pll|altpll_component|auto_generated|pll1|clk[2] ; u_pll|altpll_component|auto_generated|pll1|clk[2] ; 100.000      ; -0.072     ; 2.425      ;
; 97.505 ; counter2[4]  ; counter2[17] ; u_pll|altpll_component|auto_generated|pll1|clk[2] ; u_pll|altpll_component|auto_generated|pll1|clk[2] ; 100.000      ; -0.072     ; 2.425      ;
; 97.506 ; counter2[10] ; counter2[23] ; u_pll|altpll_component|auto_generated|pll1|clk[2] ; u_pll|altpll_component|auto_generated|pll1|clk[2] ; 100.000      ; -0.072     ; 2.424      ;
; 97.510 ; counter2[2]  ; counter2[16] ; u_pll|altpll_component|auto_generated|pll1|clk[2] ; u_pll|altpll_component|auto_generated|pll1|clk[2] ; 100.000      ; -0.072     ; 2.420      ;
; 97.510 ; counter2[2]  ; counter2[15] ; u_pll|altpll_component|auto_generated|pll1|clk[2] ; u_pll|altpll_component|auto_generated|pll1|clk[2] ; 100.000      ; -0.072     ; 2.420      ;
; 97.517 ; counter2[8]  ; counter2[22] ; u_pll|altpll_component|auto_generated|pll1|clk[2] ; u_pll|altpll_component|auto_generated|pll1|clk[2] ; 100.000      ; -0.072     ; 2.413      ;
; 97.517 ; counter2[6]  ; counter2[20] ; u_pll|altpll_component|auto_generated|pll1|clk[2] ; u_pll|altpll_component|auto_generated|pll1|clk[2] ; 100.000      ; -0.072     ; 2.413      ;
; 97.517 ; counter2[4]  ; counter2[18] ; u_pll|altpll_component|auto_generated|pll1|clk[2] ; u_pll|altpll_component|auto_generated|pll1|clk[2] ; 100.000      ; -0.072     ; 2.413      ;
; 97.517 ; counter2[0]  ; counter2[14] ; u_pll|altpll_component|auto_generated|pll1|clk[2] ; u_pll|altpll_component|auto_generated|pll1|clk[2] ; 100.000      ; -0.072     ; 2.413      ;
; 97.553 ; counter2[5]  ; counter2[16] ; u_pll|altpll_component|auto_generated|pll1|clk[2] ; u_pll|altpll_component|auto_generated|pll1|clk[2] ; 100.000      ; -0.072     ; 2.377      ;
; 97.553 ; counter2[3]  ; counter2[14] ; u_pll|altpll_component|auto_generated|pll1|clk[2] ; u_pll|altpll_component|auto_generated|pll1|clk[2] ; 100.000      ; -0.072     ; 2.377      ;
; 97.557 ; counter2[1]  ; counter2[12] ; u_pll|altpll_component|auto_generated|pll1|clk[2] ; u_pll|altpll_component|auto_generated|pll1|clk[2] ; 100.000      ; -0.072     ; 2.373      ;
; 97.557 ; counter2[9]  ; counter2[20] ; u_pll|altpll_component|auto_generated|pll1|clk[2] ; u_pll|altpll_component|auto_generated|pll1|clk[2] ; 100.000      ; -0.072     ; 2.373      ;
; 97.557 ; counter2[7]  ; counter2[18] ; u_pll|altpll_component|auto_generated|pll1|clk[2] ; u_pll|altpll_component|auto_generated|pll1|clk[2] ; 100.000      ; -0.072     ; 2.373      ;
; 97.558 ; counter2[11] ; counter2[22] ; u_pll|altpll_component|auto_generated|pll1|clk[2] ; u_pll|altpll_component|auto_generated|pll1|clk[2] ; 100.000      ; -0.072     ; 2.372      ;
; 97.592 ; counter2[5]  ; counter2[17] ; u_pll|altpll_component|auto_generated|pll1|clk[2] ; u_pll|altpll_component|auto_generated|pll1|clk[2] ; 100.000      ; -0.072     ; 2.338      ;
; 97.592 ; counter2[3]  ; counter2[15] ; u_pll|altpll_component|auto_generated|pll1|clk[2] ; u_pll|altpll_component|auto_generated|pll1|clk[2] ; 100.000      ; -0.072     ; 2.338      ;
; 97.596 ; counter2[9]  ; counter2[21] ; u_pll|altpll_component|auto_generated|pll1|clk[2] ; u_pll|altpll_component|auto_generated|pll1|clk[2] ; 100.000      ; -0.072     ; 2.334      ;
; 97.596 ; counter2[7]  ; counter2[19] ; u_pll|altpll_component|auto_generated|pll1|clk[2] ; u_pll|altpll_component|auto_generated|pll1|clk[2] ; 100.000      ; -0.072     ; 2.334      ;
; 97.596 ; counter2[1]  ; counter2[13] ; u_pll|altpll_component|auto_generated|pll1|clk[2] ; u_pll|altpll_component|auto_generated|pll1|clk[2] ; 100.000      ; -0.072     ; 2.334      ;
; 97.597 ; counter2[11] ; counter2[23] ; u_pll|altpll_component|auto_generated|pll1|clk[2] ; u_pll|altpll_component|auto_generated|pll1|clk[2] ; 100.000      ; -0.072     ; 2.333      ;
; 97.631 ; counter2[0]  ; counter2[11] ; u_pll|altpll_component|auto_generated|pll1|clk[2] ; u_pll|altpll_component|auto_generated|pll1|clk[2] ; 100.000      ; -0.072     ; 2.299      ;
; 97.631 ; counter2[8]  ; counter2[19] ; u_pll|altpll_component|auto_generated|pll1|clk[2] ; u_pll|altpll_component|auto_generated|pll1|clk[2] ; 100.000      ; -0.072     ; 2.299      ;
; 97.631 ; counter2[6]  ; counter2[17] ; u_pll|altpll_component|auto_generated|pll1|clk[2] ; u_pll|altpll_component|auto_generated|pll1|clk[2] ; 100.000      ; -0.072     ; 2.299      ;
; 97.631 ; counter2[4]  ; counter2[15] ; u_pll|altpll_component|auto_generated|pll1|clk[2] ; u_pll|altpll_component|auto_generated|pll1|clk[2] ; 100.000      ; -0.072     ; 2.299      ;
; 97.632 ; counter2[12] ; counter2[23] ; u_pll|altpll_component|auto_generated|pll1|clk[2] ; u_pll|altpll_component|auto_generated|pll1|clk[2] ; 100.000      ; -0.072     ; 2.298      ;
; 97.632 ; counter2[10] ; counter2[21] ; u_pll|altpll_component|auto_generated|pll1|clk[2] ; u_pll|altpll_component|auto_generated|pll1|clk[2] ; 100.000      ; -0.072     ; 2.298      ;
; 97.636 ; counter2[2]  ; counter2[14] ; u_pll|altpll_component|auto_generated|pll1|clk[2] ; u_pll|altpll_component|auto_generated|pll1|clk[2] ; 100.000      ; -0.072     ; 2.294      ;
; 97.636 ; counter2[2]  ; counter2[13] ; u_pll|altpll_component|auto_generated|pll1|clk[2] ; u_pll|altpll_component|auto_generated|pll1|clk[2] ; 100.000      ; -0.072     ; 2.294      ;
; 97.643 ; counter2[8]  ; counter2[20] ; u_pll|altpll_component|auto_generated|pll1|clk[2] ; u_pll|altpll_component|auto_generated|pll1|clk[2] ; 100.000      ; -0.072     ; 2.287      ;
; 97.643 ; counter2[6]  ; counter2[18] ; u_pll|altpll_component|auto_generated|pll1|clk[2] ; u_pll|altpll_component|auto_generated|pll1|clk[2] ; 100.000      ; -0.072     ; 2.287      ;
; 97.643 ; counter2[4]  ; counter2[16] ; u_pll|altpll_component|auto_generated|pll1|clk[2] ; u_pll|altpll_component|auto_generated|pll1|clk[2] ; 100.000      ; -0.072     ; 2.287      ;
; 97.643 ; counter2[0]  ; counter2[12] ; u_pll|altpll_component|auto_generated|pll1|clk[2] ; u_pll|altpll_component|auto_generated|pll1|clk[2] ; 100.000      ; -0.072     ; 2.287      ;
; 97.644 ; counter2[10] ; counter2[22] ; u_pll|altpll_component|auto_generated|pll1|clk[2] ; u_pll|altpll_component|auto_generated|pll1|clk[2] ; 100.000      ; -0.072     ; 2.286      ;
; 97.679 ; counter2[5]  ; counter2[14] ; u_pll|altpll_component|auto_generated|pll1|clk[2] ; u_pll|altpll_component|auto_generated|pll1|clk[2] ; 100.000      ; -0.072     ; 2.251      ;
; 97.679 ; counter2[3]  ; counter2[12] ; u_pll|altpll_component|auto_generated|pll1|clk[2] ; u_pll|altpll_component|auto_generated|pll1|clk[2] ; 100.000      ; -0.072     ; 2.251      ;
; 97.680 ; counter2[13] ; counter2[22] ; u_pll|altpll_component|auto_generated|pll1|clk[2] ; u_pll|altpll_component|auto_generated|pll1|clk[2] ; 100.000      ; -0.072     ; 2.250      ;
; 97.683 ; counter2[1]  ; counter2[10] ; u_pll|altpll_component|auto_generated|pll1|clk[2] ; u_pll|altpll_component|auto_generated|pll1|clk[2] ; 100.000      ; -0.072     ; 2.247      ;
; 97.683 ; counter2[9]  ; counter2[18] ; u_pll|altpll_component|auto_generated|pll1|clk[2] ; u_pll|altpll_component|auto_generated|pll1|clk[2] ; 100.000      ; -0.072     ; 2.247      ;
; 97.683 ; counter2[7]  ; counter2[16] ; u_pll|altpll_component|auto_generated|pll1|clk[2] ; u_pll|altpll_component|auto_generated|pll1|clk[2] ; 100.000      ; -0.072     ; 2.247      ;
; 97.684 ; counter2[11] ; counter2[20] ; u_pll|altpll_component|auto_generated|pll1|clk[2] ; u_pll|altpll_component|auto_generated|pll1|clk[2] ; 100.000      ; -0.072     ; 2.246      ;
; 97.718 ; counter2[5]  ; counter2[15] ; u_pll|altpll_component|auto_generated|pll1|clk[2] ; u_pll|altpll_component|auto_generated|pll1|clk[2] ; 100.000      ; -0.072     ; 2.212      ;
; 97.718 ; counter2[3]  ; counter2[13] ; u_pll|altpll_component|auto_generated|pll1|clk[2] ; u_pll|altpll_component|auto_generated|pll1|clk[2] ; 100.000      ; -0.072     ; 2.212      ;
+--------+--------------+--------------+---------------------------------------------------+---------------------------------------------------+--------------+------------+------------+


+----------------------------------------------------------------------------------------------------------------------------------------------------------------------------------------+
; Slow 1200mV 0C Model Setup: 'u_pll|altpll_component|auto_generated|pll1|clk[3]'                                                                                                        ;
+---------+--------------+--------------+---------------------------------------------------+---------------------------------------------------+--------------+------------+------------+
; Slack   ; From Node    ; To Node      ; Launch Clock                                      ; Latch Clock                                       ; Relationship ; Clock Skew ; Data Delay ;
+---------+--------------+--------------+---------------------------------------------------+---------------------------------------------------+--------------+------------+------------+
; 196.927 ; counter3[1]  ; counter3[22] ; u_pll|altpll_component|auto_generated|pll1|clk[3] ; u_pll|altpll_component|auto_generated|pll1|clk[3] ; 200.000      ; -0.072     ; 3.003      ;
; 197.006 ; counter3[0]  ; counter3[21] ; u_pll|altpll_component|auto_generated|pll1|clk[3] ; u_pll|altpll_component|auto_generated|pll1|clk[3] ; 200.000      ; -0.072     ; 2.924      ;
; 197.006 ; counter3[0]  ; counter3[22] ; u_pll|altpll_component|auto_generated|pll1|clk[3] ; u_pll|altpll_component|auto_generated|pll1|clk[3] ; 200.000      ; -0.072     ; 2.924      ;
; 197.049 ; counter3[3]  ; counter3[22] ; u_pll|altpll_component|auto_generated|pll1|clk[3] ; u_pll|altpll_component|auto_generated|pll1|clk[3] ; 200.000      ; -0.072     ; 2.881      ;
; 197.053 ; counter3[1]  ; counter3[20] ; u_pll|altpll_component|auto_generated|pll1|clk[3] ; u_pll|altpll_component|auto_generated|pll1|clk[3] ; 200.000      ; -0.072     ; 2.877      ;
; 197.092 ; counter3[1]  ; counter3[21] ; u_pll|altpll_component|auto_generated|pll1|clk[3] ; u_pll|altpll_component|auto_generated|pll1|clk[3] ; 200.000      ; -0.072     ; 2.838      ;
; 197.127 ; counter3[2]  ; counter3[21] ; u_pll|altpll_component|auto_generated|pll1|clk[3] ; u_pll|altpll_component|auto_generated|pll1|clk[3] ; 200.000      ; -0.072     ; 2.803      ;
; 197.132 ; counter3[0]  ; counter3[19] ; u_pll|altpll_component|auto_generated|pll1|clk[3] ; u_pll|altpll_component|auto_generated|pll1|clk[3] ; 200.000      ; -0.072     ; 2.798      ;
; 197.132 ; counter3[0]  ; counter3[20] ; u_pll|altpll_component|auto_generated|pll1|clk[3] ; u_pll|altpll_component|auto_generated|pll1|clk[3] ; 200.000      ; -0.072     ; 2.798      ;
; 197.139 ; counter3[2]  ; counter3[22] ; u_pll|altpll_component|auto_generated|pll1|clk[3] ; u_pll|altpll_component|auto_generated|pll1|clk[3] ; 200.000      ; -0.072     ; 2.791      ;
; 197.175 ; counter3[5]  ; counter3[22] ; u_pll|altpll_component|auto_generated|pll1|clk[3] ; u_pll|altpll_component|auto_generated|pll1|clk[3] ; 200.000      ; -0.072     ; 2.755      ;
; 197.175 ; counter3[3]  ; counter3[20] ; u_pll|altpll_component|auto_generated|pll1|clk[3] ; u_pll|altpll_component|auto_generated|pll1|clk[3] ; 200.000      ; -0.072     ; 2.755      ;
; 197.179 ; counter3[1]  ; counter3[18] ; u_pll|altpll_component|auto_generated|pll1|clk[3] ; u_pll|altpll_component|auto_generated|pll1|clk[3] ; 200.000      ; -0.072     ; 2.751      ;
; 197.214 ; counter3[3]  ; counter3[21] ; u_pll|altpll_component|auto_generated|pll1|clk[3] ; u_pll|altpll_component|auto_generated|pll1|clk[3] ; 200.000      ; -0.072     ; 2.716      ;
; 197.218 ; counter3[1]  ; counter3[19] ; u_pll|altpll_component|auto_generated|pll1|clk[3] ; u_pll|altpll_component|auto_generated|pll1|clk[3] ; 200.000      ; -0.072     ; 2.712      ;
; 197.253 ; counter3[4]  ; counter3[21] ; u_pll|altpll_component|auto_generated|pll1|clk[3] ; u_pll|altpll_component|auto_generated|pll1|clk[3] ; 200.000      ; -0.072     ; 2.677      ;
; 197.253 ; counter3[2]  ; counter3[19] ; u_pll|altpll_component|auto_generated|pll1|clk[3] ; u_pll|altpll_component|auto_generated|pll1|clk[3] ; 200.000      ; -0.072     ; 2.677      ;
; 197.258 ; counter3[0]  ; counter3[17] ; u_pll|altpll_component|auto_generated|pll1|clk[3] ; u_pll|altpll_component|auto_generated|pll1|clk[3] ; 200.000      ; -0.072     ; 2.672      ;
; 197.258 ; counter3[0]  ; counter3[18] ; u_pll|altpll_component|auto_generated|pll1|clk[3] ; u_pll|altpll_component|auto_generated|pll1|clk[3] ; 200.000      ; -0.072     ; 2.672      ;
; 197.265 ; counter3[4]  ; counter3[22] ; u_pll|altpll_component|auto_generated|pll1|clk[3] ; u_pll|altpll_component|auto_generated|pll1|clk[3] ; 200.000      ; -0.072     ; 2.665      ;
; 197.265 ; counter3[2]  ; counter3[20] ; u_pll|altpll_component|auto_generated|pll1|clk[3] ; u_pll|altpll_component|auto_generated|pll1|clk[3] ; 200.000      ; -0.072     ; 2.665      ;
; 197.301 ; counter3[7]  ; counter3[22] ; u_pll|altpll_component|auto_generated|pll1|clk[3] ; u_pll|altpll_component|auto_generated|pll1|clk[3] ; 200.000      ; -0.072     ; 2.629      ;
; 197.301 ; counter3[5]  ; counter3[20] ; u_pll|altpll_component|auto_generated|pll1|clk[3] ; u_pll|altpll_component|auto_generated|pll1|clk[3] ; 200.000      ; -0.072     ; 2.629      ;
; 197.301 ; counter3[3]  ; counter3[18] ; u_pll|altpll_component|auto_generated|pll1|clk[3] ; u_pll|altpll_component|auto_generated|pll1|clk[3] ; 200.000      ; -0.072     ; 2.629      ;
; 197.305 ; counter3[1]  ; counter3[16] ; u_pll|altpll_component|auto_generated|pll1|clk[3] ; u_pll|altpll_component|auto_generated|pll1|clk[3] ; 200.000      ; -0.072     ; 2.625      ;
; 197.340 ; counter3[5]  ; counter3[21] ; u_pll|altpll_component|auto_generated|pll1|clk[3] ; u_pll|altpll_component|auto_generated|pll1|clk[3] ; 200.000      ; -0.072     ; 2.590      ;
; 197.340 ; counter3[3]  ; counter3[19] ; u_pll|altpll_component|auto_generated|pll1|clk[3] ; u_pll|altpll_component|auto_generated|pll1|clk[3] ; 200.000      ; -0.072     ; 2.590      ;
; 197.344 ; counter3[1]  ; counter3[17] ; u_pll|altpll_component|auto_generated|pll1|clk[3] ; u_pll|altpll_component|auto_generated|pll1|clk[3] ; 200.000      ; -0.072     ; 2.586      ;
; 197.379 ; counter3[4]  ; counter3[19] ; u_pll|altpll_component|auto_generated|pll1|clk[3] ; u_pll|altpll_component|auto_generated|pll1|clk[3] ; 200.000      ; -0.072     ; 2.551      ;
; 197.379 ; counter3[2]  ; counter3[17] ; u_pll|altpll_component|auto_generated|pll1|clk[3] ; u_pll|altpll_component|auto_generated|pll1|clk[3] ; 200.000      ; -0.072     ; 2.551      ;
; 197.384 ; counter3[0]  ; counter3[15] ; u_pll|altpll_component|auto_generated|pll1|clk[3] ; u_pll|altpll_component|auto_generated|pll1|clk[3] ; 200.000      ; -0.072     ; 2.546      ;
; 197.384 ; counter3[6]  ; counter3[22] ; u_pll|altpll_component|auto_generated|pll1|clk[3] ; u_pll|altpll_component|auto_generated|pll1|clk[3] ; 200.000      ; -0.072     ; 2.546      ;
; 197.384 ; counter3[6]  ; counter3[21] ; u_pll|altpll_component|auto_generated|pll1|clk[3] ; u_pll|altpll_component|auto_generated|pll1|clk[3] ; 200.000      ; -0.072     ; 2.546      ;
; 197.384 ; counter3[0]  ; counter3[16] ; u_pll|altpll_component|auto_generated|pll1|clk[3] ; u_pll|altpll_component|auto_generated|pll1|clk[3] ; 200.000      ; -0.072     ; 2.546      ;
; 197.391 ; counter3[4]  ; counter3[20] ; u_pll|altpll_component|auto_generated|pll1|clk[3] ; u_pll|altpll_component|auto_generated|pll1|clk[3] ; 200.000      ; -0.072     ; 2.539      ;
; 197.391 ; counter3[2]  ; counter3[18] ; u_pll|altpll_component|auto_generated|pll1|clk[3] ; u_pll|altpll_component|auto_generated|pll1|clk[3] ; 200.000      ; -0.072     ; 2.539      ;
; 197.427 ; counter3[7]  ; counter3[20] ; u_pll|altpll_component|auto_generated|pll1|clk[3] ; u_pll|altpll_component|auto_generated|pll1|clk[3] ; 200.000      ; -0.072     ; 2.503      ;
; 197.427 ; counter3[5]  ; counter3[18] ; u_pll|altpll_component|auto_generated|pll1|clk[3] ; u_pll|altpll_component|auto_generated|pll1|clk[3] ; 200.000      ; -0.072     ; 2.503      ;
; 197.427 ; counter3[3]  ; counter3[16] ; u_pll|altpll_component|auto_generated|pll1|clk[3] ; u_pll|altpll_component|auto_generated|pll1|clk[3] ; 200.000      ; -0.072     ; 2.503      ;
; 197.428 ; counter3[9]  ; counter3[22] ; u_pll|altpll_component|auto_generated|pll1|clk[3] ; u_pll|altpll_component|auto_generated|pll1|clk[3] ; 200.000      ; -0.072     ; 2.502      ;
; 197.431 ; counter3[1]  ; counter3[14] ; u_pll|altpll_component|auto_generated|pll1|clk[3] ; u_pll|altpll_component|auto_generated|pll1|clk[3] ; 200.000      ; -0.072     ; 2.499      ;
; 197.466 ; counter3[7]  ; counter3[21] ; u_pll|altpll_component|auto_generated|pll1|clk[3] ; u_pll|altpll_component|auto_generated|pll1|clk[3] ; 200.000      ; -0.072     ; 2.464      ;
; 197.466 ; counter3[5]  ; counter3[19] ; u_pll|altpll_component|auto_generated|pll1|clk[3] ; u_pll|altpll_component|auto_generated|pll1|clk[3] ; 200.000      ; -0.072     ; 2.464      ;
; 197.466 ; counter3[3]  ; counter3[17] ; u_pll|altpll_component|auto_generated|pll1|clk[3] ; u_pll|altpll_component|auto_generated|pll1|clk[3] ; 200.000      ; -0.072     ; 2.464      ;
; 197.470 ; counter3[1]  ; counter3[15] ; u_pll|altpll_component|auto_generated|pll1|clk[3] ; u_pll|altpll_component|auto_generated|pll1|clk[3] ; 200.000      ; -0.072     ; 2.460      ;
; 197.505 ; counter3[4]  ; counter3[17] ; u_pll|altpll_component|auto_generated|pll1|clk[3] ; u_pll|altpll_component|auto_generated|pll1|clk[3] ; 200.000      ; -0.072     ; 2.425      ;
; 197.505 ; counter3[2]  ; counter3[15] ; u_pll|altpll_component|auto_generated|pll1|clk[3] ; u_pll|altpll_component|auto_generated|pll1|clk[3] ; 200.000      ; -0.072     ; 2.425      ;
; 197.510 ; counter3[0]  ; counter3[13] ; u_pll|altpll_component|auto_generated|pll1|clk[3] ; u_pll|altpll_component|auto_generated|pll1|clk[3] ; 200.000      ; -0.072     ; 2.420      ;
; 197.510 ; counter3[8]  ; counter3[22] ; u_pll|altpll_component|auto_generated|pll1|clk[3] ; u_pll|altpll_component|auto_generated|pll1|clk[3] ; 200.000      ; -0.072     ; 2.420      ;
; 197.510 ; counter3[8]  ; counter3[21] ; u_pll|altpll_component|auto_generated|pll1|clk[3] ; u_pll|altpll_component|auto_generated|pll1|clk[3] ; 200.000      ; -0.072     ; 2.420      ;
; 197.510 ; counter3[6]  ; counter3[20] ; u_pll|altpll_component|auto_generated|pll1|clk[3] ; u_pll|altpll_component|auto_generated|pll1|clk[3] ; 200.000      ; -0.072     ; 2.420      ;
; 197.510 ; counter3[6]  ; counter3[19] ; u_pll|altpll_component|auto_generated|pll1|clk[3] ; u_pll|altpll_component|auto_generated|pll1|clk[3] ; 200.000      ; -0.072     ; 2.420      ;
; 197.510 ; counter3[0]  ; counter3[14] ; u_pll|altpll_component|auto_generated|pll1|clk[3] ; u_pll|altpll_component|auto_generated|pll1|clk[3] ; 200.000      ; -0.072     ; 2.420      ;
; 197.517 ; counter3[4]  ; counter3[18] ; u_pll|altpll_component|auto_generated|pll1|clk[3] ; u_pll|altpll_component|auto_generated|pll1|clk[3] ; 200.000      ; -0.072     ; 2.413      ;
; 197.517 ; counter3[2]  ; counter3[16] ; u_pll|altpll_component|auto_generated|pll1|clk[3] ; u_pll|altpll_component|auto_generated|pll1|clk[3] ; 200.000      ; -0.072     ; 2.413      ;
; 197.553 ; counter3[7]  ; counter3[18] ; u_pll|altpll_component|auto_generated|pll1|clk[3] ; u_pll|altpll_component|auto_generated|pll1|clk[3] ; 200.000      ; -0.072     ; 2.377      ;
; 197.553 ; counter3[5]  ; counter3[16] ; u_pll|altpll_component|auto_generated|pll1|clk[3] ; u_pll|altpll_component|auto_generated|pll1|clk[3] ; 200.000      ; -0.072     ; 2.377      ;
; 197.553 ; counter3[3]  ; counter3[14] ; u_pll|altpll_component|auto_generated|pll1|clk[3] ; u_pll|altpll_component|auto_generated|pll1|clk[3] ; 200.000      ; -0.072     ; 2.377      ;
; 197.554 ; counter3[11] ; counter3[22] ; u_pll|altpll_component|auto_generated|pll1|clk[3] ; u_pll|altpll_component|auto_generated|pll1|clk[3] ; 200.000      ; -0.072     ; 2.376      ;
; 197.554 ; counter3[9]  ; counter3[20] ; u_pll|altpll_component|auto_generated|pll1|clk[3] ; u_pll|altpll_component|auto_generated|pll1|clk[3] ; 200.000      ; -0.072     ; 2.376      ;
; 197.557 ; counter3[1]  ; counter3[12] ; u_pll|altpll_component|auto_generated|pll1|clk[3] ; u_pll|altpll_component|auto_generated|pll1|clk[3] ; 200.000      ; -0.072     ; 2.373      ;
; 197.592 ; counter3[7]  ; counter3[19] ; u_pll|altpll_component|auto_generated|pll1|clk[3] ; u_pll|altpll_component|auto_generated|pll1|clk[3] ; 200.000      ; -0.072     ; 2.338      ;
; 197.592 ; counter3[5]  ; counter3[17] ; u_pll|altpll_component|auto_generated|pll1|clk[3] ; u_pll|altpll_component|auto_generated|pll1|clk[3] ; 200.000      ; -0.072     ; 2.338      ;
; 197.592 ; counter3[3]  ; counter3[15] ; u_pll|altpll_component|auto_generated|pll1|clk[3] ; u_pll|altpll_component|auto_generated|pll1|clk[3] ; 200.000      ; -0.072     ; 2.338      ;
; 197.593 ; counter3[9]  ; counter3[21] ; u_pll|altpll_component|auto_generated|pll1|clk[3] ; u_pll|altpll_component|auto_generated|pll1|clk[3] ; 200.000      ; -0.072     ; 2.337      ;
; 197.596 ; counter3[1]  ; counter3[13] ; u_pll|altpll_component|auto_generated|pll1|clk[3] ; u_pll|altpll_component|auto_generated|pll1|clk[3] ; 200.000      ; -0.072     ; 2.334      ;
; 197.631 ; counter3[4]  ; counter3[15] ; u_pll|altpll_component|auto_generated|pll1|clk[3] ; u_pll|altpll_component|auto_generated|pll1|clk[3] ; 200.000      ; -0.072     ; 2.299      ;
; 197.631 ; counter3[2]  ; counter3[13] ; u_pll|altpll_component|auto_generated|pll1|clk[3] ; u_pll|altpll_component|auto_generated|pll1|clk[3] ; 200.000      ; -0.072     ; 2.299      ;
; 197.636 ; counter3[0]  ; counter3[11] ; u_pll|altpll_component|auto_generated|pll1|clk[3] ; u_pll|altpll_component|auto_generated|pll1|clk[3] ; 200.000      ; -0.072     ; 2.294      ;
; 197.636 ; counter3[8]  ; counter3[20] ; u_pll|altpll_component|auto_generated|pll1|clk[3] ; u_pll|altpll_component|auto_generated|pll1|clk[3] ; 200.000      ; -0.072     ; 2.294      ;
; 197.636 ; counter3[8]  ; counter3[19] ; u_pll|altpll_component|auto_generated|pll1|clk[3] ; u_pll|altpll_component|auto_generated|pll1|clk[3] ; 200.000      ; -0.072     ; 2.294      ;
; 197.636 ; counter3[6]  ; counter3[18] ; u_pll|altpll_component|auto_generated|pll1|clk[3] ; u_pll|altpll_component|auto_generated|pll1|clk[3] ; 200.000      ; -0.072     ; 2.294      ;
; 197.636 ; counter3[6]  ; counter3[17] ; u_pll|altpll_component|auto_generated|pll1|clk[3] ; u_pll|altpll_component|auto_generated|pll1|clk[3] ; 200.000      ; -0.072     ; 2.294      ;
; 197.636 ; counter3[0]  ; counter3[12] ; u_pll|altpll_component|auto_generated|pll1|clk[3] ; u_pll|altpll_component|auto_generated|pll1|clk[3] ; 200.000      ; -0.072     ; 2.294      ;
; 197.637 ; counter3[10] ; counter3[22] ; u_pll|altpll_component|auto_generated|pll1|clk[3] ; u_pll|altpll_component|auto_generated|pll1|clk[3] ; 200.000      ; -0.072     ; 2.293      ;
; 197.637 ; counter3[10] ; counter3[21] ; u_pll|altpll_component|auto_generated|pll1|clk[3] ; u_pll|altpll_component|auto_generated|pll1|clk[3] ; 200.000      ; -0.072     ; 2.293      ;
; 197.643 ; counter3[4]  ; counter3[16] ; u_pll|altpll_component|auto_generated|pll1|clk[3] ; u_pll|altpll_component|auto_generated|pll1|clk[3] ; 200.000      ; -0.072     ; 2.287      ;
; 197.643 ; counter3[2]  ; counter3[14] ; u_pll|altpll_component|auto_generated|pll1|clk[3] ; u_pll|altpll_component|auto_generated|pll1|clk[3] ; 200.000      ; -0.072     ; 2.287      ;
; 197.679 ; counter3[13] ; counter3[22] ; u_pll|altpll_component|auto_generated|pll1|clk[3] ; u_pll|altpll_component|auto_generated|pll1|clk[3] ; 200.000      ; -0.072     ; 2.251      ;
; 197.679 ; counter3[7]  ; counter3[16] ; u_pll|altpll_component|auto_generated|pll1|clk[3] ; u_pll|altpll_component|auto_generated|pll1|clk[3] ; 200.000      ; -0.072     ; 2.251      ;
; 197.679 ; counter3[5]  ; counter3[14] ; u_pll|altpll_component|auto_generated|pll1|clk[3] ; u_pll|altpll_component|auto_generated|pll1|clk[3] ; 200.000      ; -0.072     ; 2.251      ;
; 197.679 ; counter3[3]  ; counter3[12] ; u_pll|altpll_component|auto_generated|pll1|clk[3] ; u_pll|altpll_component|auto_generated|pll1|clk[3] ; 200.000      ; -0.072     ; 2.251      ;
; 197.680 ; counter3[11] ; counter3[20] ; u_pll|altpll_component|auto_generated|pll1|clk[3] ; u_pll|altpll_component|auto_generated|pll1|clk[3] ; 200.000      ; -0.072     ; 2.250      ;
; 197.680 ; counter3[9]  ; counter3[18] ; u_pll|altpll_component|auto_generated|pll1|clk[3] ; u_pll|altpll_component|auto_generated|pll1|clk[3] ; 200.000      ; -0.072     ; 2.250      ;
; 197.683 ; counter3[1]  ; counter3[10] ; u_pll|altpll_component|auto_generated|pll1|clk[3] ; u_pll|altpll_component|auto_generated|pll1|clk[3] ; 200.000      ; -0.072     ; 2.247      ;
; 197.718 ; counter3[7]  ; counter3[17] ; u_pll|altpll_component|auto_generated|pll1|clk[3] ; u_pll|altpll_component|auto_generated|pll1|clk[3] ; 200.000      ; -0.072     ; 2.212      ;
; 197.718 ; counter3[5]  ; counter3[15] ; u_pll|altpll_component|auto_generated|pll1|clk[3] ; u_pll|altpll_component|auto_generated|pll1|clk[3] ; 200.000      ; -0.072     ; 2.212      ;
; 197.718 ; counter3[3]  ; counter3[13] ; u_pll|altpll_component|auto_generated|pll1|clk[3] ; u_pll|altpll_component|auto_generated|pll1|clk[3] ; 200.000      ; -0.072     ; 2.212      ;
; 197.719 ; counter3[11] ; counter3[21] ; u_pll|altpll_component|auto_generated|pll1|clk[3] ; u_pll|altpll_component|auto_generated|pll1|clk[3] ; 200.000      ; -0.072     ; 2.211      ;
; 197.719 ; counter3[9]  ; counter3[19] ; u_pll|altpll_component|auto_generated|pll1|clk[3] ; u_pll|altpll_component|auto_generated|pll1|clk[3] ; 200.000      ; -0.072     ; 2.211      ;
; 197.722 ; counter3[1]  ; counter3[11] ; u_pll|altpll_component|auto_generated|pll1|clk[3] ; u_pll|altpll_component|auto_generated|pll1|clk[3] ; 200.000      ; -0.072     ; 2.208      ;
; 197.757 ; counter3[4]  ; counter3[13] ; u_pll|altpll_component|auto_generated|pll1|clk[3] ; u_pll|altpll_component|auto_generated|pll1|clk[3] ; 200.000      ; -0.072     ; 2.173      ;
; 197.757 ; counter3[2]  ; counter3[11] ; u_pll|altpll_component|auto_generated|pll1|clk[3] ; u_pll|altpll_component|auto_generated|pll1|clk[3] ; 200.000      ; -0.072     ; 2.173      ;
; 197.758 ; counter3[12] ; counter3[21] ; u_pll|altpll_component|auto_generated|pll1|clk[3] ; u_pll|altpll_component|auto_generated|pll1|clk[3] ; 200.000      ; -0.072     ; 2.172      ;
; 197.762 ; counter3[0]  ; counter3[9]  ; u_pll|altpll_component|auto_generated|pll1|clk[3] ; u_pll|altpll_component|auto_generated|pll1|clk[3] ; 200.000      ; -0.072     ; 2.168      ;
; 197.762 ; counter3[8]  ; counter3[18] ; u_pll|altpll_component|auto_generated|pll1|clk[3] ; u_pll|altpll_component|auto_generated|pll1|clk[3] ; 200.000      ; -0.072     ; 2.168      ;
; 197.762 ; counter3[8]  ; counter3[17] ; u_pll|altpll_component|auto_generated|pll1|clk[3] ; u_pll|altpll_component|auto_generated|pll1|clk[3] ; 200.000      ; -0.072     ; 2.168      ;
; 197.762 ; counter3[6]  ; counter3[16] ; u_pll|altpll_component|auto_generated|pll1|clk[3] ; u_pll|altpll_component|auto_generated|pll1|clk[3] ; 200.000      ; -0.072     ; 2.168      ;
; 197.762 ; counter3[6]  ; counter3[15] ; u_pll|altpll_component|auto_generated|pll1|clk[3] ; u_pll|altpll_component|auto_generated|pll1|clk[3] ; 200.000      ; -0.072     ; 2.168      ;
; 197.762 ; counter3[0]  ; counter3[10] ; u_pll|altpll_component|auto_generated|pll1|clk[3] ; u_pll|altpll_component|auto_generated|pll1|clk[3] ; 200.000      ; -0.072     ; 2.168      ;
+---------+--------------+--------------+---------------------------------------------------+---------------------------------------------------+--------------+------------+------------+


+--------------------------------------------------------------------------------------------------------------------------------------------------------------------------------------+
; Slow 1200mV 0C Model Hold: 'u_pll|altpll_component|auto_generated|pll1|clk[1]'                                                                                                       ;
+-------+--------------+--------------+---------------------------------------------------+---------------------------------------------------+--------------+------------+------------+
; Slack ; From Node    ; To Node      ; Launch Clock                                      ; Latch Clock                                       ; Relationship ; Clock Skew ; Data Delay ;
+-------+--------------+--------------+---------------------------------------------------+---------------------------------------------------+--------------+------------+------------+
; 0.470 ; counter1[24] ; counter1[24] ; u_pll|altpll_component|auto_generated|pll1|clk[1] ; u_pll|altpll_component|auto_generated|pll1|clk[1] ; 0.000        ; 0.072      ; 0.737      ;
; 0.682 ; counter1[11] ; counter1[11] ; u_pll|altpll_component|auto_generated|pll1|clk[1] ; u_pll|altpll_component|auto_generated|pll1|clk[1] ; 0.000        ; 0.073      ; 0.950      ;
; 0.683 ; counter1[9]  ; counter1[9]  ; u_pll|altpll_component|auto_generated|pll1|clk[1] ; u_pll|altpll_component|auto_generated|pll1|clk[1] ; 0.000        ; 0.073      ; 0.951      ;
; 0.683 ; counter1[1]  ; counter1[1]  ; u_pll|altpll_component|auto_generated|pll1|clk[1] ; u_pll|altpll_component|auto_generated|pll1|clk[1] ; 0.000        ; 0.073      ; 0.951      ;
; 0.684 ; counter1[7]  ; counter1[7]  ; u_pll|altpll_component|auto_generated|pll1|clk[1] ; u_pll|altpll_component|auto_generated|pll1|clk[1] ; 0.000        ; 0.073      ; 0.952      ;
; 0.685 ; counter1[17] ; counter1[17] ; u_pll|altpll_component|auto_generated|pll1|clk[1] ; u_pll|altpll_component|auto_generated|pll1|clk[1] ; 0.000        ; 0.072      ; 0.952      ;
; 0.685 ; counter1[15] ; counter1[15] ; u_pll|altpll_component|auto_generated|pll1|clk[1] ; u_pll|altpll_component|auto_generated|pll1|clk[1] ; 0.000        ; 0.072      ; 0.952      ;
; 0.686 ; counter1[23] ; counter1[23] ; u_pll|altpll_component|auto_generated|pll1|clk[1] ; u_pll|altpll_component|auto_generated|pll1|clk[1] ; 0.000        ; 0.072      ; 0.953      ;
; 0.686 ; counter1[13] ; counter1[13] ; u_pll|altpll_component|auto_generated|pll1|clk[1] ; u_pll|altpll_component|auto_generated|pll1|clk[1] ; 0.000        ; 0.072      ; 0.953      ;
; 0.686 ; counter1[5]  ; counter1[5]  ; u_pll|altpll_component|auto_generated|pll1|clk[1] ; u_pll|altpll_component|auto_generated|pll1|clk[1] ; 0.000        ; 0.073      ; 0.954      ;
; 0.686 ; counter1[3]  ; counter1[3]  ; u_pll|altpll_component|auto_generated|pll1|clk[1] ; u_pll|altpll_component|auto_generated|pll1|clk[1] ; 0.000        ; 0.073      ; 0.954      ;
; 0.686 ; counter1[2]  ; counter1[2]  ; u_pll|altpll_component|auto_generated|pll1|clk[1] ; u_pll|altpll_component|auto_generated|pll1|clk[1] ; 0.000        ; 0.073      ; 0.954      ;
; 0.688 ; counter1[18] ; counter1[18] ; u_pll|altpll_component|auto_generated|pll1|clk[1] ; u_pll|altpll_component|auto_generated|pll1|clk[1] ; 0.000        ; 0.072      ; 0.955      ;
; 0.688 ; counter1[10] ; counter1[10] ; u_pll|altpll_component|auto_generated|pll1|clk[1] ; u_pll|altpll_component|auto_generated|pll1|clk[1] ; 0.000        ; 0.073      ; 0.956      ;
; 0.689 ; counter1[21] ; counter1[21] ; u_pll|altpll_component|auto_generated|pll1|clk[1] ; u_pll|altpll_component|auto_generated|pll1|clk[1] ; 0.000        ; 0.072      ; 0.956      ;
; 0.689 ; counter1[19] ; counter1[19] ; u_pll|altpll_component|auto_generated|pll1|clk[1] ; u_pll|altpll_component|auto_generated|pll1|clk[1] ; 0.000        ; 0.072      ; 0.956      ;
; 0.689 ; counter1[12] ; counter1[12] ; u_pll|altpll_component|auto_generated|pll1|clk[1] ; u_pll|altpll_component|auto_generated|pll1|clk[1] ; 0.000        ; 0.072      ; 0.956      ;
; 0.689 ; counter1[8]  ; counter1[8]  ; u_pll|altpll_component|auto_generated|pll1|clk[1] ; u_pll|altpll_component|auto_generated|pll1|clk[1] ; 0.000        ; 0.073      ; 0.957      ;
; 0.689 ; counter1[6]  ; counter1[6]  ; u_pll|altpll_component|auto_generated|pll1|clk[1] ; u_pll|altpll_component|auto_generated|pll1|clk[1] ; 0.000        ; 0.073      ; 0.957      ;
; 0.690 ; counter1[14] ; counter1[14] ; u_pll|altpll_component|auto_generated|pll1|clk[1] ; u_pll|altpll_component|auto_generated|pll1|clk[1] ; 0.000        ; 0.072      ; 0.957      ;
; 0.690 ; counter1[4]  ; counter1[4]  ; u_pll|altpll_component|auto_generated|pll1|clk[1] ; u_pll|altpll_component|auto_generated|pll1|clk[1] ; 0.000        ; 0.073      ; 0.958      ;
; 0.691 ; counter1[16] ; counter1[16] ; u_pll|altpll_component|auto_generated|pll1|clk[1] ; u_pll|altpll_component|auto_generated|pll1|clk[1] ; 0.000        ; 0.072      ; 0.958      ;
; 0.692 ; counter1[22] ; counter1[22] ; u_pll|altpll_component|auto_generated|pll1|clk[1] ; u_pll|altpll_component|auto_generated|pll1|clk[1] ; 0.000        ; 0.072      ; 0.959      ;
; 0.692 ; counter1[20] ; counter1[20] ; u_pll|altpll_component|auto_generated|pll1|clk[1] ; u_pll|altpll_component|auto_generated|pll1|clk[1] ; 0.000        ; 0.072      ; 0.959      ;
; 0.713 ; counter1[0]  ; counter1[0]  ; u_pll|altpll_component|auto_generated|pll1|clk[1] ; u_pll|altpll_component|auto_generated|pll1|clk[1] ; 0.000        ; 0.073      ; 0.981      ;
; 1.005 ; counter1[10] ; counter1[11] ; u_pll|altpll_component|auto_generated|pll1|clk[1] ; u_pll|altpll_component|auto_generated|pll1|clk[1] ; 0.000        ; 0.073      ; 1.273      ;
; 1.005 ; counter1[1]  ; counter1[2]  ; u_pll|altpll_component|auto_generated|pll1|clk[1] ; u_pll|altpll_component|auto_generated|pll1|clk[1] ; 0.000        ; 0.073      ; 1.273      ;
; 1.005 ; counter1[9]  ; counter1[10] ; u_pll|altpll_component|auto_generated|pll1|clk[1] ; u_pll|altpll_component|auto_generated|pll1|clk[1] ; 0.000        ; 0.073      ; 1.273      ;
; 1.005 ; counter1[11] ; counter1[12] ; u_pll|altpll_component|auto_generated|pll1|clk[1] ; u_pll|altpll_component|auto_generated|pll1|clk[1] ; 0.000        ; 0.072      ; 1.272      ;
; 1.005 ; counter1[2]  ; counter1[3]  ; u_pll|altpll_component|auto_generated|pll1|clk[1] ; u_pll|altpll_component|auto_generated|pll1|clk[1] ; 0.000        ; 0.073      ; 1.273      ;
; 1.006 ; counter1[8]  ; counter1[9]  ; u_pll|altpll_component|auto_generated|pll1|clk[1] ; u_pll|altpll_component|auto_generated|pll1|clk[1] ; 0.000        ; 0.073      ; 1.274      ;
; 1.006 ; counter1[0]  ; counter1[1]  ; u_pll|altpll_component|auto_generated|pll1|clk[1] ; u_pll|altpll_component|auto_generated|pll1|clk[1] ; 0.000        ; 0.073      ; 1.274      ;
; 1.006 ; counter1[6]  ; counter1[7]  ; u_pll|altpll_component|auto_generated|pll1|clk[1] ; u_pll|altpll_component|auto_generated|pll1|clk[1] ; 0.000        ; 0.073      ; 1.274      ;
; 1.006 ; counter1[12] ; counter1[13] ; u_pll|altpll_component|auto_generated|pll1|clk[1] ; u_pll|altpll_component|auto_generated|pll1|clk[1] ; 0.000        ; 0.072      ; 1.273      ;
; 1.006 ; counter1[7]  ; counter1[8]  ; u_pll|altpll_component|auto_generated|pll1|clk[1] ; u_pll|altpll_component|auto_generated|pll1|clk[1] ; 0.000        ; 0.073      ; 1.274      ;
; 1.007 ; counter1[14] ; counter1[15] ; u_pll|altpll_component|auto_generated|pll1|clk[1] ; u_pll|altpll_component|auto_generated|pll1|clk[1] ; 0.000        ; 0.072      ; 1.274      ;
; 1.007 ; counter1[4]  ; counter1[5]  ; u_pll|altpll_component|auto_generated|pll1|clk[1] ; u_pll|altpll_component|auto_generated|pll1|clk[1] ; 0.000        ; 0.073      ; 1.275      ;
; 1.007 ; counter1[17] ; counter1[18] ; u_pll|altpll_component|auto_generated|pll1|clk[1] ; u_pll|altpll_component|auto_generated|pll1|clk[1] ; 0.000        ; 0.072      ; 1.274      ;
; 1.007 ; counter1[15] ; counter1[16] ; u_pll|altpll_component|auto_generated|pll1|clk[1] ; u_pll|altpll_component|auto_generated|pll1|clk[1] ; 0.000        ; 0.072      ; 1.274      ;
; 1.007 ; counter1[18] ; counter1[19] ; u_pll|altpll_component|auto_generated|pll1|clk[1] ; u_pll|altpll_component|auto_generated|pll1|clk[1] ; 0.000        ; 0.072      ; 1.274      ;
; 1.008 ; counter1[23] ; counter1[24] ; u_pll|altpll_component|auto_generated|pll1|clk[1] ; u_pll|altpll_component|auto_generated|pll1|clk[1] ; 0.000        ; 0.072      ; 1.275      ;
; 1.008 ; counter1[16] ; counter1[17] ; u_pll|altpll_component|auto_generated|pll1|clk[1] ; u_pll|altpll_component|auto_generated|pll1|clk[1] ; 0.000        ; 0.072      ; 1.275      ;
; 1.009 ; counter1[22] ; counter1[23] ; u_pll|altpll_component|auto_generated|pll1|clk[1] ; u_pll|altpll_component|auto_generated|pll1|clk[1] ; 0.000        ; 0.072      ; 1.276      ;
; 1.009 ; counter1[20] ; counter1[21] ; u_pll|altpll_component|auto_generated|pll1|clk[1] ; u_pll|altpll_component|auto_generated|pll1|clk[1] ; 0.000        ; 0.072      ; 1.276      ;
; 1.010 ; counter1[5]  ; counter1[6]  ; u_pll|altpll_component|auto_generated|pll1|clk[1] ; u_pll|altpll_component|auto_generated|pll1|clk[1] ; 0.000        ; 0.073      ; 1.278      ;
; 1.010 ; counter1[13] ; counter1[14] ; u_pll|altpll_component|auto_generated|pll1|clk[1] ; u_pll|altpll_component|auto_generated|pll1|clk[1] ; 0.000        ; 0.072      ; 1.277      ;
; 1.010 ; counter1[3]  ; counter1[4]  ; u_pll|altpll_component|auto_generated|pll1|clk[1] ; u_pll|altpll_component|auto_generated|pll1|clk[1] ; 0.000        ; 0.073      ; 1.278      ;
; 1.013 ; counter1[21] ; counter1[22] ; u_pll|altpll_component|auto_generated|pll1|clk[1] ; u_pll|altpll_component|auto_generated|pll1|clk[1] ; 0.000        ; 0.072      ; 1.280      ;
; 1.013 ; counter1[19] ; counter1[20] ; u_pll|altpll_component|auto_generated|pll1|clk[1] ; u_pll|altpll_component|auto_generated|pll1|clk[1] ; 0.000        ; 0.072      ; 1.280      ;
; 1.020 ; counter1[2]  ; counter1[4]  ; u_pll|altpll_component|auto_generated|pll1|clk[1] ; u_pll|altpll_component|auto_generated|pll1|clk[1] ; 0.000        ; 0.073      ; 1.288      ;
; 1.022 ; counter1[18] ; counter1[20] ; u_pll|altpll_component|auto_generated|pll1|clk[1] ; u_pll|altpll_component|auto_generated|pll1|clk[1] ; 0.000        ; 0.072      ; 1.289      ;
; 1.023 ; counter1[0]  ; counter1[2]  ; u_pll|altpll_component|auto_generated|pll1|clk[1] ; u_pll|altpll_component|auto_generated|pll1|clk[1] ; 0.000        ; 0.073      ; 1.291      ;
; 1.023 ; counter1[8]  ; counter1[10] ; u_pll|altpll_component|auto_generated|pll1|clk[1] ; u_pll|altpll_component|auto_generated|pll1|clk[1] ; 0.000        ; 0.073      ; 1.291      ;
; 1.023 ; counter1[10] ; counter1[12] ; u_pll|altpll_component|auto_generated|pll1|clk[1] ; u_pll|altpll_component|auto_generated|pll1|clk[1] ; 0.000        ; 0.072      ; 1.290      ;
; 1.023 ; counter1[6]  ; counter1[8]  ; u_pll|altpll_component|auto_generated|pll1|clk[1] ; u_pll|altpll_component|auto_generated|pll1|clk[1] ; 0.000        ; 0.073      ; 1.291      ;
; 1.023 ; counter1[12] ; counter1[14] ; u_pll|altpll_component|auto_generated|pll1|clk[1] ; u_pll|altpll_component|auto_generated|pll1|clk[1] ; 0.000        ; 0.072      ; 1.290      ;
; 1.024 ; counter1[14] ; counter1[16] ; u_pll|altpll_component|auto_generated|pll1|clk[1] ; u_pll|altpll_component|auto_generated|pll1|clk[1] ; 0.000        ; 0.072      ; 1.291      ;
; 1.024 ; counter1[4]  ; counter1[6]  ; u_pll|altpll_component|auto_generated|pll1|clk[1] ; u_pll|altpll_component|auto_generated|pll1|clk[1] ; 0.000        ; 0.073      ; 1.292      ;
; 1.025 ; counter1[16] ; counter1[18] ; u_pll|altpll_component|auto_generated|pll1|clk[1] ; u_pll|altpll_component|auto_generated|pll1|clk[1] ; 0.000        ; 0.072      ; 1.292      ;
; 1.026 ; counter1[22] ; counter1[24] ; u_pll|altpll_component|auto_generated|pll1|clk[1] ; u_pll|altpll_component|auto_generated|pll1|clk[1] ; 0.000        ; 0.072      ; 1.293      ;
; 1.026 ; counter1[20] ; counter1[22] ; u_pll|altpll_component|auto_generated|pll1|clk[1] ; u_pll|altpll_component|auto_generated|pll1|clk[1] ; 0.000        ; 0.072      ; 1.293      ;
; 1.097 ; counter1[9]  ; counter1[11] ; u_pll|altpll_component|auto_generated|pll1|clk[1] ; u_pll|altpll_component|auto_generated|pll1|clk[1] ; 0.000        ; 0.073      ; 1.365      ;
; 1.098 ; counter1[7]  ; counter1[9]  ; u_pll|altpll_component|auto_generated|pll1|clk[1] ; u_pll|altpll_component|auto_generated|pll1|clk[1] ; 0.000        ; 0.073      ; 1.366      ;
; 1.098 ; counter1[11] ; counter1[13] ; u_pll|altpll_component|auto_generated|pll1|clk[1] ; u_pll|altpll_component|auto_generated|pll1|clk[1] ; 0.000        ; 0.072      ; 1.365      ;
; 1.098 ; counter1[1]  ; counter1[3]  ; u_pll|altpll_component|auto_generated|pll1|clk[1] ; u_pll|altpll_component|auto_generated|pll1|clk[1] ; 0.000        ; 0.073      ; 1.366      ;
; 1.099 ; counter1[15] ; counter1[17] ; u_pll|altpll_component|auto_generated|pll1|clk[1] ; u_pll|altpll_component|auto_generated|pll1|clk[1] ; 0.000        ; 0.072      ; 1.366      ;
; 1.100 ; counter1[17] ; counter1[19] ; u_pll|altpll_component|auto_generated|pll1|clk[1] ; u_pll|altpll_component|auto_generated|pll1|clk[1] ; 0.000        ; 0.072      ; 1.367      ;
; 1.104 ; counter1[5]  ; counter1[7]  ; u_pll|altpll_component|auto_generated|pll1|clk[1] ; u_pll|altpll_component|auto_generated|pll1|clk[1] ; 0.000        ; 0.073      ; 1.372      ;
; 1.104 ; counter1[13] ; counter1[15] ; u_pll|altpll_component|auto_generated|pll1|clk[1] ; u_pll|altpll_component|auto_generated|pll1|clk[1] ; 0.000        ; 0.072      ; 1.371      ;
; 1.105 ; counter1[3]  ; counter1[5]  ; u_pll|altpll_component|auto_generated|pll1|clk[1] ; u_pll|altpll_component|auto_generated|pll1|clk[1] ; 0.000        ; 0.073      ; 1.373      ;
; 1.107 ; counter1[21] ; counter1[23] ; u_pll|altpll_component|auto_generated|pll1|clk[1] ; u_pll|altpll_component|auto_generated|pll1|clk[1] ; 0.000        ; 0.072      ; 1.374      ;
; 1.107 ; counter1[19] ; counter1[21] ; u_pll|altpll_component|auto_generated|pll1|clk[1] ; u_pll|altpll_component|auto_generated|pll1|clk[1] ; 0.000        ; 0.072      ; 1.374      ;
; 1.127 ; counter1[1]  ; counter1[4]  ; u_pll|altpll_component|auto_generated|pll1|clk[1] ; u_pll|altpll_component|auto_generated|pll1|clk[1] ; 0.000        ; 0.073      ; 1.395      ;
; 1.127 ; counter1[11] ; counter1[14] ; u_pll|altpll_component|auto_generated|pll1|clk[1] ; u_pll|altpll_component|auto_generated|pll1|clk[1] ; 0.000        ; 0.072      ; 1.394      ;
; 1.127 ; counter1[2]  ; counter1[5]  ; u_pll|altpll_component|auto_generated|pll1|clk[1] ; u_pll|altpll_component|auto_generated|pll1|clk[1] ; 0.000        ; 0.073      ; 1.395      ;
; 1.128 ; counter1[7]  ; counter1[10] ; u_pll|altpll_component|auto_generated|pll1|clk[1] ; u_pll|altpll_component|auto_generated|pll1|clk[1] ; 0.000        ; 0.073      ; 1.396      ;
; 1.128 ; counter1[9]  ; counter1[12] ; u_pll|altpll_component|auto_generated|pll1|clk[1] ; u_pll|altpll_component|auto_generated|pll1|clk[1] ; 0.000        ; 0.072      ; 1.395      ;
; 1.128 ; counter1[8]  ; counter1[11] ; u_pll|altpll_component|auto_generated|pll1|clk[1] ; u_pll|altpll_component|auto_generated|pll1|clk[1] ; 0.000        ; 0.073      ; 1.396      ;
; 1.128 ; counter1[6]  ; counter1[9]  ; u_pll|altpll_component|auto_generated|pll1|clk[1] ; u_pll|altpll_component|auto_generated|pll1|clk[1] ; 0.000        ; 0.073      ; 1.396      ;
; 1.128 ; counter1[10] ; counter1[13] ; u_pll|altpll_component|auto_generated|pll1|clk[1] ; u_pll|altpll_component|auto_generated|pll1|clk[1] ; 0.000        ; 0.072      ; 1.395      ;
; 1.128 ; counter1[0]  ; counter1[3]  ; u_pll|altpll_component|auto_generated|pll1|clk[1] ; u_pll|altpll_component|auto_generated|pll1|clk[1] ; 0.000        ; 0.073      ; 1.396      ;
; 1.128 ; counter1[12] ; counter1[15] ; u_pll|altpll_component|auto_generated|pll1|clk[1] ; u_pll|altpll_component|auto_generated|pll1|clk[1] ; 0.000        ; 0.072      ; 1.395      ;
; 1.129 ; counter1[17] ; counter1[20] ; u_pll|altpll_component|auto_generated|pll1|clk[1] ; u_pll|altpll_component|auto_generated|pll1|clk[1] ; 0.000        ; 0.072      ; 1.396      ;
; 1.129 ; counter1[15] ; counter1[18] ; u_pll|altpll_component|auto_generated|pll1|clk[1] ; u_pll|altpll_component|auto_generated|pll1|clk[1] ; 0.000        ; 0.072      ; 1.396      ;
; 1.129 ; counter1[14] ; counter1[17] ; u_pll|altpll_component|auto_generated|pll1|clk[1] ; u_pll|altpll_component|auto_generated|pll1|clk[1] ; 0.000        ; 0.072      ; 1.396      ;
; 1.129 ; counter1[4]  ; counter1[7]  ; u_pll|altpll_component|auto_generated|pll1|clk[1] ; u_pll|altpll_component|auto_generated|pll1|clk[1] ; 0.000        ; 0.073      ; 1.397      ;
; 1.129 ; counter1[18] ; counter1[21] ; u_pll|altpll_component|auto_generated|pll1|clk[1] ; u_pll|altpll_component|auto_generated|pll1|clk[1] ; 0.000        ; 0.072      ; 1.396      ;
; 1.130 ; counter1[16] ; counter1[19] ; u_pll|altpll_component|auto_generated|pll1|clk[1] ; u_pll|altpll_component|auto_generated|pll1|clk[1] ; 0.000        ; 0.072      ; 1.397      ;
; 1.131 ; counter1[20] ; counter1[23] ; u_pll|altpll_component|auto_generated|pll1|clk[1] ; u_pll|altpll_component|auto_generated|pll1|clk[1] ; 0.000        ; 0.072      ; 1.398      ;
; 1.132 ; counter1[5]  ; counter1[8]  ; u_pll|altpll_component|auto_generated|pll1|clk[1] ; u_pll|altpll_component|auto_generated|pll1|clk[1] ; 0.000        ; 0.073      ; 1.400      ;
; 1.132 ; counter1[13] ; counter1[16] ; u_pll|altpll_component|auto_generated|pll1|clk[1] ; u_pll|altpll_component|auto_generated|pll1|clk[1] ; 0.000        ; 0.072      ; 1.399      ;
; 1.132 ; counter1[3]  ; counter1[6]  ; u_pll|altpll_component|auto_generated|pll1|clk[1] ; u_pll|altpll_component|auto_generated|pll1|clk[1] ; 0.000        ; 0.073      ; 1.400      ;
; 1.135 ; counter1[21] ; counter1[24] ; u_pll|altpll_component|auto_generated|pll1|clk[1] ; u_pll|altpll_component|auto_generated|pll1|clk[1] ; 0.000        ; 0.072      ; 1.402      ;
; 1.135 ; counter1[19] ; counter1[22] ; u_pll|altpll_component|auto_generated|pll1|clk[1] ; u_pll|altpll_component|auto_generated|pll1|clk[1] ; 0.000        ; 0.072      ; 1.402      ;
; 1.142 ; counter1[2]  ; counter1[6]  ; u_pll|altpll_component|auto_generated|pll1|clk[1] ; u_pll|altpll_component|auto_generated|pll1|clk[1] ; 0.000        ; 0.073      ; 1.410      ;
; 1.144 ; counter1[18] ; counter1[22] ; u_pll|altpll_component|auto_generated|pll1|clk[1] ; u_pll|altpll_component|auto_generated|pll1|clk[1] ; 0.000        ; 0.072      ; 1.411      ;
; 1.145 ; counter1[0]  ; counter1[4]  ; u_pll|altpll_component|auto_generated|pll1|clk[1] ; u_pll|altpll_component|auto_generated|pll1|clk[1] ; 0.000        ; 0.073      ; 1.413      ;
; 1.145 ; counter1[10] ; counter1[14] ; u_pll|altpll_component|auto_generated|pll1|clk[1] ; u_pll|altpll_component|auto_generated|pll1|clk[1] ; 0.000        ; 0.072      ; 1.412      ;
; 1.145 ; counter1[6]  ; counter1[10] ; u_pll|altpll_component|auto_generated|pll1|clk[1] ; u_pll|altpll_component|auto_generated|pll1|clk[1] ; 0.000        ; 0.073      ; 1.413      ;
; 1.145 ; counter1[12] ; counter1[16] ; u_pll|altpll_component|auto_generated|pll1|clk[1] ; u_pll|altpll_component|auto_generated|pll1|clk[1] ; 0.000        ; 0.072      ; 1.412      ;
+-------+--------------+--------------+---------------------------------------------------+---------------------------------------------------+--------------+------------+------------+


+--------------------------------------------------------------------------------------------------------------------------------------------------------------------------------------+
; Slow 1200mV 0C Model Hold: 'u_pll|altpll_component|auto_generated|pll1|clk[0]'                                                                                                       ;
+-------+--------------+--------------+---------------------------------------------------+---------------------------------------------------+--------------+------------+------------+
; Slack ; From Node    ; To Node      ; Launch Clock                                      ; Latch Clock                                       ; Relationship ; Clock Skew ; Data Delay ;
+-------+--------------+--------------+---------------------------------------------------+---------------------------------------------------+--------------+------------+------------+
; 0.471 ; counter0[25] ; counter0[25] ; u_pll|altpll_component|auto_generated|pll1|clk[0] ; u_pll|altpll_component|auto_generated|pll1|clk[0] ; 0.000        ; 0.071      ; 0.737      ;
; 0.685 ; counter0[12] ; counter0[12] ; u_pll|altpll_component|auto_generated|pll1|clk[0] ; u_pll|altpll_component|auto_generated|pll1|clk[0] ; 0.000        ; 0.072      ; 0.952      ;
; 0.685 ; counter0[3]  ; counter0[3]  ; u_pll|altpll_component|auto_generated|pll1|clk[0] ; u_pll|altpll_component|auto_generated|pll1|clk[0] ; 0.000        ; 0.072      ; 0.952      ;
; 0.686 ; counter0[11] ; counter0[11] ; u_pll|altpll_component|auto_generated|pll1|clk[0] ; u_pll|altpll_component|auto_generated|pll1|clk[0] ; 0.000        ; 0.072      ; 0.953      ;
; 0.686 ; counter0[10] ; counter0[10] ; u_pll|altpll_component|auto_generated|pll1|clk[0] ; u_pll|altpll_component|auto_generated|pll1|clk[0] ; 0.000        ; 0.072      ; 0.953      ;
; 0.686 ; counter0[2]  ; counter0[2]  ; u_pll|altpll_component|auto_generated|pll1|clk[0] ; u_pll|altpll_component|auto_generated|pll1|clk[0] ; 0.000        ; 0.072      ; 0.953      ;
; 0.687 ; counter0[19] ; counter0[19] ; u_pll|altpll_component|auto_generated|pll1|clk[0] ; u_pll|altpll_component|auto_generated|pll1|clk[0] ; 0.000        ; 0.071      ; 0.953      ;
; 0.687 ; counter0[13] ; counter0[13] ; u_pll|altpll_component|auto_generated|pll1|clk[0] ; u_pll|altpll_component|auto_generated|pll1|clk[0] ; 0.000        ; 0.071      ; 0.953      ;
; 0.687 ; counter0[9]  ; counter0[9]  ; u_pll|altpll_component|auto_generated|pll1|clk[0] ; u_pll|altpll_component|auto_generated|pll1|clk[0] ; 0.000        ; 0.072      ; 0.954      ;
; 0.687 ; counter0[8]  ; counter0[8]  ; u_pll|altpll_component|auto_generated|pll1|clk[0] ; u_pll|altpll_component|auto_generated|pll1|clk[0] ; 0.000        ; 0.072      ; 0.954      ;
; 0.687 ; counter0[7]  ; counter0[7]  ; u_pll|altpll_component|auto_generated|pll1|clk[0] ; u_pll|altpll_component|auto_generated|pll1|clk[0] ; 0.000        ; 0.072      ; 0.954      ;
; 0.687 ; counter0[1]  ; counter0[1]  ; u_pll|altpll_component|auto_generated|pll1|clk[0] ; u_pll|altpll_component|auto_generated|pll1|clk[0] ; 0.000        ; 0.072      ; 0.954      ;
; 0.688 ; counter0[18] ; counter0[18] ; u_pll|altpll_component|auto_generated|pll1|clk[0] ; u_pll|altpll_component|auto_generated|pll1|clk[0] ; 0.000        ; 0.071      ; 0.954      ;
; 0.688 ; counter0[16] ; counter0[16] ; u_pll|altpll_component|auto_generated|pll1|clk[0] ; u_pll|altpll_component|auto_generated|pll1|clk[0] ; 0.000        ; 0.071      ; 0.954      ;
; 0.688 ; counter0[15] ; counter0[15] ; u_pll|altpll_component|auto_generated|pll1|clk[0] ; u_pll|altpll_component|auto_generated|pll1|clk[0] ; 0.000        ; 0.071      ; 0.954      ;
; 0.688 ; counter0[5]  ; counter0[5]  ; u_pll|altpll_component|auto_generated|pll1|clk[0] ; u_pll|altpll_component|auto_generated|pll1|clk[0] ; 0.000        ; 0.072      ; 0.955      ;
; 0.689 ; counter0[24] ; counter0[24] ; u_pll|altpll_component|auto_generated|pll1|clk[0] ; u_pll|altpll_component|auto_generated|pll1|clk[0] ; 0.000        ; 0.071      ; 0.955      ;
; 0.689 ; counter0[17] ; counter0[17] ; u_pll|altpll_component|auto_generated|pll1|clk[0] ; u_pll|altpll_component|auto_generated|pll1|clk[0] ; 0.000        ; 0.071      ; 0.955      ;
; 0.690 ; counter0[23] ; counter0[23] ; u_pll|altpll_component|auto_generated|pll1|clk[0] ; u_pll|altpll_component|auto_generated|pll1|clk[0] ; 0.000        ; 0.071      ; 0.956      ;
; 0.690 ; counter0[21] ; counter0[21] ; u_pll|altpll_component|auto_generated|pll1|clk[0] ; u_pll|altpll_component|auto_generated|pll1|clk[0] ; 0.000        ; 0.071      ; 0.956      ;
; 0.690 ; counter0[14] ; counter0[14] ; u_pll|altpll_component|auto_generated|pll1|clk[0] ; u_pll|altpll_component|auto_generated|pll1|clk[0] ; 0.000        ; 0.071      ; 0.956      ;
; 0.690 ; counter0[6]  ; counter0[6]  ; u_pll|altpll_component|auto_generated|pll1|clk[0] ; u_pll|altpll_component|auto_generated|pll1|clk[0] ; 0.000        ; 0.072      ; 0.957      ;
; 0.690 ; counter0[4]  ; counter0[4]  ; u_pll|altpll_component|auto_generated|pll1|clk[0] ; u_pll|altpll_component|auto_generated|pll1|clk[0] ; 0.000        ; 0.072      ; 0.957      ;
; 0.693 ; counter0[22] ; counter0[22] ; u_pll|altpll_component|auto_generated|pll1|clk[0] ; u_pll|altpll_component|auto_generated|pll1|clk[0] ; 0.000        ; 0.071      ; 0.959      ;
; 0.693 ; counter0[20] ; counter0[20] ; u_pll|altpll_component|auto_generated|pll1|clk[0] ; u_pll|altpll_component|auto_generated|pll1|clk[0] ; 0.000        ; 0.071      ; 0.959      ;
; 0.707 ; counter0[0]  ; counter0[0]  ; u_pll|altpll_component|auto_generated|pll1|clk[0] ; u_pll|altpll_component|auto_generated|pll1|clk[0] ; 0.000        ; 0.072      ; 0.974      ;
; 1.005 ; counter0[2]  ; counter0[3]  ; u_pll|altpll_component|auto_generated|pll1|clk[0] ; u_pll|altpll_component|auto_generated|pll1|clk[0] ; 0.000        ; 0.072      ; 1.272      ;
; 1.005 ; counter0[10] ; counter0[11] ; u_pll|altpll_component|auto_generated|pll1|clk[0] ; u_pll|altpll_component|auto_generated|pll1|clk[0] ; 0.000        ; 0.072      ; 1.272      ;
; 1.005 ; counter0[12] ; counter0[13] ; u_pll|altpll_component|auto_generated|pll1|clk[0] ; u_pll|altpll_component|auto_generated|pll1|clk[0] ; 0.000        ; 0.071      ; 1.271      ;
; 1.005 ; counter0[0]  ; counter0[1]  ; u_pll|altpll_component|auto_generated|pll1|clk[0] ; u_pll|altpll_component|auto_generated|pll1|clk[0] ; 0.000        ; 0.072      ; 1.272      ;
; 1.006 ; counter0[8]  ; counter0[9]  ; u_pll|altpll_component|auto_generated|pll1|clk[0] ; u_pll|altpll_component|auto_generated|pll1|clk[0] ; 0.000        ; 0.072      ; 1.273      ;
; 1.007 ; counter0[6]  ; counter0[7]  ; u_pll|altpll_component|auto_generated|pll1|clk[0] ; u_pll|altpll_component|auto_generated|pll1|clk[0] ; 0.000        ; 0.072      ; 1.274      ;
; 1.007 ; counter0[14] ; counter0[15] ; u_pll|altpll_component|auto_generated|pll1|clk[0] ; u_pll|altpll_component|auto_generated|pll1|clk[0] ; 0.000        ; 0.071      ; 1.273      ;
; 1.007 ; counter0[3]  ; counter0[4]  ; u_pll|altpll_component|auto_generated|pll1|clk[0] ; u_pll|altpll_component|auto_generated|pll1|clk[0] ; 0.000        ; 0.072      ; 1.274      ;
; 1.007 ; counter0[18] ; counter0[19] ; u_pll|altpll_component|auto_generated|pll1|clk[0] ; u_pll|altpll_component|auto_generated|pll1|clk[0] ; 0.000        ; 0.071      ; 1.273      ;
; 1.007 ; counter0[16] ; counter0[17] ; u_pll|altpll_component|auto_generated|pll1|clk[0] ; u_pll|altpll_component|auto_generated|pll1|clk[0] ; 0.000        ; 0.071      ; 1.273      ;
; 1.008 ; counter0[24] ; counter0[25] ; u_pll|altpll_component|auto_generated|pll1|clk[0] ; u_pll|altpll_component|auto_generated|pll1|clk[0] ; 0.000        ; 0.071      ; 1.274      ;
; 1.008 ; counter0[4]  ; counter0[5]  ; u_pll|altpll_component|auto_generated|pll1|clk[0] ; u_pll|altpll_component|auto_generated|pll1|clk[0] ; 0.000        ; 0.072      ; 1.275      ;
; 1.009 ; counter0[19] ; counter0[20] ; u_pll|altpll_component|auto_generated|pll1|clk[0] ; u_pll|altpll_component|auto_generated|pll1|clk[0] ; 0.000        ; 0.071      ; 1.275      ;
; 1.010 ; counter0[11] ; counter0[12] ; u_pll|altpll_component|auto_generated|pll1|clk[0] ; u_pll|altpll_component|auto_generated|pll1|clk[0] ; 0.000        ; 0.072      ; 1.277      ;
; 1.010 ; counter0[22] ; counter0[23] ; u_pll|altpll_component|auto_generated|pll1|clk[0] ; u_pll|altpll_component|auto_generated|pll1|clk[0] ; 0.000        ; 0.071      ; 1.276      ;
; 1.010 ; counter0[20] ; counter0[21] ; u_pll|altpll_component|auto_generated|pll1|clk[0] ; u_pll|altpll_component|auto_generated|pll1|clk[0] ; 0.000        ; 0.071      ; 1.276      ;
; 1.011 ; counter0[9]  ; counter0[10] ; u_pll|altpll_component|auto_generated|pll1|clk[0] ; u_pll|altpll_component|auto_generated|pll1|clk[0] ; 0.000        ; 0.072      ; 1.278      ;
; 1.011 ; counter0[1]  ; counter0[2]  ; u_pll|altpll_component|auto_generated|pll1|clk[0] ; u_pll|altpll_component|auto_generated|pll1|clk[0] ; 0.000        ; 0.072      ; 1.278      ;
; 1.011 ; counter0[7]  ; counter0[8]  ; u_pll|altpll_component|auto_generated|pll1|clk[0] ; u_pll|altpll_component|auto_generated|pll1|clk[0] ; 0.000        ; 0.072      ; 1.278      ;
; 1.011 ; counter0[13] ; counter0[14] ; u_pll|altpll_component|auto_generated|pll1|clk[0] ; u_pll|altpll_component|auto_generated|pll1|clk[0] ; 0.000        ; 0.071      ; 1.277      ;
; 1.012 ; counter0[15] ; counter0[16] ; u_pll|altpll_component|auto_generated|pll1|clk[0] ; u_pll|altpll_component|auto_generated|pll1|clk[0] ; 0.000        ; 0.071      ; 1.278      ;
; 1.012 ; counter0[5]  ; counter0[6]  ; u_pll|altpll_component|auto_generated|pll1|clk[0] ; u_pll|altpll_component|auto_generated|pll1|clk[0] ; 0.000        ; 0.072      ; 1.279      ;
; 1.013 ; counter0[17] ; counter0[18] ; u_pll|altpll_component|auto_generated|pll1|clk[0] ; u_pll|altpll_component|auto_generated|pll1|clk[0] ; 0.000        ; 0.071      ; 1.279      ;
; 1.014 ; counter0[23] ; counter0[24] ; u_pll|altpll_component|auto_generated|pll1|clk[0] ; u_pll|altpll_component|auto_generated|pll1|clk[0] ; 0.000        ; 0.071      ; 1.280      ;
; 1.014 ; counter0[21] ; counter0[22] ; u_pll|altpll_component|auto_generated|pll1|clk[0] ; u_pll|altpll_component|auto_generated|pll1|clk[0] ; 0.000        ; 0.071      ; 1.280      ;
; 1.020 ; counter0[2]  ; counter0[4]  ; u_pll|altpll_component|auto_generated|pll1|clk[0] ; u_pll|altpll_component|auto_generated|pll1|clk[0] ; 0.000        ; 0.072      ; 1.287      ;
; 1.020 ; counter0[10] ; counter0[12] ; u_pll|altpll_component|auto_generated|pll1|clk[0] ; u_pll|altpll_component|auto_generated|pll1|clk[0] ; 0.000        ; 0.072      ; 1.287      ;
; 1.020 ; counter0[0]  ; counter0[2]  ; u_pll|altpll_component|auto_generated|pll1|clk[0] ; u_pll|altpll_component|auto_generated|pll1|clk[0] ; 0.000        ; 0.072      ; 1.287      ;
; 1.020 ; counter0[12] ; counter0[14] ; u_pll|altpll_component|auto_generated|pll1|clk[0] ; u_pll|altpll_component|auto_generated|pll1|clk[0] ; 0.000        ; 0.071      ; 1.286      ;
; 1.021 ; counter0[8]  ; counter0[10] ; u_pll|altpll_component|auto_generated|pll1|clk[0] ; u_pll|altpll_component|auto_generated|pll1|clk[0] ; 0.000        ; 0.072      ; 1.288      ;
; 1.022 ; counter0[18] ; counter0[20] ; u_pll|altpll_component|auto_generated|pll1|clk[0] ; u_pll|altpll_component|auto_generated|pll1|clk[0] ; 0.000        ; 0.071      ; 1.288      ;
; 1.022 ; counter0[16] ; counter0[18] ; u_pll|altpll_component|auto_generated|pll1|clk[0] ; u_pll|altpll_component|auto_generated|pll1|clk[0] ; 0.000        ; 0.071      ; 1.288      ;
; 1.024 ; counter0[6]  ; counter0[8]  ; u_pll|altpll_component|auto_generated|pll1|clk[0] ; u_pll|altpll_component|auto_generated|pll1|clk[0] ; 0.000        ; 0.072      ; 1.291      ;
; 1.024 ; counter0[14] ; counter0[16] ; u_pll|altpll_component|auto_generated|pll1|clk[0] ; u_pll|altpll_component|auto_generated|pll1|clk[0] ; 0.000        ; 0.071      ; 1.290      ;
; 1.024 ; counter0[4]  ; counter0[6]  ; u_pll|altpll_component|auto_generated|pll1|clk[0] ; u_pll|altpll_component|auto_generated|pll1|clk[0] ; 0.000        ; 0.072      ; 1.291      ;
; 1.027 ; counter0[22] ; counter0[24] ; u_pll|altpll_component|auto_generated|pll1|clk[0] ; u_pll|altpll_component|auto_generated|pll1|clk[0] ; 0.000        ; 0.071      ; 1.293      ;
; 1.027 ; counter0[20] ; counter0[22] ; u_pll|altpll_component|auto_generated|pll1|clk[0] ; u_pll|altpll_component|auto_generated|pll1|clk[0] ; 0.000        ; 0.071      ; 1.293      ;
; 1.099 ; counter0[3]  ; counter0[5]  ; u_pll|altpll_component|auto_generated|pll1|clk[0] ; u_pll|altpll_component|auto_generated|pll1|clk[0] ; 0.000        ; 0.072      ; 1.366      ;
; 1.101 ; counter0[19] ; counter0[21] ; u_pll|altpll_component|auto_generated|pll1|clk[0] ; u_pll|altpll_component|auto_generated|pll1|clk[0] ; 0.000        ; 0.071      ; 1.367      ;
; 1.105 ; counter0[13] ; counter0[15] ; u_pll|altpll_component|auto_generated|pll1|clk[0] ; u_pll|altpll_component|auto_generated|pll1|clk[0] ; 0.000        ; 0.071      ; 1.371      ;
; 1.105 ; counter0[9]  ; counter0[11] ; u_pll|altpll_component|auto_generated|pll1|clk[0] ; u_pll|altpll_component|auto_generated|pll1|clk[0] ; 0.000        ; 0.072      ; 1.372      ;
; 1.105 ; counter0[1]  ; counter0[3]  ; u_pll|altpll_component|auto_generated|pll1|clk[0] ; u_pll|altpll_component|auto_generated|pll1|clk[0] ; 0.000        ; 0.072      ; 1.372      ;
; 1.105 ; counter0[11] ; counter0[13] ; u_pll|altpll_component|auto_generated|pll1|clk[0] ; u_pll|altpll_component|auto_generated|pll1|clk[0] ; 0.000        ; 0.071      ; 1.371      ;
; 1.105 ; counter0[7]  ; counter0[9]  ; u_pll|altpll_component|auto_generated|pll1|clk[0] ; u_pll|altpll_component|auto_generated|pll1|clk[0] ; 0.000        ; 0.072      ; 1.372      ;
; 1.106 ; counter0[5]  ; counter0[7]  ; u_pll|altpll_component|auto_generated|pll1|clk[0] ; u_pll|altpll_component|auto_generated|pll1|clk[0] ; 0.000        ; 0.072      ; 1.373      ;
; 1.106 ; counter0[15] ; counter0[17] ; u_pll|altpll_component|auto_generated|pll1|clk[0] ; u_pll|altpll_component|auto_generated|pll1|clk[0] ; 0.000        ; 0.071      ; 1.372      ;
; 1.107 ; counter0[17] ; counter0[19] ; u_pll|altpll_component|auto_generated|pll1|clk[0] ; u_pll|altpll_component|auto_generated|pll1|clk[0] ; 0.000        ; 0.071      ; 1.373      ;
; 1.108 ; counter0[21] ; counter0[23] ; u_pll|altpll_component|auto_generated|pll1|clk[0] ; u_pll|altpll_component|auto_generated|pll1|clk[0] ; 0.000        ; 0.071      ; 1.374      ;
; 1.108 ; counter0[23] ; counter0[25] ; u_pll|altpll_component|auto_generated|pll1|clk[0] ; u_pll|altpll_component|auto_generated|pll1|clk[0] ; 0.000        ; 0.071      ; 1.374      ;
; 1.127 ; counter0[2]  ; counter0[5]  ; u_pll|altpll_component|auto_generated|pll1|clk[0] ; u_pll|altpll_component|auto_generated|pll1|clk[0] ; 0.000        ; 0.072      ; 1.394      ;
; 1.127 ; counter0[0]  ; counter0[3]  ; u_pll|altpll_component|auto_generated|pll1|clk[0] ; u_pll|altpll_component|auto_generated|pll1|clk[0] ; 0.000        ; 0.072      ; 1.394      ;
; 1.127 ; counter0[12] ; counter0[15] ; u_pll|altpll_component|auto_generated|pll1|clk[0] ; u_pll|altpll_component|auto_generated|pll1|clk[0] ; 0.000        ; 0.071      ; 1.393      ;
; 1.128 ; counter0[8]  ; counter0[11] ; u_pll|altpll_component|auto_generated|pll1|clk[0] ; u_pll|altpll_component|auto_generated|pll1|clk[0] ; 0.000        ; 0.072      ; 1.395      ;
; 1.128 ; counter0[10] ; counter0[13] ; u_pll|altpll_component|auto_generated|pll1|clk[0] ; u_pll|altpll_component|auto_generated|pll1|clk[0] ; 0.000        ; 0.071      ; 1.394      ;
; 1.129 ; counter0[3]  ; counter0[6]  ; u_pll|altpll_component|auto_generated|pll1|clk[0] ; u_pll|altpll_component|auto_generated|pll1|clk[0] ; 0.000        ; 0.072      ; 1.396      ;
; 1.129 ; counter0[6]  ; counter0[9]  ; u_pll|altpll_component|auto_generated|pll1|clk[0] ; u_pll|altpll_component|auto_generated|pll1|clk[0] ; 0.000        ; 0.072      ; 1.396      ;
; 1.129 ; counter0[14] ; counter0[17] ; u_pll|altpll_component|auto_generated|pll1|clk[0] ; u_pll|altpll_component|auto_generated|pll1|clk[0] ; 0.000        ; 0.071      ; 1.395      ;
; 1.129 ; counter0[18] ; counter0[21] ; u_pll|altpll_component|auto_generated|pll1|clk[0] ; u_pll|altpll_component|auto_generated|pll1|clk[0] ; 0.000        ; 0.071      ; 1.395      ;
; 1.129 ; counter0[16] ; counter0[19] ; u_pll|altpll_component|auto_generated|pll1|clk[0] ; u_pll|altpll_component|auto_generated|pll1|clk[0] ; 0.000        ; 0.071      ; 1.395      ;
; 1.130 ; counter0[4]  ; counter0[7]  ; u_pll|altpll_component|auto_generated|pll1|clk[0] ; u_pll|altpll_component|auto_generated|pll1|clk[0] ; 0.000        ; 0.072      ; 1.397      ;
; 1.131 ; counter0[19] ; counter0[22] ; u_pll|altpll_component|auto_generated|pll1|clk[0] ; u_pll|altpll_component|auto_generated|pll1|clk[0] ; 0.000        ; 0.071      ; 1.397      ;
; 1.132 ; counter0[20] ; counter0[23] ; u_pll|altpll_component|auto_generated|pll1|clk[0] ; u_pll|altpll_component|auto_generated|pll1|clk[0] ; 0.000        ; 0.071      ; 1.398      ;
; 1.132 ; counter0[22] ; counter0[25] ; u_pll|altpll_component|auto_generated|pll1|clk[0] ; u_pll|altpll_component|auto_generated|pll1|clk[0] ; 0.000        ; 0.071      ; 1.398      ;
; 1.133 ; counter0[1]  ; counter0[4]  ; u_pll|altpll_component|auto_generated|pll1|clk[0] ; u_pll|altpll_component|auto_generated|pll1|clk[0] ; 0.000        ; 0.072      ; 1.400      ;
; 1.133 ; counter0[9]  ; counter0[12] ; u_pll|altpll_component|auto_generated|pll1|clk[0] ; u_pll|altpll_component|auto_generated|pll1|clk[0] ; 0.000        ; 0.072      ; 1.400      ;
; 1.133 ; counter0[11] ; counter0[14] ; u_pll|altpll_component|auto_generated|pll1|clk[0] ; u_pll|altpll_component|auto_generated|pll1|clk[0] ; 0.000        ; 0.071      ; 1.399      ;
; 1.133 ; counter0[7]  ; counter0[10] ; u_pll|altpll_component|auto_generated|pll1|clk[0] ; u_pll|altpll_component|auto_generated|pll1|clk[0] ; 0.000        ; 0.072      ; 1.400      ;
; 1.133 ; counter0[13] ; counter0[16] ; u_pll|altpll_component|auto_generated|pll1|clk[0] ; u_pll|altpll_component|auto_generated|pll1|clk[0] ; 0.000        ; 0.071      ; 1.399      ;
; 1.134 ; counter0[15] ; counter0[18] ; u_pll|altpll_component|auto_generated|pll1|clk[0] ; u_pll|altpll_component|auto_generated|pll1|clk[0] ; 0.000        ; 0.071      ; 1.400      ;
; 1.134 ; counter0[5]  ; counter0[8]  ; u_pll|altpll_component|auto_generated|pll1|clk[0] ; u_pll|altpll_component|auto_generated|pll1|clk[0] ; 0.000        ; 0.072      ; 1.401      ;
; 1.135 ; counter0[17] ; counter0[20] ; u_pll|altpll_component|auto_generated|pll1|clk[0] ; u_pll|altpll_component|auto_generated|pll1|clk[0] ; 0.000        ; 0.071      ; 1.401      ;
; 1.136 ; counter0[21] ; counter0[24] ; u_pll|altpll_component|auto_generated|pll1|clk[0] ; u_pll|altpll_component|auto_generated|pll1|clk[0] ; 0.000        ; 0.071      ; 1.402      ;
; 1.142 ; counter0[2]  ; counter0[6]  ; u_pll|altpll_component|auto_generated|pll1|clk[0] ; u_pll|altpll_component|auto_generated|pll1|clk[0] ; 0.000        ; 0.072      ; 1.409      ;
; 1.142 ; counter0[0]  ; counter0[4]  ; u_pll|altpll_component|auto_generated|pll1|clk[0] ; u_pll|altpll_component|auto_generated|pll1|clk[0] ; 0.000        ; 0.072      ; 1.409      ;
+-------+--------------+--------------+---------------------------------------------------+---------------------------------------------------+--------------+------------+------------+


+--------------------------------------------------------------------------------------------------------------------------------------------------------------------------------------+
; Slow 1200mV 0C Model Hold: 'u_pll|altpll_component|auto_generated|pll1|clk[2]'                                                                                                       ;
+-------+--------------+--------------+---------------------------------------------------+---------------------------------------------------+--------------+------------+------------+
; Slack ; From Node    ; To Node      ; Launch Clock                                      ; Latch Clock                                       ; Relationship ; Clock Skew ; Data Delay ;
+-------+--------------+--------------+---------------------------------------------------+---------------------------------------------------+--------------+------------+------------+
; 0.684 ; counter2[11] ; counter2[11] ; u_pll|altpll_component|auto_generated|pll1|clk[2] ; u_pll|altpll_component|auto_generated|pll1|clk[2] ; 0.000        ; 0.072      ; 0.951      ;
; 0.684 ; counter2[9]  ; counter2[9]  ; u_pll|altpll_component|auto_generated|pll1|clk[2] ; u_pll|altpll_component|auto_generated|pll1|clk[2] ; 0.000        ; 0.072      ; 0.951      ;
; 0.684 ; counter2[1]  ; counter2[1]  ; u_pll|altpll_component|auto_generated|pll1|clk[2] ; u_pll|altpll_component|auto_generated|pll1|clk[2] ; 0.000        ; 0.072      ; 0.951      ;
; 0.685 ; counter2[17] ; counter2[17] ; u_pll|altpll_component|auto_generated|pll1|clk[2] ; u_pll|altpll_component|auto_generated|pll1|clk[2] ; 0.000        ; 0.072      ; 0.952      ;
; 0.685 ; counter2[15] ; counter2[15] ; u_pll|altpll_component|auto_generated|pll1|clk[2] ; u_pll|altpll_component|auto_generated|pll1|clk[2] ; 0.000        ; 0.072      ; 0.952      ;
; 0.685 ; counter2[7]  ; counter2[7]  ; u_pll|altpll_component|auto_generated|pll1|clk[2] ; u_pll|altpll_component|auto_generated|pll1|clk[2] ; 0.000        ; 0.072      ; 0.952      ;
; 0.686 ; counter2[13] ; counter2[13] ; u_pll|altpll_component|auto_generated|pll1|clk[2] ; u_pll|altpll_component|auto_generated|pll1|clk[2] ; 0.000        ; 0.072      ; 0.953      ;
; 0.687 ; counter2[5]  ; counter2[5]  ; u_pll|altpll_component|auto_generated|pll1|clk[2] ; u_pll|altpll_component|auto_generated|pll1|clk[2] ; 0.000        ; 0.072      ; 0.954      ;
; 0.687 ; counter2[3]  ; counter2[3]  ; u_pll|altpll_component|auto_generated|pll1|clk[2] ; u_pll|altpll_component|auto_generated|pll1|clk[2] ; 0.000        ; 0.072      ; 0.954      ;
; 0.687 ; counter2[2]  ; counter2[2]  ; u_pll|altpll_component|auto_generated|pll1|clk[2] ; u_pll|altpll_component|auto_generated|pll1|clk[2] ; 0.000        ; 0.072      ; 0.954      ;
; 0.688 ; counter2[18] ; counter2[18] ; u_pll|altpll_component|auto_generated|pll1|clk[2] ; u_pll|altpll_component|auto_generated|pll1|clk[2] ; 0.000        ; 0.072      ; 0.955      ;
; 0.689 ; counter2[21] ; counter2[21] ; u_pll|altpll_component|auto_generated|pll1|clk[2] ; u_pll|altpll_component|auto_generated|pll1|clk[2] ; 0.000        ; 0.072      ; 0.956      ;
; 0.689 ; counter2[19] ; counter2[19] ; u_pll|altpll_component|auto_generated|pll1|clk[2] ; u_pll|altpll_component|auto_generated|pll1|clk[2] ; 0.000        ; 0.072      ; 0.956      ;
; 0.689 ; counter2[12] ; counter2[12] ; u_pll|altpll_component|auto_generated|pll1|clk[2] ; u_pll|altpll_component|auto_generated|pll1|clk[2] ; 0.000        ; 0.072      ; 0.956      ;
; 0.689 ; counter2[10] ; counter2[10] ; u_pll|altpll_component|auto_generated|pll1|clk[2] ; u_pll|altpll_component|auto_generated|pll1|clk[2] ; 0.000        ; 0.072      ; 0.956      ;
; 0.690 ; counter2[14] ; counter2[14] ; u_pll|altpll_component|auto_generated|pll1|clk[2] ; u_pll|altpll_component|auto_generated|pll1|clk[2] ; 0.000        ; 0.072      ; 0.957      ;
; 0.690 ; counter2[8]  ; counter2[8]  ; u_pll|altpll_component|auto_generated|pll1|clk[2] ; u_pll|altpll_component|auto_generated|pll1|clk[2] ; 0.000        ; 0.072      ; 0.957      ;
; 0.690 ; counter2[6]  ; counter2[6]  ; u_pll|altpll_component|auto_generated|pll1|clk[2] ; u_pll|altpll_component|auto_generated|pll1|clk[2] ; 0.000        ; 0.072      ; 0.957      ;
; 0.691 ; counter2[16] ; counter2[16] ; u_pll|altpll_component|auto_generated|pll1|clk[2] ; u_pll|altpll_component|auto_generated|pll1|clk[2] ; 0.000        ; 0.072      ; 0.958      ;
; 0.691 ; counter2[4]  ; counter2[4]  ; u_pll|altpll_component|auto_generated|pll1|clk[2] ; u_pll|altpll_component|auto_generated|pll1|clk[2] ; 0.000        ; 0.072      ; 0.958      ;
; 0.692 ; counter2[22] ; counter2[22] ; u_pll|altpll_component|auto_generated|pll1|clk[2] ; u_pll|altpll_component|auto_generated|pll1|clk[2] ; 0.000        ; 0.072      ; 0.959      ;
; 0.692 ; counter2[20] ; counter2[20] ; u_pll|altpll_component|auto_generated|pll1|clk[2] ; u_pll|altpll_component|auto_generated|pll1|clk[2] ; 0.000        ; 0.072      ; 0.959      ;
; 0.709 ; counter2[23] ; counter2[23] ; u_pll|altpll_component|auto_generated|pll1|clk[2] ; u_pll|altpll_component|auto_generated|pll1|clk[2] ; 0.000        ; 0.072      ; 0.976      ;
; 0.714 ; counter2[0]  ; counter2[0]  ; u_pll|altpll_component|auto_generated|pll1|clk[2] ; u_pll|altpll_component|auto_generated|pll1|clk[2] ; 0.000        ; 0.072      ; 0.981      ;
; 1.006 ; counter2[10] ; counter2[11] ; u_pll|altpll_component|auto_generated|pll1|clk[2] ; u_pll|altpll_component|auto_generated|pll1|clk[2] ; 0.000        ; 0.072      ; 1.273      ;
; 1.006 ; counter2[12] ; counter2[13] ; u_pll|altpll_component|auto_generated|pll1|clk[2] ; u_pll|altpll_component|auto_generated|pll1|clk[2] ; 0.000        ; 0.072      ; 1.273      ;
; 1.006 ; counter2[1]  ; counter2[2]  ; u_pll|altpll_component|auto_generated|pll1|clk[2] ; u_pll|altpll_component|auto_generated|pll1|clk[2] ; 0.000        ; 0.072      ; 1.273      ;
; 1.006 ; counter2[11] ; counter2[12] ; u_pll|altpll_component|auto_generated|pll1|clk[2] ; u_pll|altpll_component|auto_generated|pll1|clk[2] ; 0.000        ; 0.072      ; 1.273      ;
; 1.006 ; counter2[9]  ; counter2[10] ; u_pll|altpll_component|auto_generated|pll1|clk[2] ; u_pll|altpll_component|auto_generated|pll1|clk[2] ; 0.000        ; 0.072      ; 1.273      ;
; 1.006 ; counter2[2]  ; counter2[3]  ; u_pll|altpll_component|auto_generated|pll1|clk[2] ; u_pll|altpll_component|auto_generated|pll1|clk[2] ; 0.000        ; 0.072      ; 1.273      ;
; 1.007 ; counter2[8]  ; counter2[9]  ; u_pll|altpll_component|auto_generated|pll1|clk[2] ; u_pll|altpll_component|auto_generated|pll1|clk[2] ; 0.000        ; 0.072      ; 1.274      ;
; 1.007 ; counter2[0]  ; counter2[1]  ; u_pll|altpll_component|auto_generated|pll1|clk[2] ; u_pll|altpll_component|auto_generated|pll1|clk[2] ; 0.000        ; 0.072      ; 1.274      ;
; 1.007 ; counter2[14] ; counter2[15] ; u_pll|altpll_component|auto_generated|pll1|clk[2] ; u_pll|altpll_component|auto_generated|pll1|clk[2] ; 0.000        ; 0.072      ; 1.274      ;
; 1.007 ; counter2[6]  ; counter2[7]  ; u_pll|altpll_component|auto_generated|pll1|clk[2] ; u_pll|altpll_component|auto_generated|pll1|clk[2] ; 0.000        ; 0.072      ; 1.274      ;
; 1.007 ; counter2[17] ; counter2[18] ; u_pll|altpll_component|auto_generated|pll1|clk[2] ; u_pll|altpll_component|auto_generated|pll1|clk[2] ; 0.000        ; 0.072      ; 1.274      ;
; 1.007 ; counter2[7]  ; counter2[8]  ; u_pll|altpll_component|auto_generated|pll1|clk[2] ; u_pll|altpll_component|auto_generated|pll1|clk[2] ; 0.000        ; 0.072      ; 1.274      ;
; 1.007 ; counter2[15] ; counter2[16] ; u_pll|altpll_component|auto_generated|pll1|clk[2] ; u_pll|altpll_component|auto_generated|pll1|clk[2] ; 0.000        ; 0.072      ; 1.274      ;
; 1.007 ; counter2[18] ; counter2[19] ; u_pll|altpll_component|auto_generated|pll1|clk[2] ; u_pll|altpll_component|auto_generated|pll1|clk[2] ; 0.000        ; 0.072      ; 1.274      ;
; 1.008 ; counter2[16] ; counter2[17] ; u_pll|altpll_component|auto_generated|pll1|clk[2] ; u_pll|altpll_component|auto_generated|pll1|clk[2] ; 0.000        ; 0.072      ; 1.275      ;
; 1.008 ; counter2[4]  ; counter2[5]  ; u_pll|altpll_component|auto_generated|pll1|clk[2] ; u_pll|altpll_component|auto_generated|pll1|clk[2] ; 0.000        ; 0.072      ; 1.275      ;
; 1.009 ; counter2[20] ; counter2[21] ; u_pll|altpll_component|auto_generated|pll1|clk[2] ; u_pll|altpll_component|auto_generated|pll1|clk[2] ; 0.000        ; 0.072      ; 1.276      ;
; 1.009 ; counter2[22] ; counter2[23] ; u_pll|altpll_component|auto_generated|pll1|clk[2] ; u_pll|altpll_component|auto_generated|pll1|clk[2] ; 0.000        ; 0.072      ; 1.276      ;
; 1.010 ; counter2[13] ; counter2[14] ; u_pll|altpll_component|auto_generated|pll1|clk[2] ; u_pll|altpll_component|auto_generated|pll1|clk[2] ; 0.000        ; 0.072      ; 1.277      ;
; 1.011 ; counter2[5]  ; counter2[6]  ; u_pll|altpll_component|auto_generated|pll1|clk[2] ; u_pll|altpll_component|auto_generated|pll1|clk[2] ; 0.000        ; 0.072      ; 1.278      ;
; 1.011 ; counter2[3]  ; counter2[4]  ; u_pll|altpll_component|auto_generated|pll1|clk[2] ; u_pll|altpll_component|auto_generated|pll1|clk[2] ; 0.000        ; 0.072      ; 1.278      ;
; 1.013 ; counter2[21] ; counter2[22] ; u_pll|altpll_component|auto_generated|pll1|clk[2] ; u_pll|altpll_component|auto_generated|pll1|clk[2] ; 0.000        ; 0.072      ; 1.280      ;
; 1.013 ; counter2[19] ; counter2[20] ; u_pll|altpll_component|auto_generated|pll1|clk[2] ; u_pll|altpll_component|auto_generated|pll1|clk[2] ; 0.000        ; 0.072      ; 1.280      ;
; 1.021 ; counter2[2]  ; counter2[4]  ; u_pll|altpll_component|auto_generated|pll1|clk[2] ; u_pll|altpll_component|auto_generated|pll1|clk[2] ; 0.000        ; 0.072      ; 1.288      ;
; 1.022 ; counter2[18] ; counter2[20] ; u_pll|altpll_component|auto_generated|pll1|clk[2] ; u_pll|altpll_component|auto_generated|pll1|clk[2] ; 0.000        ; 0.072      ; 1.289      ;
; 1.023 ; counter2[10] ; counter2[12] ; u_pll|altpll_component|auto_generated|pll1|clk[2] ; u_pll|altpll_component|auto_generated|pll1|clk[2] ; 0.000        ; 0.072      ; 1.290      ;
; 1.023 ; counter2[12] ; counter2[14] ; u_pll|altpll_component|auto_generated|pll1|clk[2] ; u_pll|altpll_component|auto_generated|pll1|clk[2] ; 0.000        ; 0.072      ; 1.290      ;
; 1.024 ; counter2[0]  ; counter2[2]  ; u_pll|altpll_component|auto_generated|pll1|clk[2] ; u_pll|altpll_component|auto_generated|pll1|clk[2] ; 0.000        ; 0.072      ; 1.291      ;
; 1.024 ; counter2[8]  ; counter2[10] ; u_pll|altpll_component|auto_generated|pll1|clk[2] ; u_pll|altpll_component|auto_generated|pll1|clk[2] ; 0.000        ; 0.072      ; 1.291      ;
; 1.024 ; counter2[6]  ; counter2[8]  ; u_pll|altpll_component|auto_generated|pll1|clk[2] ; u_pll|altpll_component|auto_generated|pll1|clk[2] ; 0.000        ; 0.072      ; 1.291      ;
; 1.024 ; counter2[14] ; counter2[16] ; u_pll|altpll_component|auto_generated|pll1|clk[2] ; u_pll|altpll_component|auto_generated|pll1|clk[2] ; 0.000        ; 0.072      ; 1.291      ;
; 1.025 ; counter2[16] ; counter2[18] ; u_pll|altpll_component|auto_generated|pll1|clk[2] ; u_pll|altpll_component|auto_generated|pll1|clk[2] ; 0.000        ; 0.072      ; 1.292      ;
; 1.025 ; counter2[4]  ; counter2[6]  ; u_pll|altpll_component|auto_generated|pll1|clk[2] ; u_pll|altpll_component|auto_generated|pll1|clk[2] ; 0.000        ; 0.072      ; 1.292      ;
; 1.026 ; counter2[20] ; counter2[22] ; u_pll|altpll_component|auto_generated|pll1|clk[2] ; u_pll|altpll_component|auto_generated|pll1|clk[2] ; 0.000        ; 0.072      ; 1.293      ;
; 1.098 ; counter2[11] ; counter2[13] ; u_pll|altpll_component|auto_generated|pll1|clk[2] ; u_pll|altpll_component|auto_generated|pll1|clk[2] ; 0.000        ; 0.072      ; 1.365      ;
; 1.099 ; counter2[9]  ; counter2[11] ; u_pll|altpll_component|auto_generated|pll1|clk[2] ; u_pll|altpll_component|auto_generated|pll1|clk[2] ; 0.000        ; 0.072      ; 1.366      ;
; 1.099 ; counter2[7]  ; counter2[9]  ; u_pll|altpll_component|auto_generated|pll1|clk[2] ; u_pll|altpll_component|auto_generated|pll1|clk[2] ; 0.000        ; 0.072      ; 1.366      ;
; 1.099 ; counter2[15] ; counter2[17] ; u_pll|altpll_component|auto_generated|pll1|clk[2] ; u_pll|altpll_component|auto_generated|pll1|clk[2] ; 0.000        ; 0.072      ; 1.366      ;
; 1.099 ; counter2[1]  ; counter2[3]  ; u_pll|altpll_component|auto_generated|pll1|clk[2] ; u_pll|altpll_component|auto_generated|pll1|clk[2] ; 0.000        ; 0.072      ; 1.366      ;
; 1.100 ; counter2[17] ; counter2[19] ; u_pll|altpll_component|auto_generated|pll1|clk[2] ; u_pll|altpll_component|auto_generated|pll1|clk[2] ; 0.000        ; 0.072      ; 1.367      ;
; 1.104 ; counter2[13] ; counter2[15] ; u_pll|altpll_component|auto_generated|pll1|clk[2] ; u_pll|altpll_component|auto_generated|pll1|clk[2] ; 0.000        ; 0.072      ; 1.371      ;
; 1.105 ; counter2[5]  ; counter2[7]  ; u_pll|altpll_component|auto_generated|pll1|clk[2] ; u_pll|altpll_component|auto_generated|pll1|clk[2] ; 0.000        ; 0.072      ; 1.372      ;
; 1.106 ; counter2[3]  ; counter2[5]  ; u_pll|altpll_component|auto_generated|pll1|clk[2] ; u_pll|altpll_component|auto_generated|pll1|clk[2] ; 0.000        ; 0.072      ; 1.373      ;
; 1.107 ; counter2[19] ; counter2[21] ; u_pll|altpll_component|auto_generated|pll1|clk[2] ; u_pll|altpll_component|auto_generated|pll1|clk[2] ; 0.000        ; 0.072      ; 1.374      ;
; 1.107 ; counter2[21] ; counter2[23] ; u_pll|altpll_component|auto_generated|pll1|clk[2] ; u_pll|altpll_component|auto_generated|pll1|clk[2] ; 0.000        ; 0.072      ; 1.374      ;
; 1.128 ; counter2[1]  ; counter2[4]  ; u_pll|altpll_component|auto_generated|pll1|clk[2] ; u_pll|altpll_component|auto_generated|pll1|clk[2] ; 0.000        ; 0.072      ; 1.395      ;
; 1.128 ; counter2[9]  ; counter2[12] ; u_pll|altpll_component|auto_generated|pll1|clk[2] ; u_pll|altpll_component|auto_generated|pll1|clk[2] ; 0.000        ; 0.072      ; 1.395      ;
; 1.128 ; counter2[11] ; counter2[14] ; u_pll|altpll_component|auto_generated|pll1|clk[2] ; u_pll|altpll_component|auto_generated|pll1|clk[2] ; 0.000        ; 0.072      ; 1.395      ;
; 1.128 ; counter2[10] ; counter2[13] ; u_pll|altpll_component|auto_generated|pll1|clk[2] ; u_pll|altpll_component|auto_generated|pll1|clk[2] ; 0.000        ; 0.072      ; 1.395      ;
; 1.128 ; counter2[12] ; counter2[15] ; u_pll|altpll_component|auto_generated|pll1|clk[2] ; u_pll|altpll_component|auto_generated|pll1|clk[2] ; 0.000        ; 0.072      ; 1.395      ;
; 1.128 ; counter2[2]  ; counter2[5]  ; u_pll|altpll_component|auto_generated|pll1|clk[2] ; u_pll|altpll_component|auto_generated|pll1|clk[2] ; 0.000        ; 0.072      ; 1.395      ;
; 1.129 ; counter2[17] ; counter2[20] ; u_pll|altpll_component|auto_generated|pll1|clk[2] ; u_pll|altpll_component|auto_generated|pll1|clk[2] ; 0.000        ; 0.072      ; 1.396      ;
; 1.129 ; counter2[7]  ; counter2[10] ; u_pll|altpll_component|auto_generated|pll1|clk[2] ; u_pll|altpll_component|auto_generated|pll1|clk[2] ; 0.000        ; 0.072      ; 1.396      ;
; 1.129 ; counter2[15] ; counter2[18] ; u_pll|altpll_component|auto_generated|pll1|clk[2] ; u_pll|altpll_component|auto_generated|pll1|clk[2] ; 0.000        ; 0.072      ; 1.396      ;
; 1.129 ; counter2[8]  ; counter2[11] ; u_pll|altpll_component|auto_generated|pll1|clk[2] ; u_pll|altpll_component|auto_generated|pll1|clk[2] ; 0.000        ; 0.072      ; 1.396      ;
; 1.129 ; counter2[6]  ; counter2[9]  ; u_pll|altpll_component|auto_generated|pll1|clk[2] ; u_pll|altpll_component|auto_generated|pll1|clk[2] ; 0.000        ; 0.072      ; 1.396      ;
; 1.129 ; counter2[14] ; counter2[17] ; u_pll|altpll_component|auto_generated|pll1|clk[2] ; u_pll|altpll_component|auto_generated|pll1|clk[2] ; 0.000        ; 0.072      ; 1.396      ;
; 1.129 ; counter2[0]  ; counter2[3]  ; u_pll|altpll_component|auto_generated|pll1|clk[2] ; u_pll|altpll_component|auto_generated|pll1|clk[2] ; 0.000        ; 0.072      ; 1.396      ;
; 1.129 ; counter2[18] ; counter2[21] ; u_pll|altpll_component|auto_generated|pll1|clk[2] ; u_pll|altpll_component|auto_generated|pll1|clk[2] ; 0.000        ; 0.072      ; 1.396      ;
; 1.130 ; counter2[16] ; counter2[19] ; u_pll|altpll_component|auto_generated|pll1|clk[2] ; u_pll|altpll_component|auto_generated|pll1|clk[2] ; 0.000        ; 0.072      ; 1.397      ;
; 1.130 ; counter2[4]  ; counter2[7]  ; u_pll|altpll_component|auto_generated|pll1|clk[2] ; u_pll|altpll_component|auto_generated|pll1|clk[2] ; 0.000        ; 0.072      ; 1.397      ;
; 1.131 ; counter2[20] ; counter2[23] ; u_pll|altpll_component|auto_generated|pll1|clk[2] ; u_pll|altpll_component|auto_generated|pll1|clk[2] ; 0.000        ; 0.072      ; 1.398      ;
; 1.132 ; counter2[13] ; counter2[16] ; u_pll|altpll_component|auto_generated|pll1|clk[2] ; u_pll|altpll_component|auto_generated|pll1|clk[2] ; 0.000        ; 0.072      ; 1.399      ;
; 1.133 ; counter2[5]  ; counter2[8]  ; u_pll|altpll_component|auto_generated|pll1|clk[2] ; u_pll|altpll_component|auto_generated|pll1|clk[2] ; 0.000        ; 0.072      ; 1.400      ;
; 1.133 ; counter2[3]  ; counter2[6]  ; u_pll|altpll_component|auto_generated|pll1|clk[2] ; u_pll|altpll_component|auto_generated|pll1|clk[2] ; 0.000        ; 0.072      ; 1.400      ;
; 1.135 ; counter2[19] ; counter2[22] ; u_pll|altpll_component|auto_generated|pll1|clk[2] ; u_pll|altpll_component|auto_generated|pll1|clk[2] ; 0.000        ; 0.072      ; 1.402      ;
; 1.143 ; counter2[2]  ; counter2[6]  ; u_pll|altpll_component|auto_generated|pll1|clk[2] ; u_pll|altpll_component|auto_generated|pll1|clk[2] ; 0.000        ; 0.072      ; 1.410      ;
; 1.144 ; counter2[18] ; counter2[22] ; u_pll|altpll_component|auto_generated|pll1|clk[2] ; u_pll|altpll_component|auto_generated|pll1|clk[2] ; 0.000        ; 0.072      ; 1.411      ;
; 1.145 ; counter2[10] ; counter2[14] ; u_pll|altpll_component|auto_generated|pll1|clk[2] ; u_pll|altpll_component|auto_generated|pll1|clk[2] ; 0.000        ; 0.072      ; 1.412      ;
; 1.145 ; counter2[12] ; counter2[16] ; u_pll|altpll_component|auto_generated|pll1|clk[2] ; u_pll|altpll_component|auto_generated|pll1|clk[2] ; 0.000        ; 0.072      ; 1.412      ;
; 1.146 ; counter2[0]  ; counter2[4]  ; u_pll|altpll_component|auto_generated|pll1|clk[2] ; u_pll|altpll_component|auto_generated|pll1|clk[2] ; 0.000        ; 0.072      ; 1.413      ;
; 1.146 ; counter2[8]  ; counter2[12] ; u_pll|altpll_component|auto_generated|pll1|clk[2] ; u_pll|altpll_component|auto_generated|pll1|clk[2] ; 0.000        ; 0.072      ; 1.413      ;
; 1.146 ; counter2[6]  ; counter2[10] ; u_pll|altpll_component|auto_generated|pll1|clk[2] ; u_pll|altpll_component|auto_generated|pll1|clk[2] ; 0.000        ; 0.072      ; 1.413      ;
; 1.146 ; counter2[14] ; counter2[18] ; u_pll|altpll_component|auto_generated|pll1|clk[2] ; u_pll|altpll_component|auto_generated|pll1|clk[2] ; 0.000        ; 0.072      ; 1.413      ;
; 1.147 ; counter2[16] ; counter2[20] ; u_pll|altpll_component|auto_generated|pll1|clk[2] ; u_pll|altpll_component|auto_generated|pll1|clk[2] ; 0.000        ; 0.072      ; 1.414      ;
; 1.147 ; counter2[4]  ; counter2[8]  ; u_pll|altpll_component|auto_generated|pll1|clk[2] ; u_pll|altpll_component|auto_generated|pll1|clk[2] ; 0.000        ; 0.072      ; 1.414      ;
+-------+--------------+--------------+---------------------------------------------------+---------------------------------------------------+--------------+------------+------------+


+--------------------------------------------------------------------------------------------------------------------------------------------------------------------------------------+
; Slow 1200mV 0C Model Hold: 'u_pll|altpll_component|auto_generated|pll1|clk[3]'                                                                                                       ;
+-------+--------------+--------------+---------------------------------------------------+---------------------------------------------------+--------------+------------+------------+
; Slack ; From Node    ; To Node      ; Launch Clock                                      ; Latch Clock                                       ; Relationship ; Clock Skew ; Data Delay ;
+-------+--------------+--------------+---------------------------------------------------+---------------------------------------------------+--------------+------------+------------+
; 0.685 ; counter3[1]  ; counter3[1]  ; u_pll|altpll_component|auto_generated|pll1|clk[3] ; u_pll|altpll_component|auto_generated|pll1|clk[3] ; 0.000        ; 0.072      ; 0.952      ;
; 0.686 ; counter3[17] ; counter3[17] ; u_pll|altpll_component|auto_generated|pll1|clk[3] ; u_pll|altpll_component|auto_generated|pll1|clk[3] ; 0.000        ; 0.072      ; 0.953      ;
; 0.686 ; counter3[11] ; counter3[11] ; u_pll|altpll_component|auto_generated|pll1|clk[3] ; u_pll|altpll_component|auto_generated|pll1|clk[3] ; 0.000        ; 0.072      ; 0.953      ;
; 0.686 ; counter3[10] ; counter3[10] ; u_pll|altpll_component|auto_generated|pll1|clk[3] ; u_pll|altpll_component|auto_generated|pll1|clk[3] ; 0.000        ; 0.072      ; 0.953      ;
; 0.686 ; counter3[9]  ; counter3[9]  ; u_pll|altpll_component|auto_generated|pll1|clk[3] ; u_pll|altpll_component|auto_generated|pll1|clk[3] ; 0.000        ; 0.072      ; 0.953      ;
; 0.686 ; counter3[8]  ; counter3[8]  ; u_pll|altpll_component|auto_generated|pll1|clk[3] ; u_pll|altpll_component|auto_generated|pll1|clk[3] ; 0.000        ; 0.072      ; 0.953      ;
; 0.687 ; counter3[16] ; counter3[16] ; u_pll|altpll_component|auto_generated|pll1|clk[3] ; u_pll|altpll_component|auto_generated|pll1|clk[3] ; 0.000        ; 0.072      ; 0.954      ;
; 0.687 ; counter3[14] ; counter3[14] ; u_pll|altpll_component|auto_generated|pll1|clk[3] ; u_pll|altpll_component|auto_generated|pll1|clk[3] ; 0.000        ; 0.072      ; 0.954      ;
; 0.687 ; counter3[13] ; counter3[13] ; u_pll|altpll_component|auto_generated|pll1|clk[3] ; u_pll|altpll_component|auto_generated|pll1|clk[3] ; 0.000        ; 0.072      ; 0.954      ;
; 0.687 ; counter3[7]  ; counter3[7]  ; u_pll|altpll_component|auto_generated|pll1|clk[3] ; u_pll|altpll_component|auto_generated|pll1|clk[3] ; 0.000        ; 0.072      ; 0.954      ;
; 0.687 ; counter3[6]  ; counter3[6]  ; u_pll|altpll_component|auto_generated|pll1|clk[3] ; u_pll|altpll_component|auto_generated|pll1|clk[3] ; 0.000        ; 0.072      ; 0.954      ;
; 0.687 ; counter3[5]  ; counter3[5]  ; u_pll|altpll_component|auto_generated|pll1|clk[3] ; u_pll|altpll_component|auto_generated|pll1|clk[3] ; 0.000        ; 0.072      ; 0.954      ;
; 0.688 ; counter3[15] ; counter3[15] ; u_pll|altpll_component|auto_generated|pll1|clk[3] ; u_pll|altpll_component|auto_generated|pll1|clk[3] ; 0.000        ; 0.072      ; 0.955      ;
; 0.688 ; counter3[3]  ; counter3[3]  ; u_pll|altpll_component|auto_generated|pll1|clk[3] ; u_pll|altpll_component|auto_generated|pll1|clk[3] ; 0.000        ; 0.072      ; 0.955      ;
; 0.689 ; counter3[21] ; counter3[21] ; u_pll|altpll_component|auto_generated|pll1|clk[3] ; u_pll|altpll_component|auto_generated|pll1|clk[3] ; 0.000        ; 0.072      ; 0.956      ;
; 0.689 ; counter3[19] ; counter3[19] ; u_pll|altpll_component|auto_generated|pll1|clk[3] ; u_pll|altpll_component|auto_generated|pll1|clk[3] ; 0.000        ; 0.072      ; 0.956      ;
; 0.689 ; counter3[12] ; counter3[12] ; u_pll|altpll_component|auto_generated|pll1|clk[3] ; u_pll|altpll_component|auto_generated|pll1|clk[3] ; 0.000        ; 0.072      ; 0.956      ;
; 0.690 ; counter3[4]  ; counter3[4]  ; u_pll|altpll_component|auto_generated|pll1|clk[3] ; u_pll|altpll_component|auto_generated|pll1|clk[3] ; 0.000        ; 0.072      ; 0.957      ;
; 0.690 ; counter3[2]  ; counter3[2]  ; u_pll|altpll_component|auto_generated|pll1|clk[3] ; u_pll|altpll_component|auto_generated|pll1|clk[3] ; 0.000        ; 0.072      ; 0.957      ;
; 0.692 ; counter3[20] ; counter3[20] ; u_pll|altpll_component|auto_generated|pll1|clk[3] ; u_pll|altpll_component|auto_generated|pll1|clk[3] ; 0.000        ; 0.072      ; 0.959      ;
; 0.692 ; counter3[18] ; counter3[18] ; u_pll|altpll_component|auto_generated|pll1|clk[3] ; u_pll|altpll_component|auto_generated|pll1|clk[3] ; 0.000        ; 0.072      ; 0.959      ;
; 0.707 ; counter3[0]  ; counter3[0]  ; u_pll|altpll_component|auto_generated|pll1|clk[3] ; u_pll|altpll_component|auto_generated|pll1|clk[3] ; 0.000        ; 0.072      ; 0.974      ;
; 0.711 ; counter3[22] ; counter3[22] ; u_pll|altpll_component|auto_generated|pll1|clk[3] ; u_pll|altpll_component|auto_generated|pll1|clk[3] ; 0.000        ; 0.072      ; 0.978      ;
; 1.005 ; counter3[0]  ; counter3[1]  ; u_pll|altpll_component|auto_generated|pll1|clk[3] ; u_pll|altpll_component|auto_generated|pll1|clk[3] ; 0.000        ; 0.072      ; 1.272      ;
; 1.005 ; counter3[10] ; counter3[11] ; u_pll|altpll_component|auto_generated|pll1|clk[3] ; u_pll|altpll_component|auto_generated|pll1|clk[3] ; 0.000        ; 0.072      ; 1.272      ;
; 1.005 ; counter3[8]  ; counter3[9]  ; u_pll|altpll_component|auto_generated|pll1|clk[3] ; u_pll|altpll_component|auto_generated|pll1|clk[3] ; 0.000        ; 0.072      ; 1.272      ;
; 1.006 ; counter3[12] ; counter3[13] ; u_pll|altpll_component|auto_generated|pll1|clk[3] ; u_pll|altpll_component|auto_generated|pll1|clk[3] ; 0.000        ; 0.072      ; 1.273      ;
; 1.006 ; counter3[16] ; counter3[17] ; u_pll|altpll_component|auto_generated|pll1|clk[3] ; u_pll|altpll_component|auto_generated|pll1|clk[3] ; 0.000        ; 0.072      ; 1.273      ;
; 1.006 ; counter3[6]  ; counter3[7]  ; u_pll|altpll_component|auto_generated|pll1|clk[3] ; u_pll|altpll_component|auto_generated|pll1|clk[3] ; 0.000        ; 0.072      ; 1.273      ;
; 1.006 ; counter3[14] ; counter3[15] ; u_pll|altpll_component|auto_generated|pll1|clk[3] ; u_pll|altpll_component|auto_generated|pll1|clk[3] ; 0.000        ; 0.072      ; 1.273      ;
; 1.007 ; counter3[4]  ; counter3[5]  ; u_pll|altpll_component|auto_generated|pll1|clk[3] ; u_pll|altpll_component|auto_generated|pll1|clk[3] ; 0.000        ; 0.072      ; 1.274      ;
; 1.007 ; counter3[1]  ; counter3[2]  ; u_pll|altpll_component|auto_generated|pll1|clk[3] ; u_pll|altpll_component|auto_generated|pll1|clk[3] ; 0.000        ; 0.072      ; 1.274      ;
; 1.008 ; counter3[2]  ; counter3[3]  ; u_pll|altpll_component|auto_generated|pll1|clk[3] ; u_pll|altpll_component|auto_generated|pll1|clk[3] ; 0.000        ; 0.072      ; 1.275      ;
; 1.008 ; counter3[17] ; counter3[18] ; u_pll|altpll_component|auto_generated|pll1|clk[3] ; u_pll|altpll_component|auto_generated|pll1|clk[3] ; 0.000        ; 0.072      ; 1.275      ;
; 1.009 ; counter3[20] ; counter3[21] ; u_pll|altpll_component|auto_generated|pll1|clk[3] ; u_pll|altpll_component|auto_generated|pll1|clk[3] ; 0.000        ; 0.072      ; 1.276      ;
; 1.009 ; counter3[18] ; counter3[19] ; u_pll|altpll_component|auto_generated|pll1|clk[3] ; u_pll|altpll_component|auto_generated|pll1|clk[3] ; 0.000        ; 0.072      ; 1.276      ;
; 1.010 ; counter3[9]  ; counter3[10] ; u_pll|altpll_component|auto_generated|pll1|clk[3] ; u_pll|altpll_component|auto_generated|pll1|clk[3] ; 0.000        ; 0.072      ; 1.277      ;
; 1.010 ; counter3[11] ; counter3[12] ; u_pll|altpll_component|auto_generated|pll1|clk[3] ; u_pll|altpll_component|auto_generated|pll1|clk[3] ; 0.000        ; 0.072      ; 1.277      ;
; 1.011 ; counter3[7]  ; counter3[8]  ; u_pll|altpll_component|auto_generated|pll1|clk[3] ; u_pll|altpll_component|auto_generated|pll1|clk[3] ; 0.000        ; 0.072      ; 1.278      ;
; 1.011 ; counter3[13] ; counter3[14] ; u_pll|altpll_component|auto_generated|pll1|clk[3] ; u_pll|altpll_component|auto_generated|pll1|clk[3] ; 0.000        ; 0.072      ; 1.278      ;
; 1.011 ; counter3[5]  ; counter3[6]  ; u_pll|altpll_component|auto_generated|pll1|clk[3] ; u_pll|altpll_component|auto_generated|pll1|clk[3] ; 0.000        ; 0.072      ; 1.278      ;
; 1.012 ; counter3[15] ; counter3[16] ; u_pll|altpll_component|auto_generated|pll1|clk[3] ; u_pll|altpll_component|auto_generated|pll1|clk[3] ; 0.000        ; 0.072      ; 1.279      ;
; 1.012 ; counter3[3]  ; counter3[4]  ; u_pll|altpll_component|auto_generated|pll1|clk[3] ; u_pll|altpll_component|auto_generated|pll1|clk[3] ; 0.000        ; 0.072      ; 1.279      ;
; 1.013 ; counter3[19] ; counter3[20] ; u_pll|altpll_component|auto_generated|pll1|clk[3] ; u_pll|altpll_component|auto_generated|pll1|clk[3] ; 0.000        ; 0.072      ; 1.280      ;
; 1.013 ; counter3[21] ; counter3[22] ; u_pll|altpll_component|auto_generated|pll1|clk[3] ; u_pll|altpll_component|auto_generated|pll1|clk[3] ; 0.000        ; 0.072      ; 1.280      ;
; 1.020 ; counter3[0]  ; counter3[2]  ; u_pll|altpll_component|auto_generated|pll1|clk[3] ; u_pll|altpll_component|auto_generated|pll1|clk[3] ; 0.000        ; 0.072      ; 1.287      ;
; 1.020 ; counter3[8]  ; counter3[10] ; u_pll|altpll_component|auto_generated|pll1|clk[3] ; u_pll|altpll_component|auto_generated|pll1|clk[3] ; 0.000        ; 0.072      ; 1.287      ;
; 1.020 ; counter3[10] ; counter3[12] ; u_pll|altpll_component|auto_generated|pll1|clk[3] ; u_pll|altpll_component|auto_generated|pll1|clk[3] ; 0.000        ; 0.072      ; 1.287      ;
; 1.021 ; counter3[16] ; counter3[18] ; u_pll|altpll_component|auto_generated|pll1|clk[3] ; u_pll|altpll_component|auto_generated|pll1|clk[3] ; 0.000        ; 0.072      ; 1.288      ;
; 1.021 ; counter3[6]  ; counter3[8]  ; u_pll|altpll_component|auto_generated|pll1|clk[3] ; u_pll|altpll_component|auto_generated|pll1|clk[3] ; 0.000        ; 0.072      ; 1.288      ;
; 1.021 ; counter3[14] ; counter3[16] ; u_pll|altpll_component|auto_generated|pll1|clk[3] ; u_pll|altpll_component|auto_generated|pll1|clk[3] ; 0.000        ; 0.072      ; 1.288      ;
; 1.023 ; counter3[12] ; counter3[14] ; u_pll|altpll_component|auto_generated|pll1|clk[3] ; u_pll|altpll_component|auto_generated|pll1|clk[3] ; 0.000        ; 0.072      ; 1.290      ;
; 1.024 ; counter3[4]  ; counter3[6]  ; u_pll|altpll_component|auto_generated|pll1|clk[3] ; u_pll|altpll_component|auto_generated|pll1|clk[3] ; 0.000        ; 0.072      ; 1.291      ;
; 1.024 ; counter3[2]  ; counter3[4]  ; u_pll|altpll_component|auto_generated|pll1|clk[3] ; u_pll|altpll_component|auto_generated|pll1|clk[3] ; 0.000        ; 0.072      ; 1.291      ;
; 1.026 ; counter3[18] ; counter3[20] ; u_pll|altpll_component|auto_generated|pll1|clk[3] ; u_pll|altpll_component|auto_generated|pll1|clk[3] ; 0.000        ; 0.072      ; 1.293      ;
; 1.026 ; counter3[20] ; counter3[22] ; u_pll|altpll_component|auto_generated|pll1|clk[3] ; u_pll|altpll_component|auto_generated|pll1|clk[3] ; 0.000        ; 0.072      ; 1.293      ;
; 1.099 ; counter3[1]  ; counter3[3]  ; u_pll|altpll_component|auto_generated|pll1|clk[3] ; u_pll|altpll_component|auto_generated|pll1|clk[3] ; 0.000        ; 0.072      ; 1.366      ;
; 1.100 ; counter3[17] ; counter3[19] ; u_pll|altpll_component|auto_generated|pll1|clk[3] ; u_pll|altpll_component|auto_generated|pll1|clk[3] ; 0.000        ; 0.072      ; 1.367      ;
; 1.104 ; counter3[11] ; counter3[13] ; u_pll|altpll_component|auto_generated|pll1|clk[3] ; u_pll|altpll_component|auto_generated|pll1|clk[3] ; 0.000        ; 0.072      ; 1.371      ;
; 1.104 ; counter3[9]  ; counter3[11] ; u_pll|altpll_component|auto_generated|pll1|clk[3] ; u_pll|altpll_component|auto_generated|pll1|clk[3] ; 0.000        ; 0.072      ; 1.371      ;
; 1.105 ; counter3[7]  ; counter3[9]  ; u_pll|altpll_component|auto_generated|pll1|clk[3] ; u_pll|altpll_component|auto_generated|pll1|clk[3] ; 0.000        ; 0.072      ; 1.372      ;
; 1.105 ; counter3[5]  ; counter3[7]  ; u_pll|altpll_component|auto_generated|pll1|clk[3] ; u_pll|altpll_component|auto_generated|pll1|clk[3] ; 0.000        ; 0.072      ; 1.372      ;
; 1.105 ; counter3[13] ; counter3[15] ; u_pll|altpll_component|auto_generated|pll1|clk[3] ; u_pll|altpll_component|auto_generated|pll1|clk[3] ; 0.000        ; 0.072      ; 1.372      ;
; 1.106 ; counter3[3]  ; counter3[5]  ; u_pll|altpll_component|auto_generated|pll1|clk[3] ; u_pll|altpll_component|auto_generated|pll1|clk[3] ; 0.000        ; 0.072      ; 1.373      ;
; 1.106 ; counter3[15] ; counter3[17] ; u_pll|altpll_component|auto_generated|pll1|clk[3] ; u_pll|altpll_component|auto_generated|pll1|clk[3] ; 0.000        ; 0.072      ; 1.373      ;
; 1.107 ; counter3[19] ; counter3[21] ; u_pll|altpll_component|auto_generated|pll1|clk[3] ; u_pll|altpll_component|auto_generated|pll1|clk[3] ; 0.000        ; 0.072      ; 1.374      ;
; 1.127 ; counter3[0]  ; counter3[3]  ; u_pll|altpll_component|auto_generated|pll1|clk[3] ; u_pll|altpll_component|auto_generated|pll1|clk[3] ; 0.000        ; 0.072      ; 1.394      ;
; 1.127 ; counter3[8]  ; counter3[11] ; u_pll|altpll_component|auto_generated|pll1|clk[3] ; u_pll|altpll_component|auto_generated|pll1|clk[3] ; 0.000        ; 0.072      ; 1.394      ;
; 1.127 ; counter3[10] ; counter3[13] ; u_pll|altpll_component|auto_generated|pll1|clk[3] ; u_pll|altpll_component|auto_generated|pll1|clk[3] ; 0.000        ; 0.072      ; 1.394      ;
; 1.128 ; counter3[12] ; counter3[15] ; u_pll|altpll_component|auto_generated|pll1|clk[3] ; u_pll|altpll_component|auto_generated|pll1|clk[3] ; 0.000        ; 0.072      ; 1.395      ;
; 1.128 ; counter3[16] ; counter3[19] ; u_pll|altpll_component|auto_generated|pll1|clk[3] ; u_pll|altpll_component|auto_generated|pll1|clk[3] ; 0.000        ; 0.072      ; 1.395      ;
; 1.128 ; counter3[6]  ; counter3[9]  ; u_pll|altpll_component|auto_generated|pll1|clk[3] ; u_pll|altpll_component|auto_generated|pll1|clk[3] ; 0.000        ; 0.072      ; 1.395      ;
; 1.128 ; counter3[14] ; counter3[17] ; u_pll|altpll_component|auto_generated|pll1|clk[3] ; u_pll|altpll_component|auto_generated|pll1|clk[3] ; 0.000        ; 0.072      ; 1.395      ;
; 1.129 ; counter3[1]  ; counter3[4]  ; u_pll|altpll_component|auto_generated|pll1|clk[3] ; u_pll|altpll_component|auto_generated|pll1|clk[3] ; 0.000        ; 0.072      ; 1.396      ;
; 1.129 ; counter3[4]  ; counter3[7]  ; u_pll|altpll_component|auto_generated|pll1|clk[3] ; u_pll|altpll_component|auto_generated|pll1|clk[3] ; 0.000        ; 0.072      ; 1.396      ;
; 1.130 ; counter3[17] ; counter3[20] ; u_pll|altpll_component|auto_generated|pll1|clk[3] ; u_pll|altpll_component|auto_generated|pll1|clk[3] ; 0.000        ; 0.072      ; 1.397      ;
; 1.130 ; counter3[2]  ; counter3[5]  ; u_pll|altpll_component|auto_generated|pll1|clk[3] ; u_pll|altpll_component|auto_generated|pll1|clk[3] ; 0.000        ; 0.072      ; 1.397      ;
; 1.131 ; counter3[18] ; counter3[21] ; u_pll|altpll_component|auto_generated|pll1|clk[3] ; u_pll|altpll_component|auto_generated|pll1|clk[3] ; 0.000        ; 0.072      ; 1.398      ;
; 1.132 ; counter3[9]  ; counter3[12] ; u_pll|altpll_component|auto_generated|pll1|clk[3] ; u_pll|altpll_component|auto_generated|pll1|clk[3] ; 0.000        ; 0.072      ; 1.399      ;
; 1.132 ; counter3[11] ; counter3[14] ; u_pll|altpll_component|auto_generated|pll1|clk[3] ; u_pll|altpll_component|auto_generated|pll1|clk[3] ; 0.000        ; 0.072      ; 1.399      ;
; 1.133 ; counter3[7]  ; counter3[10] ; u_pll|altpll_component|auto_generated|pll1|clk[3] ; u_pll|altpll_component|auto_generated|pll1|clk[3] ; 0.000        ; 0.072      ; 1.400      ;
; 1.133 ; counter3[5]  ; counter3[8]  ; u_pll|altpll_component|auto_generated|pll1|clk[3] ; u_pll|altpll_component|auto_generated|pll1|clk[3] ; 0.000        ; 0.072      ; 1.400      ;
; 1.133 ; counter3[13] ; counter3[16] ; u_pll|altpll_component|auto_generated|pll1|clk[3] ; u_pll|altpll_component|auto_generated|pll1|clk[3] ; 0.000        ; 0.072      ; 1.400      ;
; 1.134 ; counter3[15] ; counter3[18] ; u_pll|altpll_component|auto_generated|pll1|clk[3] ; u_pll|altpll_component|auto_generated|pll1|clk[3] ; 0.000        ; 0.072      ; 1.401      ;
; 1.134 ; counter3[3]  ; counter3[6]  ; u_pll|altpll_component|auto_generated|pll1|clk[3] ; u_pll|altpll_component|auto_generated|pll1|clk[3] ; 0.000        ; 0.072      ; 1.401      ;
; 1.135 ; counter3[19] ; counter3[22] ; u_pll|altpll_component|auto_generated|pll1|clk[3] ; u_pll|altpll_component|auto_generated|pll1|clk[3] ; 0.000        ; 0.072      ; 1.402      ;
; 1.142 ; counter3[0]  ; counter3[4]  ; u_pll|altpll_component|auto_generated|pll1|clk[3] ; u_pll|altpll_component|auto_generated|pll1|clk[3] ; 0.000        ; 0.072      ; 1.409      ;
; 1.142 ; counter3[8]  ; counter3[12] ; u_pll|altpll_component|auto_generated|pll1|clk[3] ; u_pll|altpll_component|auto_generated|pll1|clk[3] ; 0.000        ; 0.072      ; 1.409      ;
; 1.142 ; counter3[10] ; counter3[14] ; u_pll|altpll_component|auto_generated|pll1|clk[3] ; u_pll|altpll_component|auto_generated|pll1|clk[3] ; 0.000        ; 0.072      ; 1.409      ;
; 1.143 ; counter3[16] ; counter3[20] ; u_pll|altpll_component|auto_generated|pll1|clk[3] ; u_pll|altpll_component|auto_generated|pll1|clk[3] ; 0.000        ; 0.072      ; 1.410      ;
; 1.143 ; counter3[6]  ; counter3[10] ; u_pll|altpll_component|auto_generated|pll1|clk[3] ; u_pll|altpll_component|auto_generated|pll1|clk[3] ; 0.000        ; 0.072      ; 1.410      ;
; 1.143 ; counter3[14] ; counter3[18] ; u_pll|altpll_component|auto_generated|pll1|clk[3] ; u_pll|altpll_component|auto_generated|pll1|clk[3] ; 0.000        ; 0.072      ; 1.410      ;
; 1.145 ; counter3[12] ; counter3[16] ; u_pll|altpll_component|auto_generated|pll1|clk[3] ; u_pll|altpll_component|auto_generated|pll1|clk[3] ; 0.000        ; 0.072      ; 1.412      ;
; 1.146 ; counter3[4]  ; counter3[8]  ; u_pll|altpll_component|auto_generated|pll1|clk[3] ; u_pll|altpll_component|auto_generated|pll1|clk[3] ; 0.000        ; 0.072      ; 1.413      ;
; 1.146 ; counter3[2]  ; counter3[6]  ; u_pll|altpll_component|auto_generated|pll1|clk[3] ; u_pll|altpll_component|auto_generated|pll1|clk[3] ; 0.000        ; 0.072      ; 1.413      ;
; 1.148 ; counter3[18] ; counter3[22] ; u_pll|altpll_component|auto_generated|pll1|clk[3] ; u_pll|altpll_component|auto_generated|pll1|clk[3] ; 0.000        ; 0.072      ; 1.415      ;
; 1.221 ; counter3[1]  ; counter3[5]  ; u_pll|altpll_component|auto_generated|pll1|clk[3] ; u_pll|altpll_component|auto_generated|pll1|clk[3] ; 0.000        ; 0.072      ; 1.488      ;
; 1.222 ; counter3[17] ; counter3[21] ; u_pll|altpll_component|auto_generated|pll1|clk[3] ; u_pll|altpll_component|auto_generated|pll1|clk[3] ; 0.000        ; 0.072      ; 1.489      ;
; 1.226 ; counter3[11] ; counter3[15] ; u_pll|altpll_component|auto_generated|pll1|clk[3] ; u_pll|altpll_component|auto_generated|pll1|clk[3] ; 0.000        ; 0.072      ; 1.493      ;
; 1.226 ; counter3[9]  ; counter3[13] ; u_pll|altpll_component|auto_generated|pll1|clk[3] ; u_pll|altpll_component|auto_generated|pll1|clk[3] ; 0.000        ; 0.072      ; 1.493      ;
+-------+--------------+--------------+---------------------------------------------------+---------------------------------------------------+--------------+------------+------------+


----------------------------------------------
; Slow 1200mV 0C Model Metastability Summary ;
----------------------------------------------
No synchronizer chains to report.


+-----------------------------------------------------------------------------+
; Fast 1200mV 0C Model Setup Summary                                          ;
+---------------------------------------------------+---------+---------------+
; Clock                                             ; Slack   ; End Point TNS ;
+---------------------------------------------------+---------+---------------+
; u_pll|altpll_component|auto_generated|pll1|clk[0] ; 8.375   ; 0.000         ;
; u_pll|altpll_component|auto_generated|pll1|clk[1] ; 38.384  ; 0.000         ;
; u_pll|altpll_component|auto_generated|pll1|clk[2] ; 98.448  ; 0.000         ;
; u_pll|altpll_component|auto_generated|pll1|clk[3] ; 198.452 ; 0.000         ;
+---------------------------------------------------+---------+---------------+


+---------------------------------------------------------------------------+
; Fast 1200mV 0C Model Hold Summary                                         ;
+---------------------------------------------------+-------+---------------+
; Clock                                             ; Slack ; End Point TNS ;
+---------------------------------------------------+-------+---------------+
; u_pll|altpll_component|auto_generated|pll1|clk[0] ; 0.205 ; 0.000         ;
; u_pll|altpll_component|auto_generated|pll1|clk[1] ; 0.205 ; 0.000         ;
; u_pll|altpll_component|auto_generated|pll1|clk[2] ; 0.292 ; 0.000         ;
; u_pll|altpll_component|auto_generated|pll1|clk[3] ; 0.293 ; 0.000         ;
+---------------------------------------------------+-------+---------------+


-----------------------------------------
; Fast 1200mV 0C Model Recovery Summary ;
-----------------------------------------
No paths to report.


----------------------------------------
; Fast 1200mV 0C Model Removal Summary ;
----------------------------------------
No paths to report.


+----------------------------------------------------------------------------+
; Fast 1200mV 0C Model Minimum Pulse Width Summary                           ;
+---------------------------------------------------+--------+---------------+
; Clock                                             ; Slack  ; End Point TNS ;
+---------------------------------------------------+--------+---------------+
; clk_100m                                          ; 4.594  ; 0.000         ;
; u_pll|altpll_component|auto_generated|pll1|clk[0] ; 4.797  ; 0.000         ;
; u_pll|altpll_component|auto_generated|pll1|clk[1] ; 19.796 ; 0.000         ;
; u_pll|altpll_component|auto_generated|pll1|clk[2] ; 49.796 ; 0.000         ;
; u_pll|altpll_component|auto_generated|pll1|clk[3] ; 99.796 ; 0.000         ;
+---------------------------------------------------+--------+---------------+


+--------------------------------------------------------------------------------------------------------------------------------------------------------------------------------------+
; Fast 1200mV 0C Model Setup: 'u_pll|altpll_component|auto_generated|pll1|clk[0]'                                                                                                      ;
+-------+--------------+--------------+---------------------------------------------------+---------------------------------------------------+--------------+------------+------------+
; Slack ; From Node    ; To Node      ; Launch Clock                                      ; Latch Clock                                       ; Relationship ; Clock Skew ; Data Delay ;
+-------+--------------+--------------+---------------------------------------------------+---------------------------------------------------+--------------+------------+------------+
; 8.375 ; counter0[1]  ; counter0[25] ; u_pll|altpll_component|auto_generated|pll1|clk[0] ; u_pll|altpll_component|auto_generated|pll1|clk[0] ; 10.000       ; -0.037     ; 1.575      ;
; 8.379 ; counter0[1]  ; counter0[24] ; u_pll|altpll_component|auto_generated|pll1|clk[0] ; u_pll|altpll_component|auto_generated|pll1|clk[0] ; 10.000       ; -0.037     ; 1.571      ;
; 8.389 ; counter0[0]  ; counter0[25] ; u_pll|altpll_component|auto_generated|pll1|clk[0] ; u_pll|altpll_component|auto_generated|pll1|clk[0] ; 10.000       ; -0.037     ; 1.561      ;
; 8.427 ; counter0[0]  ; counter0[24] ; u_pll|altpll_component|auto_generated|pll1|clk[0] ; u_pll|altpll_component|auto_generated|pll1|clk[0] ; 10.000       ; -0.037     ; 1.523      ;
; 8.443 ; counter0[1]  ; counter0[23] ; u_pll|altpll_component|auto_generated|pll1|clk[0] ; u_pll|altpll_component|auto_generated|pll1|clk[0] ; 10.000       ; -0.037     ; 1.507      ;
; 8.447 ; counter0[1]  ; counter0[22] ; u_pll|altpll_component|auto_generated|pll1|clk[0] ; u_pll|altpll_component|auto_generated|pll1|clk[0] ; 10.000       ; -0.037     ; 1.503      ;
; 8.447 ; counter0[3]  ; counter0[25] ; u_pll|altpll_component|auto_generated|pll1|clk[0] ; u_pll|altpll_component|auto_generated|pll1|clk[0] ; 10.000       ; -0.037     ; 1.503      ;
; 8.451 ; counter0[3]  ; counter0[24] ; u_pll|altpll_component|auto_generated|pll1|clk[0] ; u_pll|altpll_component|auto_generated|pll1|clk[0] ; 10.000       ; -0.037     ; 1.499      ;
; 8.457 ; counter0[2]  ; counter0[25] ; u_pll|altpll_component|auto_generated|pll1|clk[0] ; u_pll|altpll_component|auto_generated|pll1|clk[0] ; 10.000       ; -0.037     ; 1.493      ;
; 8.457 ; counter0[0]  ; counter0[23] ; u_pll|altpll_component|auto_generated|pll1|clk[0] ; u_pll|altpll_component|auto_generated|pll1|clk[0] ; 10.000       ; -0.037     ; 1.493      ;
; 8.495 ; counter0[0]  ; counter0[22] ; u_pll|altpll_component|auto_generated|pll1|clk[0] ; u_pll|altpll_component|auto_generated|pll1|clk[0] ; 10.000       ; -0.037     ; 1.455      ;
; 8.496 ; counter0[2]  ; counter0[24] ; u_pll|altpll_component|auto_generated|pll1|clk[0] ; u_pll|altpll_component|auto_generated|pll1|clk[0] ; 10.000       ; -0.037     ; 1.454      ;
; 8.511 ; counter0[1]  ; counter0[21] ; u_pll|altpll_component|auto_generated|pll1|clk[0] ; u_pll|altpll_component|auto_generated|pll1|clk[0] ; 10.000       ; -0.037     ; 1.439      ;
; 8.511 ; counter0[5]  ; counter0[25] ; u_pll|altpll_component|auto_generated|pll1|clk[0] ; u_pll|altpll_component|auto_generated|pll1|clk[0] ; 10.000       ; -0.037     ; 1.439      ;
; 8.515 ; counter0[1]  ; counter0[20] ; u_pll|altpll_component|auto_generated|pll1|clk[0] ; u_pll|altpll_component|auto_generated|pll1|clk[0] ; 10.000       ; -0.037     ; 1.435      ;
; 8.515 ; counter0[5]  ; counter0[24] ; u_pll|altpll_component|auto_generated|pll1|clk[0] ; u_pll|altpll_component|auto_generated|pll1|clk[0] ; 10.000       ; -0.037     ; 1.435      ;
; 8.515 ; counter0[3]  ; counter0[23] ; u_pll|altpll_component|auto_generated|pll1|clk[0] ; u_pll|altpll_component|auto_generated|pll1|clk[0] ; 10.000       ; -0.037     ; 1.435      ;
; 8.519 ; counter0[3]  ; counter0[22] ; u_pll|altpll_component|auto_generated|pll1|clk[0] ; u_pll|altpll_component|auto_generated|pll1|clk[0] ; 10.000       ; -0.037     ; 1.431      ;
; 8.525 ; counter0[4]  ; counter0[25] ; u_pll|altpll_component|auto_generated|pll1|clk[0] ; u_pll|altpll_component|auto_generated|pll1|clk[0] ; 10.000       ; -0.037     ; 1.425      ;
; 8.525 ; counter0[2]  ; counter0[23] ; u_pll|altpll_component|auto_generated|pll1|clk[0] ; u_pll|altpll_component|auto_generated|pll1|clk[0] ; 10.000       ; -0.037     ; 1.425      ;
; 8.525 ; counter0[0]  ; counter0[21] ; u_pll|altpll_component|auto_generated|pll1|clk[0] ; u_pll|altpll_component|auto_generated|pll1|clk[0] ; 10.000       ; -0.037     ; 1.425      ;
; 8.563 ; counter0[4]  ; counter0[24] ; u_pll|altpll_component|auto_generated|pll1|clk[0] ; u_pll|altpll_component|auto_generated|pll1|clk[0] ; 10.000       ; -0.037     ; 1.387      ;
; 8.563 ; counter0[0]  ; counter0[20] ; u_pll|altpll_component|auto_generated|pll1|clk[0] ; u_pll|altpll_component|auto_generated|pll1|clk[0] ; 10.000       ; -0.037     ; 1.387      ;
; 8.564 ; counter0[2]  ; counter0[22] ; u_pll|altpll_component|auto_generated|pll1|clk[0] ; u_pll|altpll_component|auto_generated|pll1|clk[0] ; 10.000       ; -0.037     ; 1.386      ;
; 8.579 ; counter0[1]  ; counter0[19] ; u_pll|altpll_component|auto_generated|pll1|clk[0] ; u_pll|altpll_component|auto_generated|pll1|clk[0] ; 10.000       ; -0.037     ; 1.371      ;
; 8.579 ; counter0[7]  ; counter0[25] ; u_pll|altpll_component|auto_generated|pll1|clk[0] ; u_pll|altpll_component|auto_generated|pll1|clk[0] ; 10.000       ; -0.037     ; 1.371      ;
; 8.579 ; counter0[5]  ; counter0[23] ; u_pll|altpll_component|auto_generated|pll1|clk[0] ; u_pll|altpll_component|auto_generated|pll1|clk[0] ; 10.000       ; -0.037     ; 1.371      ;
; 8.583 ; counter0[1]  ; counter0[18] ; u_pll|altpll_component|auto_generated|pll1|clk[0] ; u_pll|altpll_component|auto_generated|pll1|clk[0] ; 10.000       ; -0.037     ; 1.367      ;
; 8.583 ; counter0[7]  ; counter0[24] ; u_pll|altpll_component|auto_generated|pll1|clk[0] ; u_pll|altpll_component|auto_generated|pll1|clk[0] ; 10.000       ; -0.037     ; 1.367      ;
; 8.583 ; counter0[5]  ; counter0[22] ; u_pll|altpll_component|auto_generated|pll1|clk[0] ; u_pll|altpll_component|auto_generated|pll1|clk[0] ; 10.000       ; -0.037     ; 1.367      ;
; 8.583 ; counter0[3]  ; counter0[21] ; u_pll|altpll_component|auto_generated|pll1|clk[0] ; u_pll|altpll_component|auto_generated|pll1|clk[0] ; 10.000       ; -0.037     ; 1.367      ;
; 8.587 ; counter0[3]  ; counter0[20] ; u_pll|altpll_component|auto_generated|pll1|clk[0] ; u_pll|altpll_component|auto_generated|pll1|clk[0] ; 10.000       ; -0.037     ; 1.363      ;
; 8.592 ; counter0[6]  ; counter0[25] ; u_pll|altpll_component|auto_generated|pll1|clk[0] ; u_pll|altpll_component|auto_generated|pll1|clk[0] ; 10.000       ; -0.037     ; 1.358      ;
; 8.593 ; counter0[4]  ; counter0[23] ; u_pll|altpll_component|auto_generated|pll1|clk[0] ; u_pll|altpll_component|auto_generated|pll1|clk[0] ; 10.000       ; -0.037     ; 1.357      ;
; 8.593 ; counter0[2]  ; counter0[21] ; u_pll|altpll_component|auto_generated|pll1|clk[0] ; u_pll|altpll_component|auto_generated|pll1|clk[0] ; 10.000       ; -0.037     ; 1.357      ;
; 8.593 ; counter0[0]  ; counter0[19] ; u_pll|altpll_component|auto_generated|pll1|clk[0] ; u_pll|altpll_component|auto_generated|pll1|clk[0] ; 10.000       ; -0.037     ; 1.357      ;
; 8.631 ; counter0[6]  ; counter0[24] ; u_pll|altpll_component|auto_generated|pll1|clk[0] ; u_pll|altpll_component|auto_generated|pll1|clk[0] ; 10.000       ; -0.037     ; 1.319      ;
; 8.631 ; counter0[4]  ; counter0[22] ; u_pll|altpll_component|auto_generated|pll1|clk[0] ; u_pll|altpll_component|auto_generated|pll1|clk[0] ; 10.000       ; -0.037     ; 1.319      ;
; 8.631 ; counter0[0]  ; counter0[18] ; u_pll|altpll_component|auto_generated|pll1|clk[0] ; u_pll|altpll_component|auto_generated|pll1|clk[0] ; 10.000       ; -0.037     ; 1.319      ;
; 8.632 ; counter0[2]  ; counter0[20] ; u_pll|altpll_component|auto_generated|pll1|clk[0] ; u_pll|altpll_component|auto_generated|pll1|clk[0] ; 10.000       ; -0.037     ; 1.318      ;
; 8.647 ; counter0[1]  ; counter0[17] ; u_pll|altpll_component|auto_generated|pll1|clk[0] ; u_pll|altpll_component|auto_generated|pll1|clk[0] ; 10.000       ; -0.037     ; 1.303      ;
; 8.647 ; counter0[9]  ; counter0[25] ; u_pll|altpll_component|auto_generated|pll1|clk[0] ; u_pll|altpll_component|auto_generated|pll1|clk[0] ; 10.000       ; -0.037     ; 1.303      ;
; 8.647 ; counter0[7]  ; counter0[23] ; u_pll|altpll_component|auto_generated|pll1|clk[0] ; u_pll|altpll_component|auto_generated|pll1|clk[0] ; 10.000       ; -0.037     ; 1.303      ;
; 8.647 ; counter0[5]  ; counter0[21] ; u_pll|altpll_component|auto_generated|pll1|clk[0] ; u_pll|altpll_component|auto_generated|pll1|clk[0] ; 10.000       ; -0.037     ; 1.303      ;
; 8.651 ; counter0[1]  ; counter0[16] ; u_pll|altpll_component|auto_generated|pll1|clk[0] ; u_pll|altpll_component|auto_generated|pll1|clk[0] ; 10.000       ; -0.037     ; 1.299      ;
; 8.651 ; counter0[9]  ; counter0[24] ; u_pll|altpll_component|auto_generated|pll1|clk[0] ; u_pll|altpll_component|auto_generated|pll1|clk[0] ; 10.000       ; -0.037     ; 1.299      ;
; 8.651 ; counter0[7]  ; counter0[22] ; u_pll|altpll_component|auto_generated|pll1|clk[0] ; u_pll|altpll_component|auto_generated|pll1|clk[0] ; 10.000       ; -0.037     ; 1.299      ;
; 8.651 ; counter0[5]  ; counter0[20] ; u_pll|altpll_component|auto_generated|pll1|clk[0] ; u_pll|altpll_component|auto_generated|pll1|clk[0] ; 10.000       ; -0.037     ; 1.299      ;
; 8.651 ; counter0[3]  ; counter0[19] ; u_pll|altpll_component|auto_generated|pll1|clk[0] ; u_pll|altpll_component|auto_generated|pll1|clk[0] ; 10.000       ; -0.037     ; 1.299      ;
; 8.655 ; counter0[3]  ; counter0[18] ; u_pll|altpll_component|auto_generated|pll1|clk[0] ; u_pll|altpll_component|auto_generated|pll1|clk[0] ; 10.000       ; -0.037     ; 1.295      ;
; 8.660 ; counter0[8]  ; counter0[25] ; u_pll|altpll_component|auto_generated|pll1|clk[0] ; u_pll|altpll_component|auto_generated|pll1|clk[0] ; 10.000       ; -0.037     ; 1.290      ;
; 8.660 ; counter0[6]  ; counter0[23] ; u_pll|altpll_component|auto_generated|pll1|clk[0] ; u_pll|altpll_component|auto_generated|pll1|clk[0] ; 10.000       ; -0.037     ; 1.290      ;
; 8.661 ; counter0[4]  ; counter0[21] ; u_pll|altpll_component|auto_generated|pll1|clk[0] ; u_pll|altpll_component|auto_generated|pll1|clk[0] ; 10.000       ; -0.037     ; 1.289      ;
; 8.661 ; counter0[2]  ; counter0[19] ; u_pll|altpll_component|auto_generated|pll1|clk[0] ; u_pll|altpll_component|auto_generated|pll1|clk[0] ; 10.000       ; -0.037     ; 1.289      ;
; 8.661 ; counter0[0]  ; counter0[17] ; u_pll|altpll_component|auto_generated|pll1|clk[0] ; u_pll|altpll_component|auto_generated|pll1|clk[0] ; 10.000       ; -0.037     ; 1.289      ;
; 8.699 ; counter0[6]  ; counter0[22] ; u_pll|altpll_component|auto_generated|pll1|clk[0] ; u_pll|altpll_component|auto_generated|pll1|clk[0] ; 10.000       ; -0.037     ; 1.251      ;
; 8.699 ; counter0[4]  ; counter0[20] ; u_pll|altpll_component|auto_generated|pll1|clk[0] ; u_pll|altpll_component|auto_generated|pll1|clk[0] ; 10.000       ; -0.037     ; 1.251      ;
; 8.699 ; counter0[0]  ; counter0[16] ; u_pll|altpll_component|auto_generated|pll1|clk[0] ; u_pll|altpll_component|auto_generated|pll1|clk[0] ; 10.000       ; -0.037     ; 1.251      ;
; 8.700 ; counter0[8]  ; counter0[24] ; u_pll|altpll_component|auto_generated|pll1|clk[0] ; u_pll|altpll_component|auto_generated|pll1|clk[0] ; 10.000       ; -0.037     ; 1.250      ;
; 8.700 ; counter0[2]  ; counter0[18] ; u_pll|altpll_component|auto_generated|pll1|clk[0] ; u_pll|altpll_component|auto_generated|pll1|clk[0] ; 10.000       ; -0.037     ; 1.250      ;
; 8.715 ; counter0[1]  ; counter0[15] ; u_pll|altpll_component|auto_generated|pll1|clk[0] ; u_pll|altpll_component|auto_generated|pll1|clk[0] ; 10.000       ; -0.037     ; 1.235      ;
; 8.715 ; counter0[11] ; counter0[25] ; u_pll|altpll_component|auto_generated|pll1|clk[0] ; u_pll|altpll_component|auto_generated|pll1|clk[0] ; 10.000       ; -0.037     ; 1.235      ;
; 8.715 ; counter0[9]  ; counter0[23] ; u_pll|altpll_component|auto_generated|pll1|clk[0] ; u_pll|altpll_component|auto_generated|pll1|clk[0] ; 10.000       ; -0.037     ; 1.235      ;
; 8.715 ; counter0[7]  ; counter0[21] ; u_pll|altpll_component|auto_generated|pll1|clk[0] ; u_pll|altpll_component|auto_generated|pll1|clk[0] ; 10.000       ; -0.037     ; 1.235      ;
; 8.715 ; counter0[5]  ; counter0[19] ; u_pll|altpll_component|auto_generated|pll1|clk[0] ; u_pll|altpll_component|auto_generated|pll1|clk[0] ; 10.000       ; -0.037     ; 1.235      ;
; 8.719 ; counter0[1]  ; counter0[14] ; u_pll|altpll_component|auto_generated|pll1|clk[0] ; u_pll|altpll_component|auto_generated|pll1|clk[0] ; 10.000       ; -0.037     ; 1.231      ;
; 8.719 ; counter0[11] ; counter0[24] ; u_pll|altpll_component|auto_generated|pll1|clk[0] ; u_pll|altpll_component|auto_generated|pll1|clk[0] ; 10.000       ; -0.037     ; 1.231      ;
; 8.719 ; counter0[9]  ; counter0[22] ; u_pll|altpll_component|auto_generated|pll1|clk[0] ; u_pll|altpll_component|auto_generated|pll1|clk[0] ; 10.000       ; -0.037     ; 1.231      ;
; 8.719 ; counter0[7]  ; counter0[20] ; u_pll|altpll_component|auto_generated|pll1|clk[0] ; u_pll|altpll_component|auto_generated|pll1|clk[0] ; 10.000       ; -0.037     ; 1.231      ;
; 8.719 ; counter0[5]  ; counter0[18] ; u_pll|altpll_component|auto_generated|pll1|clk[0] ; u_pll|altpll_component|auto_generated|pll1|clk[0] ; 10.000       ; -0.037     ; 1.231      ;
; 8.719 ; counter0[3]  ; counter0[17] ; u_pll|altpll_component|auto_generated|pll1|clk[0] ; u_pll|altpll_component|auto_generated|pll1|clk[0] ; 10.000       ; -0.037     ; 1.231      ;
; 8.723 ; counter0[3]  ; counter0[16] ; u_pll|altpll_component|auto_generated|pll1|clk[0] ; u_pll|altpll_component|auto_generated|pll1|clk[0] ; 10.000       ; -0.037     ; 1.227      ;
; 8.728 ; counter0[8]  ; counter0[23] ; u_pll|altpll_component|auto_generated|pll1|clk[0] ; u_pll|altpll_component|auto_generated|pll1|clk[0] ; 10.000       ; -0.037     ; 1.222      ;
; 8.728 ; counter0[6]  ; counter0[21] ; u_pll|altpll_component|auto_generated|pll1|clk[0] ; u_pll|altpll_component|auto_generated|pll1|clk[0] ; 10.000       ; -0.037     ; 1.222      ;
; 8.729 ; counter0[10] ; counter0[25] ; u_pll|altpll_component|auto_generated|pll1|clk[0] ; u_pll|altpll_component|auto_generated|pll1|clk[0] ; 10.000       ; -0.037     ; 1.221      ;
; 8.729 ; counter0[4]  ; counter0[19] ; u_pll|altpll_component|auto_generated|pll1|clk[0] ; u_pll|altpll_component|auto_generated|pll1|clk[0] ; 10.000       ; -0.037     ; 1.221      ;
; 8.729 ; counter0[2]  ; counter0[17] ; u_pll|altpll_component|auto_generated|pll1|clk[0] ; u_pll|altpll_component|auto_generated|pll1|clk[0] ; 10.000       ; -0.037     ; 1.221      ;
; 8.729 ; counter0[0]  ; counter0[15] ; u_pll|altpll_component|auto_generated|pll1|clk[0] ; u_pll|altpll_component|auto_generated|pll1|clk[0] ; 10.000       ; -0.037     ; 1.221      ;
; 8.767 ; counter0[10] ; counter0[24] ; u_pll|altpll_component|auto_generated|pll1|clk[0] ; u_pll|altpll_component|auto_generated|pll1|clk[0] ; 10.000       ; -0.037     ; 1.183      ;
; 8.767 ; counter0[6]  ; counter0[20] ; u_pll|altpll_component|auto_generated|pll1|clk[0] ; u_pll|altpll_component|auto_generated|pll1|clk[0] ; 10.000       ; -0.037     ; 1.183      ;
; 8.767 ; counter0[4]  ; counter0[18] ; u_pll|altpll_component|auto_generated|pll1|clk[0] ; u_pll|altpll_component|auto_generated|pll1|clk[0] ; 10.000       ; -0.037     ; 1.183      ;
; 8.767 ; counter0[0]  ; counter0[14] ; u_pll|altpll_component|auto_generated|pll1|clk[0] ; u_pll|altpll_component|auto_generated|pll1|clk[0] ; 10.000       ; -0.037     ; 1.183      ;
; 8.768 ; counter0[8]  ; counter0[22] ; u_pll|altpll_component|auto_generated|pll1|clk[0] ; u_pll|altpll_component|auto_generated|pll1|clk[0] ; 10.000       ; -0.037     ; 1.182      ;
; 8.768 ; counter0[2]  ; counter0[16] ; u_pll|altpll_component|auto_generated|pll1|clk[0] ; u_pll|altpll_component|auto_generated|pll1|clk[0] ; 10.000       ; -0.037     ; 1.182      ;
; 8.783 ; counter0[1]  ; counter0[13] ; u_pll|altpll_component|auto_generated|pll1|clk[0] ; u_pll|altpll_component|auto_generated|pll1|clk[0] ; 10.000       ; -0.037     ; 1.167      ;
; 8.783 ; counter0[11] ; counter0[23] ; u_pll|altpll_component|auto_generated|pll1|clk[0] ; u_pll|altpll_component|auto_generated|pll1|clk[0] ; 10.000       ; -0.037     ; 1.167      ;
; 8.783 ; counter0[9]  ; counter0[21] ; u_pll|altpll_component|auto_generated|pll1|clk[0] ; u_pll|altpll_component|auto_generated|pll1|clk[0] ; 10.000       ; -0.037     ; 1.167      ;
; 8.783 ; counter0[7]  ; counter0[19] ; u_pll|altpll_component|auto_generated|pll1|clk[0] ; u_pll|altpll_component|auto_generated|pll1|clk[0] ; 10.000       ; -0.037     ; 1.167      ;
; 8.783 ; counter0[5]  ; counter0[17] ; u_pll|altpll_component|auto_generated|pll1|clk[0] ; u_pll|altpll_component|auto_generated|pll1|clk[0] ; 10.000       ; -0.037     ; 1.167      ;
; 8.784 ; counter0[13] ; counter0[25] ; u_pll|altpll_component|auto_generated|pll1|clk[0] ; u_pll|altpll_component|auto_generated|pll1|clk[0] ; 10.000       ; -0.036     ; 1.167      ;
; 8.787 ; counter0[11] ; counter0[22] ; u_pll|altpll_component|auto_generated|pll1|clk[0] ; u_pll|altpll_component|auto_generated|pll1|clk[0] ; 10.000       ; -0.037     ; 1.163      ;
; 8.787 ; counter0[9]  ; counter0[20] ; u_pll|altpll_component|auto_generated|pll1|clk[0] ; u_pll|altpll_component|auto_generated|pll1|clk[0] ; 10.000       ; -0.037     ; 1.163      ;
; 8.787 ; counter0[7]  ; counter0[18] ; u_pll|altpll_component|auto_generated|pll1|clk[0] ; u_pll|altpll_component|auto_generated|pll1|clk[0] ; 10.000       ; -0.037     ; 1.163      ;
; 8.787 ; counter0[5]  ; counter0[16] ; u_pll|altpll_component|auto_generated|pll1|clk[0] ; u_pll|altpll_component|auto_generated|pll1|clk[0] ; 10.000       ; -0.037     ; 1.163      ;
; 8.787 ; counter0[3]  ; counter0[15] ; u_pll|altpll_component|auto_generated|pll1|clk[0] ; u_pll|altpll_component|auto_generated|pll1|clk[0] ; 10.000       ; -0.037     ; 1.163      ;
; 8.788 ; counter0[1]  ; counter0[12] ; u_pll|altpll_component|auto_generated|pll1|clk[0] ; u_pll|altpll_component|auto_generated|pll1|clk[0] ; 10.000       ; -0.036     ; 1.163      ;
; 8.788 ; counter0[13] ; counter0[24] ; u_pll|altpll_component|auto_generated|pll1|clk[0] ; u_pll|altpll_component|auto_generated|pll1|clk[0] ; 10.000       ; -0.036     ; 1.163      ;
; 8.791 ; counter0[3]  ; counter0[14] ; u_pll|altpll_component|auto_generated|pll1|clk[0] ; u_pll|altpll_component|auto_generated|pll1|clk[0] ; 10.000       ; -0.037     ; 1.159      ;
; 8.796 ; counter0[8]  ; counter0[21] ; u_pll|altpll_component|auto_generated|pll1|clk[0] ; u_pll|altpll_component|auto_generated|pll1|clk[0] ; 10.000       ; -0.037     ; 1.154      ;
; 8.796 ; counter0[6]  ; counter0[19] ; u_pll|altpll_component|auto_generated|pll1|clk[0] ; u_pll|altpll_component|auto_generated|pll1|clk[0] ; 10.000       ; -0.037     ; 1.154      ;
+-------+--------------+--------------+---------------------------------------------------+---------------------------------------------------+--------------+------------+------------+


+---------------------------------------------------------------------------------------------------------------------------------------------------------------------------------------+
; Fast 1200mV 0C Model Setup: 'u_pll|altpll_component|auto_generated|pll1|clk[1]'                                                                                                       ;
+--------+--------------+--------------+---------------------------------------------------+---------------------------------------------------+--------------+------------+------------+
; Slack  ; From Node    ; To Node      ; Launch Clock                                      ; Latch Clock                                       ; Relationship ; Clock Skew ; Data Delay ;
+--------+--------------+--------------+---------------------------------------------------+---------------------------------------------------+--------------+------------+------------+
; 38.384 ; counter1[1]  ; counter1[24] ; u_pll|altpll_component|auto_generated|pll1|clk[1] ; u_pll|altpll_component|auto_generated|pll1|clk[1] ; 40.000       ; -0.036     ; 1.567      ;
; 38.428 ; counter1[0]  ; counter1[24] ; u_pll|altpll_component|auto_generated|pll1|clk[1] ; u_pll|altpll_component|auto_generated|pll1|clk[1] ; 40.000       ; -0.036     ; 1.523      ;
; 38.448 ; counter1[1]  ; counter1[23] ; u_pll|altpll_component|auto_generated|pll1|clk[1] ; u_pll|altpll_component|auto_generated|pll1|clk[1] ; 40.000       ; -0.036     ; 1.503      ;
; 38.448 ; counter1[3]  ; counter1[24] ; u_pll|altpll_component|auto_generated|pll1|clk[1] ; u_pll|altpll_component|auto_generated|pll1|clk[1] ; 40.000       ; -0.036     ; 1.503      ;
; 38.452 ; counter1[1]  ; counter1[22] ; u_pll|altpll_component|auto_generated|pll1|clk[1] ; u_pll|altpll_component|auto_generated|pll1|clk[1] ; 40.000       ; -0.036     ; 1.499      ;
; 38.457 ; counter1[0]  ; counter1[23] ; u_pll|altpll_component|auto_generated|pll1|clk[1] ; u_pll|altpll_component|auto_generated|pll1|clk[1] ; 40.000       ; -0.036     ; 1.494      ;
; 38.496 ; counter1[0]  ; counter1[22] ; u_pll|altpll_component|auto_generated|pll1|clk[1] ; u_pll|altpll_component|auto_generated|pll1|clk[1] ; 40.000       ; -0.036     ; 1.455      ;
; 38.497 ; counter1[2]  ; counter1[24] ; u_pll|altpll_component|auto_generated|pll1|clk[1] ; u_pll|altpll_component|auto_generated|pll1|clk[1] ; 40.000       ; -0.036     ; 1.454      ;
; 38.512 ; counter1[3]  ; counter1[23] ; u_pll|altpll_component|auto_generated|pll1|clk[1] ; u_pll|altpll_component|auto_generated|pll1|clk[1] ; 40.000       ; -0.036     ; 1.439      ;
; 38.516 ; counter1[1]  ; counter1[21] ; u_pll|altpll_component|auto_generated|pll1|clk[1] ; u_pll|altpll_component|auto_generated|pll1|clk[1] ; 40.000       ; -0.036     ; 1.435      ;
; 38.516 ; counter1[5]  ; counter1[24] ; u_pll|altpll_component|auto_generated|pll1|clk[1] ; u_pll|altpll_component|auto_generated|pll1|clk[1] ; 40.000       ; -0.036     ; 1.435      ;
; 38.516 ; counter1[3]  ; counter1[22] ; u_pll|altpll_component|auto_generated|pll1|clk[1] ; u_pll|altpll_component|auto_generated|pll1|clk[1] ; 40.000       ; -0.036     ; 1.435      ;
; 38.520 ; counter1[1]  ; counter1[20] ; u_pll|altpll_component|auto_generated|pll1|clk[1] ; u_pll|altpll_component|auto_generated|pll1|clk[1] ; 40.000       ; -0.036     ; 1.431      ;
; 38.525 ; counter1[0]  ; counter1[21] ; u_pll|altpll_component|auto_generated|pll1|clk[1] ; u_pll|altpll_component|auto_generated|pll1|clk[1] ; 40.000       ; -0.036     ; 1.426      ;
; 38.526 ; counter1[2]  ; counter1[23] ; u_pll|altpll_component|auto_generated|pll1|clk[1] ; u_pll|altpll_component|auto_generated|pll1|clk[1] ; 40.000       ; -0.036     ; 1.425      ;
; 38.564 ; counter1[4]  ; counter1[24] ; u_pll|altpll_component|auto_generated|pll1|clk[1] ; u_pll|altpll_component|auto_generated|pll1|clk[1] ; 40.000       ; -0.036     ; 1.387      ;
; 38.564 ; counter1[0]  ; counter1[20] ; u_pll|altpll_component|auto_generated|pll1|clk[1] ; u_pll|altpll_component|auto_generated|pll1|clk[1] ; 40.000       ; -0.036     ; 1.387      ;
; 38.565 ; counter1[2]  ; counter1[22] ; u_pll|altpll_component|auto_generated|pll1|clk[1] ; u_pll|altpll_component|auto_generated|pll1|clk[1] ; 40.000       ; -0.036     ; 1.386      ;
; 38.580 ; counter1[5]  ; counter1[23] ; u_pll|altpll_component|auto_generated|pll1|clk[1] ; u_pll|altpll_component|auto_generated|pll1|clk[1] ; 40.000       ; -0.036     ; 1.371      ;
; 38.580 ; counter1[3]  ; counter1[21] ; u_pll|altpll_component|auto_generated|pll1|clk[1] ; u_pll|altpll_component|auto_generated|pll1|clk[1] ; 40.000       ; -0.036     ; 1.371      ;
; 38.584 ; counter1[1]  ; counter1[19] ; u_pll|altpll_component|auto_generated|pll1|clk[1] ; u_pll|altpll_component|auto_generated|pll1|clk[1] ; 40.000       ; -0.036     ; 1.367      ;
; 38.584 ; counter1[5]  ; counter1[22] ; u_pll|altpll_component|auto_generated|pll1|clk[1] ; u_pll|altpll_component|auto_generated|pll1|clk[1] ; 40.000       ; -0.036     ; 1.367      ;
; 38.584 ; counter1[3]  ; counter1[20] ; u_pll|altpll_component|auto_generated|pll1|clk[1] ; u_pll|altpll_component|auto_generated|pll1|clk[1] ; 40.000       ; -0.036     ; 1.367      ;
; 38.588 ; counter1[1]  ; counter1[18] ; u_pll|altpll_component|auto_generated|pll1|clk[1] ; u_pll|altpll_component|auto_generated|pll1|clk[1] ; 40.000       ; -0.036     ; 1.363      ;
; 38.588 ; counter1[7]  ; counter1[24] ; u_pll|altpll_component|auto_generated|pll1|clk[1] ; u_pll|altpll_component|auto_generated|pll1|clk[1] ; 40.000       ; -0.036     ; 1.363      ;
; 38.593 ; counter1[0]  ; counter1[19] ; u_pll|altpll_component|auto_generated|pll1|clk[1] ; u_pll|altpll_component|auto_generated|pll1|clk[1] ; 40.000       ; -0.036     ; 1.358      ;
; 38.594 ; counter1[4]  ; counter1[23] ; u_pll|altpll_component|auto_generated|pll1|clk[1] ; u_pll|altpll_component|auto_generated|pll1|clk[1] ; 40.000       ; -0.036     ; 1.357      ;
; 38.594 ; counter1[2]  ; counter1[21] ; u_pll|altpll_component|auto_generated|pll1|clk[1] ; u_pll|altpll_component|auto_generated|pll1|clk[1] ; 40.000       ; -0.036     ; 1.357      ;
; 38.632 ; counter1[6]  ; counter1[24] ; u_pll|altpll_component|auto_generated|pll1|clk[1] ; u_pll|altpll_component|auto_generated|pll1|clk[1] ; 40.000       ; -0.036     ; 1.319      ;
; 38.632 ; counter1[4]  ; counter1[22] ; u_pll|altpll_component|auto_generated|pll1|clk[1] ; u_pll|altpll_component|auto_generated|pll1|clk[1] ; 40.000       ; -0.036     ; 1.319      ;
; 38.632 ; counter1[0]  ; counter1[18] ; u_pll|altpll_component|auto_generated|pll1|clk[1] ; u_pll|altpll_component|auto_generated|pll1|clk[1] ; 40.000       ; -0.036     ; 1.319      ;
; 38.633 ; counter1[2]  ; counter1[20] ; u_pll|altpll_component|auto_generated|pll1|clk[1] ; u_pll|altpll_component|auto_generated|pll1|clk[1] ; 40.000       ; -0.036     ; 1.318      ;
; 38.648 ; counter1[5]  ; counter1[21] ; u_pll|altpll_component|auto_generated|pll1|clk[1] ; u_pll|altpll_component|auto_generated|pll1|clk[1] ; 40.000       ; -0.036     ; 1.303      ;
; 38.648 ; counter1[3]  ; counter1[19] ; u_pll|altpll_component|auto_generated|pll1|clk[1] ; u_pll|altpll_component|auto_generated|pll1|clk[1] ; 40.000       ; -0.036     ; 1.303      ;
; 38.652 ; counter1[1]  ; counter1[17] ; u_pll|altpll_component|auto_generated|pll1|clk[1] ; u_pll|altpll_component|auto_generated|pll1|clk[1] ; 40.000       ; -0.036     ; 1.299      ;
; 38.652 ; counter1[7]  ; counter1[23] ; u_pll|altpll_component|auto_generated|pll1|clk[1] ; u_pll|altpll_component|auto_generated|pll1|clk[1] ; 40.000       ; -0.036     ; 1.299      ;
; 38.652 ; counter1[5]  ; counter1[20] ; u_pll|altpll_component|auto_generated|pll1|clk[1] ; u_pll|altpll_component|auto_generated|pll1|clk[1] ; 40.000       ; -0.036     ; 1.299      ;
; 38.652 ; counter1[3]  ; counter1[18] ; u_pll|altpll_component|auto_generated|pll1|clk[1] ; u_pll|altpll_component|auto_generated|pll1|clk[1] ; 40.000       ; -0.036     ; 1.299      ;
; 38.655 ; counter1[9]  ; counter1[24] ; u_pll|altpll_component|auto_generated|pll1|clk[1] ; u_pll|altpll_component|auto_generated|pll1|clk[1] ; 40.000       ; -0.036     ; 1.296      ;
; 38.656 ; counter1[1]  ; counter1[16] ; u_pll|altpll_component|auto_generated|pll1|clk[1] ; u_pll|altpll_component|auto_generated|pll1|clk[1] ; 40.000       ; -0.036     ; 1.295      ;
; 38.656 ; counter1[7]  ; counter1[22] ; u_pll|altpll_component|auto_generated|pll1|clk[1] ; u_pll|altpll_component|auto_generated|pll1|clk[1] ; 40.000       ; -0.036     ; 1.295      ;
; 38.661 ; counter1[6]  ; counter1[23] ; u_pll|altpll_component|auto_generated|pll1|clk[1] ; u_pll|altpll_component|auto_generated|pll1|clk[1] ; 40.000       ; -0.036     ; 1.290      ;
; 38.661 ; counter1[0]  ; counter1[17] ; u_pll|altpll_component|auto_generated|pll1|clk[1] ; u_pll|altpll_component|auto_generated|pll1|clk[1] ; 40.000       ; -0.036     ; 1.290      ;
; 38.662 ; counter1[4]  ; counter1[21] ; u_pll|altpll_component|auto_generated|pll1|clk[1] ; u_pll|altpll_component|auto_generated|pll1|clk[1] ; 40.000       ; -0.036     ; 1.289      ;
; 38.662 ; counter1[2]  ; counter1[19] ; u_pll|altpll_component|auto_generated|pll1|clk[1] ; u_pll|altpll_component|auto_generated|pll1|clk[1] ; 40.000       ; -0.036     ; 1.289      ;
; 38.700 ; counter1[8]  ; counter1[24] ; u_pll|altpll_component|auto_generated|pll1|clk[1] ; u_pll|altpll_component|auto_generated|pll1|clk[1] ; 40.000       ; -0.036     ; 1.251      ;
; 38.700 ; counter1[6]  ; counter1[22] ; u_pll|altpll_component|auto_generated|pll1|clk[1] ; u_pll|altpll_component|auto_generated|pll1|clk[1] ; 40.000       ; -0.036     ; 1.251      ;
; 38.700 ; counter1[4]  ; counter1[20] ; u_pll|altpll_component|auto_generated|pll1|clk[1] ; u_pll|altpll_component|auto_generated|pll1|clk[1] ; 40.000       ; -0.036     ; 1.251      ;
; 38.700 ; counter1[0]  ; counter1[16] ; u_pll|altpll_component|auto_generated|pll1|clk[1] ; u_pll|altpll_component|auto_generated|pll1|clk[1] ; 40.000       ; -0.036     ; 1.251      ;
; 38.701 ; counter1[2]  ; counter1[18] ; u_pll|altpll_component|auto_generated|pll1|clk[1] ; u_pll|altpll_component|auto_generated|pll1|clk[1] ; 40.000       ; -0.036     ; 1.250      ;
; 38.716 ; counter1[5]  ; counter1[19] ; u_pll|altpll_component|auto_generated|pll1|clk[1] ; u_pll|altpll_component|auto_generated|pll1|clk[1] ; 40.000       ; -0.036     ; 1.235      ;
; 38.716 ; counter1[3]  ; counter1[17] ; u_pll|altpll_component|auto_generated|pll1|clk[1] ; u_pll|altpll_component|auto_generated|pll1|clk[1] ; 40.000       ; -0.036     ; 1.235      ;
; 38.719 ; counter1[9]  ; counter1[23] ; u_pll|altpll_component|auto_generated|pll1|clk[1] ; u_pll|altpll_component|auto_generated|pll1|clk[1] ; 40.000       ; -0.036     ; 1.232      ;
; 38.720 ; counter1[1]  ; counter1[15] ; u_pll|altpll_component|auto_generated|pll1|clk[1] ; u_pll|altpll_component|auto_generated|pll1|clk[1] ; 40.000       ; -0.036     ; 1.231      ;
; 38.720 ; counter1[7]  ; counter1[21] ; u_pll|altpll_component|auto_generated|pll1|clk[1] ; u_pll|altpll_component|auto_generated|pll1|clk[1] ; 40.000       ; -0.036     ; 1.231      ;
; 38.720 ; counter1[5]  ; counter1[18] ; u_pll|altpll_component|auto_generated|pll1|clk[1] ; u_pll|altpll_component|auto_generated|pll1|clk[1] ; 40.000       ; -0.036     ; 1.231      ;
; 38.720 ; counter1[3]  ; counter1[16] ; u_pll|altpll_component|auto_generated|pll1|clk[1] ; u_pll|altpll_component|auto_generated|pll1|clk[1] ; 40.000       ; -0.036     ; 1.231      ;
; 38.723 ; counter1[9]  ; counter1[22] ; u_pll|altpll_component|auto_generated|pll1|clk[1] ; u_pll|altpll_component|auto_generated|pll1|clk[1] ; 40.000       ; -0.036     ; 1.228      ;
; 38.724 ; counter1[1]  ; counter1[14] ; u_pll|altpll_component|auto_generated|pll1|clk[1] ; u_pll|altpll_component|auto_generated|pll1|clk[1] ; 40.000       ; -0.036     ; 1.227      ;
; 38.724 ; counter1[11] ; counter1[24] ; u_pll|altpll_component|auto_generated|pll1|clk[1] ; u_pll|altpll_component|auto_generated|pll1|clk[1] ; 40.000       ; -0.036     ; 1.227      ;
; 38.724 ; counter1[7]  ; counter1[20] ; u_pll|altpll_component|auto_generated|pll1|clk[1] ; u_pll|altpll_component|auto_generated|pll1|clk[1] ; 40.000       ; -0.036     ; 1.227      ;
; 38.729 ; counter1[8]  ; counter1[23] ; u_pll|altpll_component|auto_generated|pll1|clk[1] ; u_pll|altpll_component|auto_generated|pll1|clk[1] ; 40.000       ; -0.036     ; 1.222      ;
; 38.729 ; counter1[6]  ; counter1[21] ; u_pll|altpll_component|auto_generated|pll1|clk[1] ; u_pll|altpll_component|auto_generated|pll1|clk[1] ; 40.000       ; -0.036     ; 1.222      ;
; 38.729 ; counter1[0]  ; counter1[15] ; u_pll|altpll_component|auto_generated|pll1|clk[1] ; u_pll|altpll_component|auto_generated|pll1|clk[1] ; 40.000       ; -0.036     ; 1.222      ;
; 38.730 ; counter1[4]  ; counter1[19] ; u_pll|altpll_component|auto_generated|pll1|clk[1] ; u_pll|altpll_component|auto_generated|pll1|clk[1] ; 40.000       ; -0.036     ; 1.221      ;
; 38.730 ; counter1[2]  ; counter1[17] ; u_pll|altpll_component|auto_generated|pll1|clk[1] ; u_pll|altpll_component|auto_generated|pll1|clk[1] ; 40.000       ; -0.036     ; 1.221      ;
; 38.768 ; counter1[10] ; counter1[24] ; u_pll|altpll_component|auto_generated|pll1|clk[1] ; u_pll|altpll_component|auto_generated|pll1|clk[1] ; 40.000       ; -0.036     ; 1.183      ;
; 38.768 ; counter1[8]  ; counter1[22] ; u_pll|altpll_component|auto_generated|pll1|clk[1] ; u_pll|altpll_component|auto_generated|pll1|clk[1] ; 40.000       ; -0.036     ; 1.183      ;
; 38.768 ; counter1[6]  ; counter1[20] ; u_pll|altpll_component|auto_generated|pll1|clk[1] ; u_pll|altpll_component|auto_generated|pll1|clk[1] ; 40.000       ; -0.036     ; 1.183      ;
; 38.768 ; counter1[4]  ; counter1[18] ; u_pll|altpll_component|auto_generated|pll1|clk[1] ; u_pll|altpll_component|auto_generated|pll1|clk[1] ; 40.000       ; -0.036     ; 1.183      ;
; 38.768 ; counter1[0]  ; counter1[14] ; u_pll|altpll_component|auto_generated|pll1|clk[1] ; u_pll|altpll_component|auto_generated|pll1|clk[1] ; 40.000       ; -0.036     ; 1.183      ;
; 38.769 ; counter1[2]  ; counter1[16] ; u_pll|altpll_component|auto_generated|pll1|clk[1] ; u_pll|altpll_component|auto_generated|pll1|clk[1] ; 40.000       ; -0.036     ; 1.182      ;
; 38.784 ; counter1[5]  ; counter1[17] ; u_pll|altpll_component|auto_generated|pll1|clk[1] ; u_pll|altpll_component|auto_generated|pll1|clk[1] ; 40.000       ; -0.036     ; 1.167      ;
; 38.784 ; counter1[3]  ; counter1[15] ; u_pll|altpll_component|auto_generated|pll1|clk[1] ; u_pll|altpll_component|auto_generated|pll1|clk[1] ; 40.000       ; -0.036     ; 1.167      ;
; 38.787 ; counter1[9]  ; counter1[21] ; u_pll|altpll_component|auto_generated|pll1|clk[1] ; u_pll|altpll_component|auto_generated|pll1|clk[1] ; 40.000       ; -0.036     ; 1.164      ;
; 38.788 ; counter1[1]  ; counter1[13] ; u_pll|altpll_component|auto_generated|pll1|clk[1] ; u_pll|altpll_component|auto_generated|pll1|clk[1] ; 40.000       ; -0.036     ; 1.163      ;
; 38.788 ; counter1[13] ; counter1[24] ; u_pll|altpll_component|auto_generated|pll1|clk[1] ; u_pll|altpll_component|auto_generated|pll1|clk[1] ; 40.000       ; -0.036     ; 1.163      ;
; 38.788 ; counter1[11] ; counter1[23] ; u_pll|altpll_component|auto_generated|pll1|clk[1] ; u_pll|altpll_component|auto_generated|pll1|clk[1] ; 40.000       ; -0.036     ; 1.163      ;
; 38.788 ; counter1[7]  ; counter1[19] ; u_pll|altpll_component|auto_generated|pll1|clk[1] ; u_pll|altpll_component|auto_generated|pll1|clk[1] ; 40.000       ; -0.036     ; 1.163      ;
; 38.788 ; counter1[5]  ; counter1[16] ; u_pll|altpll_component|auto_generated|pll1|clk[1] ; u_pll|altpll_component|auto_generated|pll1|clk[1] ; 40.000       ; -0.036     ; 1.163      ;
; 38.788 ; counter1[3]  ; counter1[14] ; u_pll|altpll_component|auto_generated|pll1|clk[1] ; u_pll|altpll_component|auto_generated|pll1|clk[1] ; 40.000       ; -0.036     ; 1.163      ;
; 38.791 ; counter1[9]  ; counter1[20] ; u_pll|altpll_component|auto_generated|pll1|clk[1] ; u_pll|altpll_component|auto_generated|pll1|clk[1] ; 40.000       ; -0.036     ; 1.160      ;
; 38.792 ; counter1[1]  ; counter1[12] ; u_pll|altpll_component|auto_generated|pll1|clk[1] ; u_pll|altpll_component|auto_generated|pll1|clk[1] ; 40.000       ; -0.036     ; 1.159      ;
; 38.792 ; counter1[11] ; counter1[22] ; u_pll|altpll_component|auto_generated|pll1|clk[1] ; u_pll|altpll_component|auto_generated|pll1|clk[1] ; 40.000       ; -0.036     ; 1.159      ;
; 38.792 ; counter1[7]  ; counter1[18] ; u_pll|altpll_component|auto_generated|pll1|clk[1] ; u_pll|altpll_component|auto_generated|pll1|clk[1] ; 40.000       ; -0.036     ; 1.159      ;
; 38.797 ; counter1[8]  ; counter1[21] ; u_pll|altpll_component|auto_generated|pll1|clk[1] ; u_pll|altpll_component|auto_generated|pll1|clk[1] ; 40.000       ; -0.036     ; 1.154      ;
; 38.797 ; counter1[6]  ; counter1[19] ; u_pll|altpll_component|auto_generated|pll1|clk[1] ; u_pll|altpll_component|auto_generated|pll1|clk[1] ; 40.000       ; -0.036     ; 1.154      ;
; 38.797 ; counter1[0]  ; counter1[13] ; u_pll|altpll_component|auto_generated|pll1|clk[1] ; u_pll|altpll_component|auto_generated|pll1|clk[1] ; 40.000       ; -0.036     ; 1.154      ;
; 38.798 ; counter1[10] ; counter1[23] ; u_pll|altpll_component|auto_generated|pll1|clk[1] ; u_pll|altpll_component|auto_generated|pll1|clk[1] ; 40.000       ; -0.036     ; 1.153      ;
; 38.798 ; counter1[4]  ; counter1[17] ; u_pll|altpll_component|auto_generated|pll1|clk[1] ; u_pll|altpll_component|auto_generated|pll1|clk[1] ; 40.000       ; -0.036     ; 1.153      ;
; 38.798 ; counter1[2]  ; counter1[15] ; u_pll|altpll_component|auto_generated|pll1|clk[1] ; u_pll|altpll_component|auto_generated|pll1|clk[1] ; 40.000       ; -0.036     ; 1.153      ;
; 38.836 ; counter1[12] ; counter1[24] ; u_pll|altpll_component|auto_generated|pll1|clk[1] ; u_pll|altpll_component|auto_generated|pll1|clk[1] ; 40.000       ; -0.036     ; 1.115      ;
; 38.836 ; counter1[10] ; counter1[22] ; u_pll|altpll_component|auto_generated|pll1|clk[1] ; u_pll|altpll_component|auto_generated|pll1|clk[1] ; 40.000       ; -0.036     ; 1.115      ;
; 38.836 ; counter1[8]  ; counter1[20] ; u_pll|altpll_component|auto_generated|pll1|clk[1] ; u_pll|altpll_component|auto_generated|pll1|clk[1] ; 40.000       ; -0.036     ; 1.115      ;
; 38.836 ; counter1[6]  ; counter1[18] ; u_pll|altpll_component|auto_generated|pll1|clk[1] ; u_pll|altpll_component|auto_generated|pll1|clk[1] ; 40.000       ; -0.036     ; 1.115      ;
; 38.836 ; counter1[4]  ; counter1[16] ; u_pll|altpll_component|auto_generated|pll1|clk[1] ; u_pll|altpll_component|auto_generated|pll1|clk[1] ; 40.000       ; -0.036     ; 1.115      ;
; 38.836 ; counter1[0]  ; counter1[12] ; u_pll|altpll_component|auto_generated|pll1|clk[1] ; u_pll|altpll_component|auto_generated|pll1|clk[1] ; 40.000       ; -0.036     ; 1.115      ;
; 38.837 ; counter1[2]  ; counter1[14] ; u_pll|altpll_component|auto_generated|pll1|clk[1] ; u_pll|altpll_component|auto_generated|pll1|clk[1] ; 40.000       ; -0.036     ; 1.114      ;
; 38.852 ; counter1[13] ; counter1[23] ; u_pll|altpll_component|auto_generated|pll1|clk[1] ; u_pll|altpll_component|auto_generated|pll1|clk[1] ; 40.000       ; -0.036     ; 1.099      ;
; 38.852 ; counter1[5]  ; counter1[15] ; u_pll|altpll_component|auto_generated|pll1|clk[1] ; u_pll|altpll_component|auto_generated|pll1|clk[1] ; 40.000       ; -0.036     ; 1.099      ;
+--------+--------------+--------------+---------------------------------------------------+---------------------------------------------------+--------------+------------+------------+


+---------------------------------------------------------------------------------------------------------------------------------------------------------------------------------------+
; Fast 1200mV 0C Model Setup: 'u_pll|altpll_component|auto_generated|pll1|clk[2]'                                                                                                       ;
+--------+--------------+--------------+---------------------------------------------------+---------------------------------------------------+--------------+------------+------------+
; Slack  ; From Node    ; To Node      ; Launch Clock                                      ; Latch Clock                                       ; Relationship ; Clock Skew ; Data Delay ;
+--------+--------------+--------------+---------------------------------------------------+---------------------------------------------------+--------------+------------+------------+
; 98.448 ; counter2[1]  ; counter2[23] ; u_pll|altpll_component|auto_generated|pll1|clk[2] ; u_pll|altpll_component|auto_generated|pll1|clk[2] ; 100.000      ; -0.036     ; 1.503      ;
; 98.452 ; counter2[1]  ; counter2[22] ; u_pll|altpll_component|auto_generated|pll1|clk[2] ; u_pll|altpll_component|auto_generated|pll1|clk[2] ; 100.000      ; -0.036     ; 1.499      ;
; 98.457 ; counter2[0]  ; counter2[23] ; u_pll|altpll_component|auto_generated|pll1|clk[2] ; u_pll|altpll_component|auto_generated|pll1|clk[2] ; 100.000      ; -0.036     ; 1.494      ;
; 98.496 ; counter2[0]  ; counter2[22] ; u_pll|altpll_component|auto_generated|pll1|clk[2] ; u_pll|altpll_component|auto_generated|pll1|clk[2] ; 100.000      ; -0.036     ; 1.455      ;
; 98.511 ; counter2[3]  ; counter2[23] ; u_pll|altpll_component|auto_generated|pll1|clk[2] ; u_pll|altpll_component|auto_generated|pll1|clk[2] ; 100.000      ; -0.036     ; 1.440      ;
; 98.515 ; counter2[3]  ; counter2[22] ; u_pll|altpll_component|auto_generated|pll1|clk[2] ; u_pll|altpll_component|auto_generated|pll1|clk[2] ; 100.000      ; -0.036     ; 1.436      ;
; 98.516 ; counter2[1]  ; counter2[21] ; u_pll|altpll_component|auto_generated|pll1|clk[2] ; u_pll|altpll_component|auto_generated|pll1|clk[2] ; 100.000      ; -0.036     ; 1.435      ;
; 98.520 ; counter2[1]  ; counter2[20] ; u_pll|altpll_component|auto_generated|pll1|clk[2] ; u_pll|altpll_component|auto_generated|pll1|clk[2] ; 100.000      ; -0.036     ; 1.431      ;
; 98.525 ; counter2[0]  ; counter2[21] ; u_pll|altpll_component|auto_generated|pll1|clk[2] ; u_pll|altpll_component|auto_generated|pll1|clk[2] ; 100.000      ; -0.036     ; 1.426      ;
; 98.526 ; counter2[2]  ; counter2[23] ; u_pll|altpll_component|auto_generated|pll1|clk[2] ; u_pll|altpll_component|auto_generated|pll1|clk[2] ; 100.000      ; -0.036     ; 1.425      ;
; 98.564 ; counter2[0]  ; counter2[20] ; u_pll|altpll_component|auto_generated|pll1|clk[2] ; u_pll|altpll_component|auto_generated|pll1|clk[2] ; 100.000      ; -0.036     ; 1.387      ;
; 98.565 ; counter2[2]  ; counter2[22] ; u_pll|altpll_component|auto_generated|pll1|clk[2] ; u_pll|altpll_component|auto_generated|pll1|clk[2] ; 100.000      ; -0.036     ; 1.386      ;
; 98.579 ; counter2[3]  ; counter2[21] ; u_pll|altpll_component|auto_generated|pll1|clk[2] ; u_pll|altpll_component|auto_generated|pll1|clk[2] ; 100.000      ; -0.036     ; 1.372      ;
; 98.580 ; counter2[5]  ; counter2[23] ; u_pll|altpll_component|auto_generated|pll1|clk[2] ; u_pll|altpll_component|auto_generated|pll1|clk[2] ; 100.000      ; -0.036     ; 1.371      ;
; 98.583 ; counter2[3]  ; counter2[20] ; u_pll|altpll_component|auto_generated|pll1|clk[2] ; u_pll|altpll_component|auto_generated|pll1|clk[2] ; 100.000      ; -0.036     ; 1.368      ;
; 98.584 ; counter2[1]  ; counter2[19] ; u_pll|altpll_component|auto_generated|pll1|clk[2] ; u_pll|altpll_component|auto_generated|pll1|clk[2] ; 100.000      ; -0.036     ; 1.367      ;
; 98.584 ; counter2[5]  ; counter2[22] ; u_pll|altpll_component|auto_generated|pll1|clk[2] ; u_pll|altpll_component|auto_generated|pll1|clk[2] ; 100.000      ; -0.036     ; 1.367      ;
; 98.588 ; counter2[1]  ; counter2[18] ; u_pll|altpll_component|auto_generated|pll1|clk[2] ; u_pll|altpll_component|auto_generated|pll1|clk[2] ; 100.000      ; -0.036     ; 1.363      ;
; 98.593 ; counter2[0]  ; counter2[19] ; u_pll|altpll_component|auto_generated|pll1|clk[2] ; u_pll|altpll_component|auto_generated|pll1|clk[2] ; 100.000      ; -0.036     ; 1.358      ;
; 98.594 ; counter2[4]  ; counter2[23] ; u_pll|altpll_component|auto_generated|pll1|clk[2] ; u_pll|altpll_component|auto_generated|pll1|clk[2] ; 100.000      ; -0.036     ; 1.357      ;
; 98.594 ; counter2[2]  ; counter2[21] ; u_pll|altpll_component|auto_generated|pll1|clk[2] ; u_pll|altpll_component|auto_generated|pll1|clk[2] ; 100.000      ; -0.036     ; 1.357      ;
; 98.632 ; counter2[4]  ; counter2[22] ; u_pll|altpll_component|auto_generated|pll1|clk[2] ; u_pll|altpll_component|auto_generated|pll1|clk[2] ; 100.000      ; -0.036     ; 1.319      ;
; 98.632 ; counter2[0]  ; counter2[18] ; u_pll|altpll_component|auto_generated|pll1|clk[2] ; u_pll|altpll_component|auto_generated|pll1|clk[2] ; 100.000      ; -0.036     ; 1.319      ;
; 98.633 ; counter2[2]  ; counter2[20] ; u_pll|altpll_component|auto_generated|pll1|clk[2] ; u_pll|altpll_component|auto_generated|pll1|clk[2] ; 100.000      ; -0.036     ; 1.318      ;
; 98.647 ; counter2[3]  ; counter2[19] ; u_pll|altpll_component|auto_generated|pll1|clk[2] ; u_pll|altpll_component|auto_generated|pll1|clk[2] ; 100.000      ; -0.036     ; 1.304      ;
; 98.648 ; counter2[5]  ; counter2[21] ; u_pll|altpll_component|auto_generated|pll1|clk[2] ; u_pll|altpll_component|auto_generated|pll1|clk[2] ; 100.000      ; -0.036     ; 1.303      ;
; 98.651 ; counter2[3]  ; counter2[18] ; u_pll|altpll_component|auto_generated|pll1|clk[2] ; u_pll|altpll_component|auto_generated|pll1|clk[2] ; 100.000      ; -0.036     ; 1.300      ;
; 98.652 ; counter2[1]  ; counter2[17] ; u_pll|altpll_component|auto_generated|pll1|clk[2] ; u_pll|altpll_component|auto_generated|pll1|clk[2] ; 100.000      ; -0.036     ; 1.299      ;
; 98.652 ; counter2[7]  ; counter2[23] ; u_pll|altpll_component|auto_generated|pll1|clk[2] ; u_pll|altpll_component|auto_generated|pll1|clk[2] ; 100.000      ; -0.036     ; 1.299      ;
; 98.652 ; counter2[5]  ; counter2[20] ; u_pll|altpll_component|auto_generated|pll1|clk[2] ; u_pll|altpll_component|auto_generated|pll1|clk[2] ; 100.000      ; -0.036     ; 1.299      ;
; 98.656 ; counter2[1]  ; counter2[16] ; u_pll|altpll_component|auto_generated|pll1|clk[2] ; u_pll|altpll_component|auto_generated|pll1|clk[2] ; 100.000      ; -0.036     ; 1.295      ;
; 98.656 ; counter2[7]  ; counter2[22] ; u_pll|altpll_component|auto_generated|pll1|clk[2] ; u_pll|altpll_component|auto_generated|pll1|clk[2] ; 100.000      ; -0.036     ; 1.295      ;
; 98.661 ; counter2[6]  ; counter2[23] ; u_pll|altpll_component|auto_generated|pll1|clk[2] ; u_pll|altpll_component|auto_generated|pll1|clk[2] ; 100.000      ; -0.036     ; 1.290      ;
; 98.661 ; counter2[0]  ; counter2[17] ; u_pll|altpll_component|auto_generated|pll1|clk[2] ; u_pll|altpll_component|auto_generated|pll1|clk[2] ; 100.000      ; -0.036     ; 1.290      ;
; 98.662 ; counter2[4]  ; counter2[21] ; u_pll|altpll_component|auto_generated|pll1|clk[2] ; u_pll|altpll_component|auto_generated|pll1|clk[2] ; 100.000      ; -0.036     ; 1.289      ;
; 98.662 ; counter2[2]  ; counter2[19] ; u_pll|altpll_component|auto_generated|pll1|clk[2] ; u_pll|altpll_component|auto_generated|pll1|clk[2] ; 100.000      ; -0.036     ; 1.289      ;
; 98.700 ; counter2[6]  ; counter2[22] ; u_pll|altpll_component|auto_generated|pll1|clk[2] ; u_pll|altpll_component|auto_generated|pll1|clk[2] ; 100.000      ; -0.036     ; 1.251      ;
; 98.700 ; counter2[4]  ; counter2[20] ; u_pll|altpll_component|auto_generated|pll1|clk[2] ; u_pll|altpll_component|auto_generated|pll1|clk[2] ; 100.000      ; -0.036     ; 1.251      ;
; 98.700 ; counter2[0]  ; counter2[16] ; u_pll|altpll_component|auto_generated|pll1|clk[2] ; u_pll|altpll_component|auto_generated|pll1|clk[2] ; 100.000      ; -0.036     ; 1.251      ;
; 98.701 ; counter2[2]  ; counter2[18] ; u_pll|altpll_component|auto_generated|pll1|clk[2] ; u_pll|altpll_component|auto_generated|pll1|clk[2] ; 100.000      ; -0.036     ; 1.250      ;
; 98.715 ; counter2[3]  ; counter2[17] ; u_pll|altpll_component|auto_generated|pll1|clk[2] ; u_pll|altpll_component|auto_generated|pll1|clk[2] ; 100.000      ; -0.036     ; 1.236      ;
; 98.716 ; counter2[5]  ; counter2[19] ; u_pll|altpll_component|auto_generated|pll1|clk[2] ; u_pll|altpll_component|auto_generated|pll1|clk[2] ; 100.000      ; -0.036     ; 1.235      ;
; 98.719 ; counter2[9]  ; counter2[23] ; u_pll|altpll_component|auto_generated|pll1|clk[2] ; u_pll|altpll_component|auto_generated|pll1|clk[2] ; 100.000      ; -0.036     ; 1.232      ;
; 98.719 ; counter2[3]  ; counter2[16] ; u_pll|altpll_component|auto_generated|pll1|clk[2] ; u_pll|altpll_component|auto_generated|pll1|clk[2] ; 100.000      ; -0.036     ; 1.232      ;
; 98.720 ; counter2[1]  ; counter2[15] ; u_pll|altpll_component|auto_generated|pll1|clk[2] ; u_pll|altpll_component|auto_generated|pll1|clk[2] ; 100.000      ; -0.036     ; 1.231      ;
; 98.720 ; counter2[7]  ; counter2[21] ; u_pll|altpll_component|auto_generated|pll1|clk[2] ; u_pll|altpll_component|auto_generated|pll1|clk[2] ; 100.000      ; -0.036     ; 1.231      ;
; 98.720 ; counter2[5]  ; counter2[18] ; u_pll|altpll_component|auto_generated|pll1|clk[2] ; u_pll|altpll_component|auto_generated|pll1|clk[2] ; 100.000      ; -0.036     ; 1.231      ;
; 98.723 ; counter2[9]  ; counter2[22] ; u_pll|altpll_component|auto_generated|pll1|clk[2] ; u_pll|altpll_component|auto_generated|pll1|clk[2] ; 100.000      ; -0.036     ; 1.228      ;
; 98.724 ; counter2[1]  ; counter2[14] ; u_pll|altpll_component|auto_generated|pll1|clk[2] ; u_pll|altpll_component|auto_generated|pll1|clk[2] ; 100.000      ; -0.036     ; 1.227      ;
; 98.724 ; counter2[7]  ; counter2[20] ; u_pll|altpll_component|auto_generated|pll1|clk[2] ; u_pll|altpll_component|auto_generated|pll1|clk[2] ; 100.000      ; -0.036     ; 1.227      ;
; 98.729 ; counter2[8]  ; counter2[23] ; u_pll|altpll_component|auto_generated|pll1|clk[2] ; u_pll|altpll_component|auto_generated|pll1|clk[2] ; 100.000      ; -0.036     ; 1.222      ;
; 98.729 ; counter2[6]  ; counter2[21] ; u_pll|altpll_component|auto_generated|pll1|clk[2] ; u_pll|altpll_component|auto_generated|pll1|clk[2] ; 100.000      ; -0.036     ; 1.222      ;
; 98.729 ; counter2[0]  ; counter2[15] ; u_pll|altpll_component|auto_generated|pll1|clk[2] ; u_pll|altpll_component|auto_generated|pll1|clk[2] ; 100.000      ; -0.036     ; 1.222      ;
; 98.730 ; counter2[4]  ; counter2[19] ; u_pll|altpll_component|auto_generated|pll1|clk[2] ; u_pll|altpll_component|auto_generated|pll1|clk[2] ; 100.000      ; -0.036     ; 1.221      ;
; 98.730 ; counter2[2]  ; counter2[17] ; u_pll|altpll_component|auto_generated|pll1|clk[2] ; u_pll|altpll_component|auto_generated|pll1|clk[2] ; 100.000      ; -0.036     ; 1.221      ;
; 98.768 ; counter2[8]  ; counter2[22] ; u_pll|altpll_component|auto_generated|pll1|clk[2] ; u_pll|altpll_component|auto_generated|pll1|clk[2] ; 100.000      ; -0.036     ; 1.183      ;
; 98.768 ; counter2[6]  ; counter2[20] ; u_pll|altpll_component|auto_generated|pll1|clk[2] ; u_pll|altpll_component|auto_generated|pll1|clk[2] ; 100.000      ; -0.036     ; 1.183      ;
; 98.768 ; counter2[4]  ; counter2[18] ; u_pll|altpll_component|auto_generated|pll1|clk[2] ; u_pll|altpll_component|auto_generated|pll1|clk[2] ; 100.000      ; -0.036     ; 1.183      ;
; 98.768 ; counter2[0]  ; counter2[14] ; u_pll|altpll_component|auto_generated|pll1|clk[2] ; u_pll|altpll_component|auto_generated|pll1|clk[2] ; 100.000      ; -0.036     ; 1.183      ;
; 98.769 ; counter2[2]  ; counter2[16] ; u_pll|altpll_component|auto_generated|pll1|clk[2] ; u_pll|altpll_component|auto_generated|pll1|clk[2] ; 100.000      ; -0.036     ; 1.182      ;
; 98.783 ; counter2[3]  ; counter2[15] ; u_pll|altpll_component|auto_generated|pll1|clk[2] ; u_pll|altpll_component|auto_generated|pll1|clk[2] ; 100.000      ; -0.036     ; 1.168      ;
; 98.784 ; counter2[5]  ; counter2[17] ; u_pll|altpll_component|auto_generated|pll1|clk[2] ; u_pll|altpll_component|auto_generated|pll1|clk[2] ; 100.000      ; -0.036     ; 1.167      ;
; 98.787 ; counter2[9]  ; counter2[21] ; u_pll|altpll_component|auto_generated|pll1|clk[2] ; u_pll|altpll_component|auto_generated|pll1|clk[2] ; 100.000      ; -0.036     ; 1.164      ;
; 98.787 ; counter2[3]  ; counter2[14] ; u_pll|altpll_component|auto_generated|pll1|clk[2] ; u_pll|altpll_component|auto_generated|pll1|clk[2] ; 100.000      ; -0.036     ; 1.164      ;
; 98.788 ; counter2[1]  ; counter2[13] ; u_pll|altpll_component|auto_generated|pll1|clk[2] ; u_pll|altpll_component|auto_generated|pll1|clk[2] ; 100.000      ; -0.036     ; 1.163      ;
; 98.788 ; counter2[11] ; counter2[23] ; u_pll|altpll_component|auto_generated|pll1|clk[2] ; u_pll|altpll_component|auto_generated|pll1|clk[2] ; 100.000      ; -0.036     ; 1.163      ;
; 98.788 ; counter2[7]  ; counter2[19] ; u_pll|altpll_component|auto_generated|pll1|clk[2] ; u_pll|altpll_component|auto_generated|pll1|clk[2] ; 100.000      ; -0.036     ; 1.163      ;
; 98.788 ; counter2[5]  ; counter2[16] ; u_pll|altpll_component|auto_generated|pll1|clk[2] ; u_pll|altpll_component|auto_generated|pll1|clk[2] ; 100.000      ; -0.036     ; 1.163      ;
; 98.791 ; counter2[9]  ; counter2[20] ; u_pll|altpll_component|auto_generated|pll1|clk[2] ; u_pll|altpll_component|auto_generated|pll1|clk[2] ; 100.000      ; -0.036     ; 1.160      ;
; 98.792 ; counter2[1]  ; counter2[12] ; u_pll|altpll_component|auto_generated|pll1|clk[2] ; u_pll|altpll_component|auto_generated|pll1|clk[2] ; 100.000      ; -0.036     ; 1.159      ;
; 98.792 ; counter2[11] ; counter2[22] ; u_pll|altpll_component|auto_generated|pll1|clk[2] ; u_pll|altpll_component|auto_generated|pll1|clk[2] ; 100.000      ; -0.036     ; 1.159      ;
; 98.792 ; counter2[7]  ; counter2[18] ; u_pll|altpll_component|auto_generated|pll1|clk[2] ; u_pll|altpll_component|auto_generated|pll1|clk[2] ; 100.000      ; -0.036     ; 1.159      ;
; 98.797 ; counter2[8]  ; counter2[21] ; u_pll|altpll_component|auto_generated|pll1|clk[2] ; u_pll|altpll_component|auto_generated|pll1|clk[2] ; 100.000      ; -0.036     ; 1.154      ;
; 98.797 ; counter2[6]  ; counter2[19] ; u_pll|altpll_component|auto_generated|pll1|clk[2] ; u_pll|altpll_component|auto_generated|pll1|clk[2] ; 100.000      ; -0.036     ; 1.154      ;
; 98.797 ; counter2[0]  ; counter2[13] ; u_pll|altpll_component|auto_generated|pll1|clk[2] ; u_pll|altpll_component|auto_generated|pll1|clk[2] ; 100.000      ; -0.036     ; 1.154      ;
; 98.798 ; counter2[10] ; counter2[23] ; u_pll|altpll_component|auto_generated|pll1|clk[2] ; u_pll|altpll_component|auto_generated|pll1|clk[2] ; 100.000      ; -0.036     ; 1.153      ;
; 98.798 ; counter2[4]  ; counter2[17] ; u_pll|altpll_component|auto_generated|pll1|clk[2] ; u_pll|altpll_component|auto_generated|pll1|clk[2] ; 100.000      ; -0.036     ; 1.153      ;
; 98.798 ; counter2[2]  ; counter2[15] ; u_pll|altpll_component|auto_generated|pll1|clk[2] ; u_pll|altpll_component|auto_generated|pll1|clk[2] ; 100.000      ; -0.036     ; 1.153      ;
; 98.836 ; counter2[10] ; counter2[22] ; u_pll|altpll_component|auto_generated|pll1|clk[2] ; u_pll|altpll_component|auto_generated|pll1|clk[2] ; 100.000      ; -0.036     ; 1.115      ;
; 98.836 ; counter2[8]  ; counter2[20] ; u_pll|altpll_component|auto_generated|pll1|clk[2] ; u_pll|altpll_component|auto_generated|pll1|clk[2] ; 100.000      ; -0.036     ; 1.115      ;
; 98.836 ; counter2[6]  ; counter2[18] ; u_pll|altpll_component|auto_generated|pll1|clk[2] ; u_pll|altpll_component|auto_generated|pll1|clk[2] ; 100.000      ; -0.036     ; 1.115      ;
; 98.836 ; counter2[4]  ; counter2[16] ; u_pll|altpll_component|auto_generated|pll1|clk[2] ; u_pll|altpll_component|auto_generated|pll1|clk[2] ; 100.000      ; -0.036     ; 1.115      ;
; 98.836 ; counter2[0]  ; counter2[12] ; u_pll|altpll_component|auto_generated|pll1|clk[2] ; u_pll|altpll_component|auto_generated|pll1|clk[2] ; 100.000      ; -0.036     ; 1.115      ;
; 98.837 ; counter2[2]  ; counter2[14] ; u_pll|altpll_component|auto_generated|pll1|clk[2] ; u_pll|altpll_component|auto_generated|pll1|clk[2] ; 100.000      ; -0.036     ; 1.114      ;
; 98.851 ; counter2[3]  ; counter2[13] ; u_pll|altpll_component|auto_generated|pll1|clk[2] ; u_pll|altpll_component|auto_generated|pll1|clk[2] ; 100.000      ; -0.036     ; 1.100      ;
; 98.852 ; counter2[13] ; counter2[23] ; u_pll|altpll_component|auto_generated|pll1|clk[2] ; u_pll|altpll_component|auto_generated|pll1|clk[2] ; 100.000      ; -0.036     ; 1.099      ;
; 98.852 ; counter2[5]  ; counter2[15] ; u_pll|altpll_component|auto_generated|pll1|clk[2] ; u_pll|altpll_component|auto_generated|pll1|clk[2] ; 100.000      ; -0.036     ; 1.099      ;
; 98.855 ; counter2[9]  ; counter2[19] ; u_pll|altpll_component|auto_generated|pll1|clk[2] ; u_pll|altpll_component|auto_generated|pll1|clk[2] ; 100.000      ; -0.036     ; 1.096      ;
; 98.855 ; counter2[3]  ; counter2[12] ; u_pll|altpll_component|auto_generated|pll1|clk[2] ; u_pll|altpll_component|auto_generated|pll1|clk[2] ; 100.000      ; -0.036     ; 1.096      ;
; 98.856 ; counter2[1]  ; counter2[11] ; u_pll|altpll_component|auto_generated|pll1|clk[2] ; u_pll|altpll_component|auto_generated|pll1|clk[2] ; 100.000      ; -0.036     ; 1.095      ;
; 98.856 ; counter2[13] ; counter2[22] ; u_pll|altpll_component|auto_generated|pll1|clk[2] ; u_pll|altpll_component|auto_generated|pll1|clk[2] ; 100.000      ; -0.036     ; 1.095      ;
; 98.856 ; counter2[11] ; counter2[21] ; u_pll|altpll_component|auto_generated|pll1|clk[2] ; u_pll|altpll_component|auto_generated|pll1|clk[2] ; 100.000      ; -0.036     ; 1.095      ;
; 98.856 ; counter2[7]  ; counter2[17] ; u_pll|altpll_component|auto_generated|pll1|clk[2] ; u_pll|altpll_component|auto_generated|pll1|clk[2] ; 100.000      ; -0.036     ; 1.095      ;
; 98.856 ; counter2[5]  ; counter2[14] ; u_pll|altpll_component|auto_generated|pll1|clk[2] ; u_pll|altpll_component|auto_generated|pll1|clk[2] ; 100.000      ; -0.036     ; 1.095      ;
; 98.859 ; counter2[9]  ; counter2[18] ; u_pll|altpll_component|auto_generated|pll1|clk[2] ; u_pll|altpll_component|auto_generated|pll1|clk[2] ; 100.000      ; -0.036     ; 1.092      ;
; 98.860 ; counter2[1]  ; counter2[10] ; u_pll|altpll_component|auto_generated|pll1|clk[2] ; u_pll|altpll_component|auto_generated|pll1|clk[2] ; 100.000      ; -0.036     ; 1.091      ;
; 98.860 ; counter2[11] ; counter2[20] ; u_pll|altpll_component|auto_generated|pll1|clk[2] ; u_pll|altpll_component|auto_generated|pll1|clk[2] ; 100.000      ; -0.036     ; 1.091      ;
; 98.860 ; counter2[7]  ; counter2[16] ; u_pll|altpll_component|auto_generated|pll1|clk[2] ; u_pll|altpll_component|auto_generated|pll1|clk[2] ; 100.000      ; -0.036     ; 1.091      ;
; 98.865 ; counter2[8]  ; counter2[19] ; u_pll|altpll_component|auto_generated|pll1|clk[2] ; u_pll|altpll_component|auto_generated|pll1|clk[2] ; 100.000      ; -0.036     ; 1.086      ;
; 98.865 ; counter2[6]  ; counter2[17] ; u_pll|altpll_component|auto_generated|pll1|clk[2] ; u_pll|altpll_component|auto_generated|pll1|clk[2] ; 100.000      ; -0.036     ; 1.086      ;
+--------+--------------+--------------+---------------------------------------------------+---------------------------------------------------+--------------+------------+------------+


+----------------------------------------------------------------------------------------------------------------------------------------------------------------------------------------+
; Fast 1200mV 0C Model Setup: 'u_pll|altpll_component|auto_generated|pll1|clk[3]'                                                                                                        ;
+---------+--------------+--------------+---------------------------------------------------+---------------------------------------------------+--------------+------------+------------+
; Slack   ; From Node    ; To Node      ; Launch Clock                                      ; Latch Clock                                       ; Relationship ; Clock Skew ; Data Delay ;
+---------+--------------+--------------+---------------------------------------------------+---------------------------------------------------+--------------+------------+------------+
; 198.452 ; counter3[1]  ; counter3[22] ; u_pll|altpll_component|auto_generated|pll1|clk[3] ; u_pll|altpll_component|auto_generated|pll1|clk[3] ; 200.000      ; -0.036     ; 1.499      ;
; 198.497 ; counter3[0]  ; counter3[22] ; u_pll|altpll_component|auto_generated|pll1|clk[3] ; u_pll|altpll_component|auto_generated|pll1|clk[3] ; 200.000      ; -0.036     ; 1.454      ;
; 198.516 ; counter3[1]  ; counter3[21] ; u_pll|altpll_component|auto_generated|pll1|clk[3] ; u_pll|altpll_component|auto_generated|pll1|clk[3] ; 200.000      ; -0.036     ; 1.435      ;
; 198.516 ; counter3[3]  ; counter3[22] ; u_pll|altpll_component|auto_generated|pll1|clk[3] ; u_pll|altpll_component|auto_generated|pll1|clk[3] ; 200.000      ; -0.036     ; 1.435      ;
; 198.520 ; counter3[1]  ; counter3[20] ; u_pll|altpll_component|auto_generated|pll1|clk[3] ; u_pll|altpll_component|auto_generated|pll1|clk[3] ; 200.000      ; -0.036     ; 1.431      ;
; 198.526 ; counter3[0]  ; counter3[21] ; u_pll|altpll_component|auto_generated|pll1|clk[3] ; u_pll|altpll_component|auto_generated|pll1|clk[3] ; 200.000      ; -0.036     ; 1.425      ;
; 198.563 ; counter3[2]  ; counter3[22] ; u_pll|altpll_component|auto_generated|pll1|clk[3] ; u_pll|altpll_component|auto_generated|pll1|clk[3] ; 200.000      ; -0.036     ; 1.388      ;
; 198.565 ; counter3[0]  ; counter3[20] ; u_pll|altpll_component|auto_generated|pll1|clk[3] ; u_pll|altpll_component|auto_generated|pll1|clk[3] ; 200.000      ; -0.036     ; 1.386      ;
; 198.580 ; counter3[3]  ; counter3[21] ; u_pll|altpll_component|auto_generated|pll1|clk[3] ; u_pll|altpll_component|auto_generated|pll1|clk[3] ; 200.000      ; -0.036     ; 1.371      ;
; 198.584 ; counter3[1]  ; counter3[19] ; u_pll|altpll_component|auto_generated|pll1|clk[3] ; u_pll|altpll_component|auto_generated|pll1|clk[3] ; 200.000      ; -0.036     ; 1.367      ;
; 198.584 ; counter3[5]  ; counter3[22] ; u_pll|altpll_component|auto_generated|pll1|clk[3] ; u_pll|altpll_component|auto_generated|pll1|clk[3] ; 200.000      ; -0.036     ; 1.367      ;
; 198.584 ; counter3[3]  ; counter3[20] ; u_pll|altpll_component|auto_generated|pll1|clk[3] ; u_pll|altpll_component|auto_generated|pll1|clk[3] ; 200.000      ; -0.036     ; 1.367      ;
; 198.588 ; counter3[1]  ; counter3[18] ; u_pll|altpll_component|auto_generated|pll1|clk[3] ; u_pll|altpll_component|auto_generated|pll1|clk[3] ; 200.000      ; -0.036     ; 1.363      ;
; 198.594 ; counter3[2]  ; counter3[21] ; u_pll|altpll_component|auto_generated|pll1|clk[3] ; u_pll|altpll_component|auto_generated|pll1|clk[3] ; 200.000      ; -0.036     ; 1.357      ;
; 198.594 ; counter3[0]  ; counter3[19] ; u_pll|altpll_component|auto_generated|pll1|clk[3] ; u_pll|altpll_component|auto_generated|pll1|clk[3] ; 200.000      ; -0.036     ; 1.357      ;
; 198.631 ; counter3[2]  ; counter3[20] ; u_pll|altpll_component|auto_generated|pll1|clk[3] ; u_pll|altpll_component|auto_generated|pll1|clk[3] ; 200.000      ; -0.036     ; 1.320      ;
; 198.632 ; counter3[4]  ; counter3[22] ; u_pll|altpll_component|auto_generated|pll1|clk[3] ; u_pll|altpll_component|auto_generated|pll1|clk[3] ; 200.000      ; -0.036     ; 1.319      ;
; 198.633 ; counter3[0]  ; counter3[18] ; u_pll|altpll_component|auto_generated|pll1|clk[3] ; u_pll|altpll_component|auto_generated|pll1|clk[3] ; 200.000      ; -0.036     ; 1.318      ;
; 198.648 ; counter3[5]  ; counter3[21] ; u_pll|altpll_component|auto_generated|pll1|clk[3] ; u_pll|altpll_component|auto_generated|pll1|clk[3] ; 200.000      ; -0.036     ; 1.303      ;
; 198.648 ; counter3[3]  ; counter3[19] ; u_pll|altpll_component|auto_generated|pll1|clk[3] ; u_pll|altpll_component|auto_generated|pll1|clk[3] ; 200.000      ; -0.036     ; 1.303      ;
; 198.652 ; counter3[1]  ; counter3[17] ; u_pll|altpll_component|auto_generated|pll1|clk[3] ; u_pll|altpll_component|auto_generated|pll1|clk[3] ; 200.000      ; -0.036     ; 1.299      ;
; 198.652 ; counter3[7]  ; counter3[22] ; u_pll|altpll_component|auto_generated|pll1|clk[3] ; u_pll|altpll_component|auto_generated|pll1|clk[3] ; 200.000      ; -0.036     ; 1.299      ;
; 198.652 ; counter3[5]  ; counter3[20] ; u_pll|altpll_component|auto_generated|pll1|clk[3] ; u_pll|altpll_component|auto_generated|pll1|clk[3] ; 200.000      ; -0.036     ; 1.299      ;
; 198.652 ; counter3[3]  ; counter3[18] ; u_pll|altpll_component|auto_generated|pll1|clk[3] ; u_pll|altpll_component|auto_generated|pll1|clk[3] ; 200.000      ; -0.036     ; 1.299      ;
; 198.656 ; counter3[1]  ; counter3[16] ; u_pll|altpll_component|auto_generated|pll1|clk[3] ; u_pll|altpll_component|auto_generated|pll1|clk[3] ; 200.000      ; -0.036     ; 1.295      ;
; 198.661 ; counter3[4]  ; counter3[21] ; u_pll|altpll_component|auto_generated|pll1|clk[3] ; u_pll|altpll_component|auto_generated|pll1|clk[3] ; 200.000      ; -0.036     ; 1.290      ;
; 198.662 ; counter3[2]  ; counter3[19] ; u_pll|altpll_component|auto_generated|pll1|clk[3] ; u_pll|altpll_component|auto_generated|pll1|clk[3] ; 200.000      ; -0.036     ; 1.289      ;
; 198.662 ; counter3[0]  ; counter3[17] ; u_pll|altpll_component|auto_generated|pll1|clk[3] ; u_pll|altpll_component|auto_generated|pll1|clk[3] ; 200.000      ; -0.036     ; 1.289      ;
; 198.699 ; counter3[2]  ; counter3[18] ; u_pll|altpll_component|auto_generated|pll1|clk[3] ; u_pll|altpll_component|auto_generated|pll1|clk[3] ; 200.000      ; -0.036     ; 1.252      ;
; 198.700 ; counter3[4]  ; counter3[20] ; u_pll|altpll_component|auto_generated|pll1|clk[3] ; u_pll|altpll_component|auto_generated|pll1|clk[3] ; 200.000      ; -0.036     ; 1.251      ;
; 198.701 ; counter3[6]  ; counter3[22] ; u_pll|altpll_component|auto_generated|pll1|clk[3] ; u_pll|altpll_component|auto_generated|pll1|clk[3] ; 200.000      ; -0.036     ; 1.250      ;
; 198.701 ; counter3[0]  ; counter3[16] ; u_pll|altpll_component|auto_generated|pll1|clk[3] ; u_pll|altpll_component|auto_generated|pll1|clk[3] ; 200.000      ; -0.036     ; 1.250      ;
; 198.716 ; counter3[7]  ; counter3[21] ; u_pll|altpll_component|auto_generated|pll1|clk[3] ; u_pll|altpll_component|auto_generated|pll1|clk[3] ; 200.000      ; -0.036     ; 1.235      ;
; 198.716 ; counter3[5]  ; counter3[19] ; u_pll|altpll_component|auto_generated|pll1|clk[3] ; u_pll|altpll_component|auto_generated|pll1|clk[3] ; 200.000      ; -0.036     ; 1.235      ;
; 198.716 ; counter3[3]  ; counter3[17] ; u_pll|altpll_component|auto_generated|pll1|clk[3] ; u_pll|altpll_component|auto_generated|pll1|clk[3] ; 200.000      ; -0.036     ; 1.235      ;
; 198.720 ; counter3[1]  ; counter3[15] ; u_pll|altpll_component|auto_generated|pll1|clk[3] ; u_pll|altpll_component|auto_generated|pll1|clk[3] ; 200.000      ; -0.036     ; 1.231      ;
; 198.720 ; counter3[9]  ; counter3[22] ; u_pll|altpll_component|auto_generated|pll1|clk[3] ; u_pll|altpll_component|auto_generated|pll1|clk[3] ; 200.000      ; -0.036     ; 1.231      ;
; 198.720 ; counter3[7]  ; counter3[20] ; u_pll|altpll_component|auto_generated|pll1|clk[3] ; u_pll|altpll_component|auto_generated|pll1|clk[3] ; 200.000      ; -0.036     ; 1.231      ;
; 198.720 ; counter3[5]  ; counter3[18] ; u_pll|altpll_component|auto_generated|pll1|clk[3] ; u_pll|altpll_component|auto_generated|pll1|clk[3] ; 200.000      ; -0.036     ; 1.231      ;
; 198.720 ; counter3[3]  ; counter3[16] ; u_pll|altpll_component|auto_generated|pll1|clk[3] ; u_pll|altpll_component|auto_generated|pll1|clk[3] ; 200.000      ; -0.036     ; 1.231      ;
; 198.724 ; counter3[1]  ; counter3[14] ; u_pll|altpll_component|auto_generated|pll1|clk[3] ; u_pll|altpll_component|auto_generated|pll1|clk[3] ; 200.000      ; -0.036     ; 1.227      ;
; 198.729 ; counter3[6]  ; counter3[21] ; u_pll|altpll_component|auto_generated|pll1|clk[3] ; u_pll|altpll_component|auto_generated|pll1|clk[3] ; 200.000      ; -0.036     ; 1.222      ;
; 198.729 ; counter3[4]  ; counter3[19] ; u_pll|altpll_component|auto_generated|pll1|clk[3] ; u_pll|altpll_component|auto_generated|pll1|clk[3] ; 200.000      ; -0.036     ; 1.222      ;
; 198.730 ; counter3[2]  ; counter3[17] ; u_pll|altpll_component|auto_generated|pll1|clk[3] ; u_pll|altpll_component|auto_generated|pll1|clk[3] ; 200.000      ; -0.036     ; 1.221      ;
; 198.730 ; counter3[0]  ; counter3[15] ; u_pll|altpll_component|auto_generated|pll1|clk[3] ; u_pll|altpll_component|auto_generated|pll1|clk[3] ; 200.000      ; -0.036     ; 1.221      ;
; 198.767 ; counter3[2]  ; counter3[16] ; u_pll|altpll_component|auto_generated|pll1|clk[3] ; u_pll|altpll_component|auto_generated|pll1|clk[3] ; 200.000      ; -0.036     ; 1.184      ;
; 198.768 ; counter3[8]  ; counter3[22] ; u_pll|altpll_component|auto_generated|pll1|clk[3] ; u_pll|altpll_component|auto_generated|pll1|clk[3] ; 200.000      ; -0.036     ; 1.183      ;
; 198.768 ; counter3[4]  ; counter3[18] ; u_pll|altpll_component|auto_generated|pll1|clk[3] ; u_pll|altpll_component|auto_generated|pll1|clk[3] ; 200.000      ; -0.036     ; 1.183      ;
; 198.769 ; counter3[6]  ; counter3[20] ; u_pll|altpll_component|auto_generated|pll1|clk[3] ; u_pll|altpll_component|auto_generated|pll1|clk[3] ; 200.000      ; -0.036     ; 1.182      ;
; 198.769 ; counter3[0]  ; counter3[14] ; u_pll|altpll_component|auto_generated|pll1|clk[3] ; u_pll|altpll_component|auto_generated|pll1|clk[3] ; 200.000      ; -0.036     ; 1.182      ;
; 198.784 ; counter3[9]  ; counter3[21] ; u_pll|altpll_component|auto_generated|pll1|clk[3] ; u_pll|altpll_component|auto_generated|pll1|clk[3] ; 200.000      ; -0.036     ; 1.167      ;
; 198.784 ; counter3[7]  ; counter3[19] ; u_pll|altpll_component|auto_generated|pll1|clk[3] ; u_pll|altpll_component|auto_generated|pll1|clk[3] ; 200.000      ; -0.036     ; 1.167      ;
; 198.784 ; counter3[5]  ; counter3[17] ; u_pll|altpll_component|auto_generated|pll1|clk[3] ; u_pll|altpll_component|auto_generated|pll1|clk[3] ; 200.000      ; -0.036     ; 1.167      ;
; 198.784 ; counter3[3]  ; counter3[15] ; u_pll|altpll_component|auto_generated|pll1|clk[3] ; u_pll|altpll_component|auto_generated|pll1|clk[3] ; 200.000      ; -0.036     ; 1.167      ;
; 198.788 ; counter3[1]  ; counter3[13] ; u_pll|altpll_component|auto_generated|pll1|clk[3] ; u_pll|altpll_component|auto_generated|pll1|clk[3] ; 200.000      ; -0.036     ; 1.163      ;
; 198.788 ; counter3[11] ; counter3[22] ; u_pll|altpll_component|auto_generated|pll1|clk[3] ; u_pll|altpll_component|auto_generated|pll1|clk[3] ; 200.000      ; -0.036     ; 1.163      ;
; 198.788 ; counter3[9]  ; counter3[20] ; u_pll|altpll_component|auto_generated|pll1|clk[3] ; u_pll|altpll_component|auto_generated|pll1|clk[3] ; 200.000      ; -0.036     ; 1.163      ;
; 198.788 ; counter3[7]  ; counter3[18] ; u_pll|altpll_component|auto_generated|pll1|clk[3] ; u_pll|altpll_component|auto_generated|pll1|clk[3] ; 200.000      ; -0.036     ; 1.163      ;
; 198.788 ; counter3[5]  ; counter3[16] ; u_pll|altpll_component|auto_generated|pll1|clk[3] ; u_pll|altpll_component|auto_generated|pll1|clk[3] ; 200.000      ; -0.036     ; 1.163      ;
; 198.788 ; counter3[3]  ; counter3[14] ; u_pll|altpll_component|auto_generated|pll1|clk[3] ; u_pll|altpll_component|auto_generated|pll1|clk[3] ; 200.000      ; -0.036     ; 1.163      ;
; 198.792 ; counter3[1]  ; counter3[12] ; u_pll|altpll_component|auto_generated|pll1|clk[3] ; u_pll|altpll_component|auto_generated|pll1|clk[3] ; 200.000      ; -0.036     ; 1.159      ;
; 198.797 ; counter3[6]  ; counter3[19] ; u_pll|altpll_component|auto_generated|pll1|clk[3] ; u_pll|altpll_component|auto_generated|pll1|clk[3] ; 200.000      ; -0.036     ; 1.154      ;
; 198.797 ; counter3[4]  ; counter3[17] ; u_pll|altpll_component|auto_generated|pll1|clk[3] ; u_pll|altpll_component|auto_generated|pll1|clk[3] ; 200.000      ; -0.036     ; 1.154      ;
; 198.798 ; counter3[8]  ; counter3[21] ; u_pll|altpll_component|auto_generated|pll1|clk[3] ; u_pll|altpll_component|auto_generated|pll1|clk[3] ; 200.000      ; -0.036     ; 1.153      ;
; 198.798 ; counter3[2]  ; counter3[15] ; u_pll|altpll_component|auto_generated|pll1|clk[3] ; u_pll|altpll_component|auto_generated|pll1|clk[3] ; 200.000      ; -0.036     ; 1.153      ;
; 198.798 ; counter3[0]  ; counter3[13] ; u_pll|altpll_component|auto_generated|pll1|clk[3] ; u_pll|altpll_component|auto_generated|pll1|clk[3] ; 200.000      ; -0.036     ; 1.153      ;
; 198.835 ; counter3[2]  ; counter3[14] ; u_pll|altpll_component|auto_generated|pll1|clk[3] ; u_pll|altpll_component|auto_generated|pll1|clk[3] ; 200.000      ; -0.036     ; 1.116      ;
; 198.836 ; counter3[8]  ; counter3[20] ; u_pll|altpll_component|auto_generated|pll1|clk[3] ; u_pll|altpll_component|auto_generated|pll1|clk[3] ; 200.000      ; -0.036     ; 1.115      ;
; 198.836 ; counter3[4]  ; counter3[16] ; u_pll|altpll_component|auto_generated|pll1|clk[3] ; u_pll|altpll_component|auto_generated|pll1|clk[3] ; 200.000      ; -0.036     ; 1.115      ;
; 198.837 ; counter3[10] ; counter3[22] ; u_pll|altpll_component|auto_generated|pll1|clk[3] ; u_pll|altpll_component|auto_generated|pll1|clk[3] ; 200.000      ; -0.036     ; 1.114      ;
; 198.837 ; counter3[6]  ; counter3[18] ; u_pll|altpll_component|auto_generated|pll1|clk[3] ; u_pll|altpll_component|auto_generated|pll1|clk[3] ; 200.000      ; -0.036     ; 1.114      ;
; 198.837 ; counter3[0]  ; counter3[12] ; u_pll|altpll_component|auto_generated|pll1|clk[3] ; u_pll|altpll_component|auto_generated|pll1|clk[3] ; 200.000      ; -0.036     ; 1.114      ;
; 198.852 ; counter3[11] ; counter3[21] ; u_pll|altpll_component|auto_generated|pll1|clk[3] ; u_pll|altpll_component|auto_generated|pll1|clk[3] ; 200.000      ; -0.036     ; 1.099      ;
; 198.852 ; counter3[9]  ; counter3[19] ; u_pll|altpll_component|auto_generated|pll1|clk[3] ; u_pll|altpll_component|auto_generated|pll1|clk[3] ; 200.000      ; -0.036     ; 1.099      ;
; 198.852 ; counter3[7]  ; counter3[17] ; u_pll|altpll_component|auto_generated|pll1|clk[3] ; u_pll|altpll_component|auto_generated|pll1|clk[3] ; 200.000      ; -0.036     ; 1.099      ;
; 198.852 ; counter3[5]  ; counter3[15] ; u_pll|altpll_component|auto_generated|pll1|clk[3] ; u_pll|altpll_component|auto_generated|pll1|clk[3] ; 200.000      ; -0.036     ; 1.099      ;
; 198.852 ; counter3[3]  ; counter3[13] ; u_pll|altpll_component|auto_generated|pll1|clk[3] ; u_pll|altpll_component|auto_generated|pll1|clk[3] ; 200.000      ; -0.036     ; 1.099      ;
; 198.855 ; counter3[13] ; counter3[22] ; u_pll|altpll_component|auto_generated|pll1|clk[3] ; u_pll|altpll_component|auto_generated|pll1|clk[3] ; 200.000      ; -0.036     ; 1.096      ;
; 198.856 ; counter3[1]  ; counter3[11] ; u_pll|altpll_component|auto_generated|pll1|clk[3] ; u_pll|altpll_component|auto_generated|pll1|clk[3] ; 200.000      ; -0.036     ; 1.095      ;
; 198.856 ; counter3[11] ; counter3[20] ; u_pll|altpll_component|auto_generated|pll1|clk[3] ; u_pll|altpll_component|auto_generated|pll1|clk[3] ; 200.000      ; -0.036     ; 1.095      ;
; 198.856 ; counter3[9]  ; counter3[18] ; u_pll|altpll_component|auto_generated|pll1|clk[3] ; u_pll|altpll_component|auto_generated|pll1|clk[3] ; 200.000      ; -0.036     ; 1.095      ;
; 198.856 ; counter3[7]  ; counter3[16] ; u_pll|altpll_component|auto_generated|pll1|clk[3] ; u_pll|altpll_component|auto_generated|pll1|clk[3] ; 200.000      ; -0.036     ; 1.095      ;
; 198.856 ; counter3[5]  ; counter3[14] ; u_pll|altpll_component|auto_generated|pll1|clk[3] ; u_pll|altpll_component|auto_generated|pll1|clk[3] ; 200.000      ; -0.036     ; 1.095      ;
; 198.856 ; counter3[3]  ; counter3[12] ; u_pll|altpll_component|auto_generated|pll1|clk[3] ; u_pll|altpll_component|auto_generated|pll1|clk[3] ; 200.000      ; -0.036     ; 1.095      ;
; 198.860 ; counter3[1]  ; counter3[10] ; u_pll|altpll_component|auto_generated|pll1|clk[3] ; u_pll|altpll_component|auto_generated|pll1|clk[3] ; 200.000      ; -0.036     ; 1.091      ;
; 198.865 ; counter3[6]  ; counter3[17] ; u_pll|altpll_component|auto_generated|pll1|clk[3] ; u_pll|altpll_component|auto_generated|pll1|clk[3] ; 200.000      ; -0.036     ; 1.086      ;
; 198.865 ; counter3[4]  ; counter3[15] ; u_pll|altpll_component|auto_generated|pll1|clk[3] ; u_pll|altpll_component|auto_generated|pll1|clk[3] ; 200.000      ; -0.036     ; 1.086      ;
; 198.866 ; counter3[8]  ; counter3[19] ; u_pll|altpll_component|auto_generated|pll1|clk[3] ; u_pll|altpll_component|auto_generated|pll1|clk[3] ; 200.000      ; -0.036     ; 1.085      ;
; 198.866 ; counter3[2]  ; counter3[13] ; u_pll|altpll_component|auto_generated|pll1|clk[3] ; u_pll|altpll_component|auto_generated|pll1|clk[3] ; 200.000      ; -0.036     ; 1.085      ;
; 198.866 ; counter3[0]  ; counter3[11] ; u_pll|altpll_component|auto_generated|pll1|clk[3] ; u_pll|altpll_component|auto_generated|pll1|clk[3] ; 200.000      ; -0.036     ; 1.085      ;
; 198.867 ; counter3[10] ; counter3[21] ; u_pll|altpll_component|auto_generated|pll1|clk[3] ; u_pll|altpll_component|auto_generated|pll1|clk[3] ; 200.000      ; -0.036     ; 1.084      ;
; 198.903 ; counter3[2]  ; counter3[12] ; u_pll|altpll_component|auto_generated|pll1|clk[3] ; u_pll|altpll_component|auto_generated|pll1|clk[3] ; 200.000      ; -0.036     ; 1.048      ;
; 198.904 ; counter3[12] ; counter3[22] ; u_pll|altpll_component|auto_generated|pll1|clk[3] ; u_pll|altpll_component|auto_generated|pll1|clk[3] ; 200.000      ; -0.036     ; 1.047      ;
; 198.904 ; counter3[8]  ; counter3[18] ; u_pll|altpll_component|auto_generated|pll1|clk[3] ; u_pll|altpll_component|auto_generated|pll1|clk[3] ; 200.000      ; -0.036     ; 1.047      ;
; 198.904 ; counter3[4]  ; counter3[14] ; u_pll|altpll_component|auto_generated|pll1|clk[3] ; u_pll|altpll_component|auto_generated|pll1|clk[3] ; 200.000      ; -0.036     ; 1.047      ;
; 198.905 ; counter3[10] ; counter3[20] ; u_pll|altpll_component|auto_generated|pll1|clk[3] ; u_pll|altpll_component|auto_generated|pll1|clk[3] ; 200.000      ; -0.036     ; 1.046      ;
; 198.905 ; counter3[6]  ; counter3[16] ; u_pll|altpll_component|auto_generated|pll1|clk[3] ; u_pll|altpll_component|auto_generated|pll1|clk[3] ; 200.000      ; -0.036     ; 1.046      ;
; 198.905 ; counter3[0]  ; counter3[10] ; u_pll|altpll_component|auto_generated|pll1|clk[3] ; u_pll|altpll_component|auto_generated|pll1|clk[3] ; 200.000      ; -0.036     ; 1.046      ;
; 198.919 ; counter3[13] ; counter3[21] ; u_pll|altpll_component|auto_generated|pll1|clk[3] ; u_pll|altpll_component|auto_generated|pll1|clk[3] ; 200.000      ; -0.036     ; 1.032      ;
; 198.920 ; counter3[11] ; counter3[19] ; u_pll|altpll_component|auto_generated|pll1|clk[3] ; u_pll|altpll_component|auto_generated|pll1|clk[3] ; 200.000      ; -0.036     ; 1.031      ;
+---------+--------------+--------------+---------------------------------------------------+---------------------------------------------------+--------------+------------+------------+


+--------------------------------------------------------------------------------------------------------------------------------------------------------------------------------------+
; Fast 1200mV 0C Model Hold: 'u_pll|altpll_component|auto_generated|pll1|clk[0]'                                                                                                       ;
+-------+--------------+--------------+---------------------------------------------------+---------------------------------------------------+--------------+------------+------------+
; Slack ; From Node    ; To Node      ; Launch Clock                                      ; Latch Clock                                       ; Relationship ; Clock Skew ; Data Delay ;
+-------+--------------+--------------+---------------------------------------------------+---------------------------------------------------+--------------+------------+------------+
; 0.205 ; counter0[25] ; counter0[25] ; u_pll|altpll_component|auto_generated|pll1|clk[0] ; u_pll|altpll_component|auto_generated|pll1|clk[0] ; 0.000        ; 0.036      ; 0.325      ;
; 0.293 ; counter0[12] ; counter0[12] ; u_pll|altpll_component|auto_generated|pll1|clk[0] ; u_pll|altpll_component|auto_generated|pll1|clk[0] ; 0.000        ; 0.036      ; 0.413      ;
; 0.293 ; counter0[3]  ; counter0[3]  ; u_pll|altpll_component|auto_generated|pll1|clk[0] ; u_pll|altpll_component|auto_generated|pll1|clk[0] ; 0.000        ; 0.036      ; 0.413      ;
; 0.294 ; counter0[19] ; counter0[19] ; u_pll|altpll_component|auto_generated|pll1|clk[0] ; u_pll|altpll_component|auto_generated|pll1|clk[0] ; 0.000        ; 0.036      ; 0.414      ;
; 0.294 ; counter0[15] ; counter0[15] ; u_pll|altpll_component|auto_generated|pll1|clk[0] ; u_pll|altpll_component|auto_generated|pll1|clk[0] ; 0.000        ; 0.036      ; 0.414      ;
; 0.294 ; counter0[13] ; counter0[13] ; u_pll|altpll_component|auto_generated|pll1|clk[0] ; u_pll|altpll_component|auto_generated|pll1|clk[0] ; 0.000        ; 0.036      ; 0.414      ;
; 0.294 ; counter0[11] ; counter0[11] ; u_pll|altpll_component|auto_generated|pll1|clk[0] ; u_pll|altpll_component|auto_generated|pll1|clk[0] ; 0.000        ; 0.036      ; 0.414      ;
; 0.294 ; counter0[10] ; counter0[10] ; u_pll|altpll_component|auto_generated|pll1|clk[0] ; u_pll|altpll_component|auto_generated|pll1|clk[0] ; 0.000        ; 0.036      ; 0.414      ;
; 0.294 ; counter0[8]  ; counter0[8]  ; u_pll|altpll_component|auto_generated|pll1|clk[0] ; u_pll|altpll_component|auto_generated|pll1|clk[0] ; 0.000        ; 0.036      ; 0.414      ;
; 0.294 ; counter0[5]  ; counter0[5]  ; u_pll|altpll_component|auto_generated|pll1|clk[0] ; u_pll|altpll_component|auto_generated|pll1|clk[0] ; 0.000        ; 0.036      ; 0.414      ;
; 0.294 ; counter0[2]  ; counter0[2]  ; u_pll|altpll_component|auto_generated|pll1|clk[0] ; u_pll|altpll_component|auto_generated|pll1|clk[0] ; 0.000        ; 0.036      ; 0.414      ;
; 0.294 ; counter0[1]  ; counter0[1]  ; u_pll|altpll_component|auto_generated|pll1|clk[0] ; u_pll|altpll_component|auto_generated|pll1|clk[0] ; 0.000        ; 0.036      ; 0.414      ;
; 0.295 ; counter0[24] ; counter0[24] ; u_pll|altpll_component|auto_generated|pll1|clk[0] ; u_pll|altpll_component|auto_generated|pll1|clk[0] ; 0.000        ; 0.036      ; 0.415      ;
; 0.295 ; counter0[23] ; counter0[23] ; u_pll|altpll_component|auto_generated|pll1|clk[0] ; u_pll|altpll_component|auto_generated|pll1|clk[0] ; 0.000        ; 0.036      ; 0.415      ;
; 0.295 ; counter0[21] ; counter0[21] ; u_pll|altpll_component|auto_generated|pll1|clk[0] ; u_pll|altpll_component|auto_generated|pll1|clk[0] ; 0.000        ; 0.036      ; 0.415      ;
; 0.295 ; counter0[18] ; counter0[18] ; u_pll|altpll_component|auto_generated|pll1|clk[0] ; u_pll|altpll_component|auto_generated|pll1|clk[0] ; 0.000        ; 0.036      ; 0.415      ;
; 0.295 ; counter0[17] ; counter0[17] ; u_pll|altpll_component|auto_generated|pll1|clk[0] ; u_pll|altpll_component|auto_generated|pll1|clk[0] ; 0.000        ; 0.036      ; 0.415      ;
; 0.295 ; counter0[16] ; counter0[16] ; u_pll|altpll_component|auto_generated|pll1|clk[0] ; u_pll|altpll_component|auto_generated|pll1|clk[0] ; 0.000        ; 0.036      ; 0.415      ;
; 0.295 ; counter0[14] ; counter0[14] ; u_pll|altpll_component|auto_generated|pll1|clk[0] ; u_pll|altpll_component|auto_generated|pll1|clk[0] ; 0.000        ; 0.036      ; 0.415      ;
; 0.295 ; counter0[9]  ; counter0[9]  ; u_pll|altpll_component|auto_generated|pll1|clk[0] ; u_pll|altpll_component|auto_generated|pll1|clk[0] ; 0.000        ; 0.036      ; 0.415      ;
; 0.295 ; counter0[7]  ; counter0[7]  ; u_pll|altpll_component|auto_generated|pll1|clk[0] ; u_pll|altpll_component|auto_generated|pll1|clk[0] ; 0.000        ; 0.036      ; 0.415      ;
; 0.295 ; counter0[6]  ; counter0[6]  ; u_pll|altpll_component|auto_generated|pll1|clk[0] ; u_pll|altpll_component|auto_generated|pll1|clk[0] ; 0.000        ; 0.036      ; 0.415      ;
; 0.295 ; counter0[4]  ; counter0[4]  ; u_pll|altpll_component|auto_generated|pll1|clk[0] ; u_pll|altpll_component|auto_generated|pll1|clk[0] ; 0.000        ; 0.036      ; 0.415      ;
; 0.296 ; counter0[22] ; counter0[22] ; u_pll|altpll_component|auto_generated|pll1|clk[0] ; u_pll|altpll_component|auto_generated|pll1|clk[0] ; 0.000        ; 0.036      ; 0.416      ;
; 0.296 ; counter0[20] ; counter0[20] ; u_pll|altpll_component|auto_generated|pll1|clk[0] ; u_pll|altpll_component|auto_generated|pll1|clk[0] ; 0.000        ; 0.036      ; 0.416      ;
; 0.303 ; counter0[0]  ; counter0[0]  ; u_pll|altpll_component|auto_generated|pll1|clk[0] ; u_pll|altpll_component|auto_generated|pll1|clk[0] ; 0.000        ; 0.036      ; 0.423      ;
; 0.442 ; counter0[3]  ; counter0[4]  ; u_pll|altpll_component|auto_generated|pll1|clk[0] ; u_pll|altpll_component|auto_generated|pll1|clk[0] ; 0.000        ; 0.036      ; 0.562      ;
; 0.443 ; counter0[11] ; counter0[12] ; u_pll|altpll_component|auto_generated|pll1|clk[0] ; u_pll|altpll_component|auto_generated|pll1|clk[0] ; 0.000        ; 0.036      ; 0.563      ;
; 0.443 ; counter0[1]  ; counter0[2]  ; u_pll|altpll_component|auto_generated|pll1|clk[0] ; u_pll|altpll_component|auto_generated|pll1|clk[0] ; 0.000        ; 0.036      ; 0.563      ;
; 0.443 ; counter0[15] ; counter0[16] ; u_pll|altpll_component|auto_generated|pll1|clk[0] ; u_pll|altpll_component|auto_generated|pll1|clk[0] ; 0.000        ; 0.036      ; 0.563      ;
; 0.443 ; counter0[13] ; counter0[14] ; u_pll|altpll_component|auto_generated|pll1|clk[0] ; u_pll|altpll_component|auto_generated|pll1|clk[0] ; 0.000        ; 0.036      ; 0.563      ;
; 0.443 ; counter0[5]  ; counter0[6]  ; u_pll|altpll_component|auto_generated|pll1|clk[0] ; u_pll|altpll_component|auto_generated|pll1|clk[0] ; 0.000        ; 0.036      ; 0.563      ;
; 0.443 ; counter0[19] ; counter0[20] ; u_pll|altpll_component|auto_generated|pll1|clk[0] ; u_pll|altpll_component|auto_generated|pll1|clk[0] ; 0.000        ; 0.036      ; 0.563      ;
; 0.444 ; counter0[9]  ; counter0[10] ; u_pll|altpll_component|auto_generated|pll1|clk[0] ; u_pll|altpll_component|auto_generated|pll1|clk[0] ; 0.000        ; 0.036      ; 0.564      ;
; 0.444 ; counter0[7]  ; counter0[8]  ; u_pll|altpll_component|auto_generated|pll1|clk[0] ; u_pll|altpll_component|auto_generated|pll1|clk[0] ; 0.000        ; 0.036      ; 0.564      ;
; 0.444 ; counter0[23] ; counter0[24] ; u_pll|altpll_component|auto_generated|pll1|clk[0] ; u_pll|altpll_component|auto_generated|pll1|clk[0] ; 0.000        ; 0.036      ; 0.564      ;
; 0.444 ; counter0[17] ; counter0[18] ; u_pll|altpll_component|auto_generated|pll1|clk[0] ; u_pll|altpll_component|auto_generated|pll1|clk[0] ; 0.000        ; 0.036      ; 0.564      ;
; 0.444 ; counter0[21] ; counter0[22] ; u_pll|altpll_component|auto_generated|pll1|clk[0] ; u_pll|altpll_component|auto_generated|pll1|clk[0] ; 0.000        ; 0.036      ; 0.564      ;
; 0.452 ; counter0[2]  ; counter0[3]  ; u_pll|altpll_component|auto_generated|pll1|clk[0] ; u_pll|altpll_component|auto_generated|pll1|clk[0] ; 0.000        ; 0.036      ; 0.572      ;
; 0.452 ; counter0[12] ; counter0[13] ; u_pll|altpll_component|auto_generated|pll1|clk[0] ; u_pll|altpll_component|auto_generated|pll1|clk[0] ; 0.000        ; 0.035      ; 0.571      ;
; 0.452 ; counter0[10] ; counter0[11] ; u_pll|altpll_component|auto_generated|pll1|clk[0] ; u_pll|altpll_component|auto_generated|pll1|clk[0] ; 0.000        ; 0.036      ; 0.572      ;
; 0.452 ; counter0[0]  ; counter0[1]  ; u_pll|altpll_component|auto_generated|pll1|clk[0] ; u_pll|altpll_component|auto_generated|pll1|clk[0] ; 0.000        ; 0.036      ; 0.572      ;
; 0.452 ; counter0[8]  ; counter0[9]  ; u_pll|altpll_component|auto_generated|pll1|clk[0] ; u_pll|altpll_component|auto_generated|pll1|clk[0] ; 0.000        ; 0.036      ; 0.572      ;
; 0.453 ; counter0[24] ; counter0[25] ; u_pll|altpll_component|auto_generated|pll1|clk[0] ; u_pll|altpll_component|auto_generated|pll1|clk[0] ; 0.000        ; 0.036      ; 0.573      ;
; 0.453 ; counter0[18] ; counter0[19] ; u_pll|altpll_component|auto_generated|pll1|clk[0] ; u_pll|altpll_component|auto_generated|pll1|clk[0] ; 0.000        ; 0.036      ; 0.573      ;
; 0.453 ; counter0[14] ; counter0[15] ; u_pll|altpll_component|auto_generated|pll1|clk[0] ; u_pll|altpll_component|auto_generated|pll1|clk[0] ; 0.000        ; 0.036      ; 0.573      ;
; 0.453 ; counter0[4]  ; counter0[5]  ; u_pll|altpll_component|auto_generated|pll1|clk[0] ; u_pll|altpll_component|auto_generated|pll1|clk[0] ; 0.000        ; 0.036      ; 0.573      ;
; 0.453 ; counter0[16] ; counter0[17] ; u_pll|altpll_component|auto_generated|pll1|clk[0] ; u_pll|altpll_component|auto_generated|pll1|clk[0] ; 0.000        ; 0.036      ; 0.573      ;
; 0.453 ; counter0[6]  ; counter0[7]  ; u_pll|altpll_component|auto_generated|pll1|clk[0] ; u_pll|altpll_component|auto_generated|pll1|clk[0] ; 0.000        ; 0.036      ; 0.573      ;
; 0.454 ; counter0[22] ; counter0[23] ; u_pll|altpll_component|auto_generated|pll1|clk[0] ; u_pll|altpll_component|auto_generated|pll1|clk[0] ; 0.000        ; 0.036      ; 0.574      ;
; 0.454 ; counter0[20] ; counter0[21] ; u_pll|altpll_component|auto_generated|pll1|clk[0] ; u_pll|altpll_component|auto_generated|pll1|clk[0] ; 0.000        ; 0.036      ; 0.574      ;
; 0.455 ; counter0[2]  ; counter0[4]  ; u_pll|altpll_component|auto_generated|pll1|clk[0] ; u_pll|altpll_component|auto_generated|pll1|clk[0] ; 0.000        ; 0.036      ; 0.575      ;
; 0.455 ; counter0[10] ; counter0[12] ; u_pll|altpll_component|auto_generated|pll1|clk[0] ; u_pll|altpll_component|auto_generated|pll1|clk[0] ; 0.000        ; 0.036      ; 0.575      ;
; 0.455 ; counter0[0]  ; counter0[2]  ; u_pll|altpll_component|auto_generated|pll1|clk[0] ; u_pll|altpll_component|auto_generated|pll1|clk[0] ; 0.000        ; 0.036      ; 0.575      ;
; 0.455 ; counter0[12] ; counter0[14] ; u_pll|altpll_component|auto_generated|pll1|clk[0] ; u_pll|altpll_component|auto_generated|pll1|clk[0] ; 0.000        ; 0.035      ; 0.574      ;
; 0.455 ; counter0[8]  ; counter0[10] ; u_pll|altpll_component|auto_generated|pll1|clk[0] ; u_pll|altpll_component|auto_generated|pll1|clk[0] ; 0.000        ; 0.036      ; 0.575      ;
; 0.456 ; counter0[14] ; counter0[16] ; u_pll|altpll_component|auto_generated|pll1|clk[0] ; u_pll|altpll_component|auto_generated|pll1|clk[0] ; 0.000        ; 0.036      ; 0.576      ;
; 0.456 ; counter0[4]  ; counter0[6]  ; u_pll|altpll_component|auto_generated|pll1|clk[0] ; u_pll|altpll_component|auto_generated|pll1|clk[0] ; 0.000        ; 0.036      ; 0.576      ;
; 0.456 ; counter0[18] ; counter0[20] ; u_pll|altpll_component|auto_generated|pll1|clk[0] ; u_pll|altpll_component|auto_generated|pll1|clk[0] ; 0.000        ; 0.036      ; 0.576      ;
; 0.456 ; counter0[6]  ; counter0[8]  ; u_pll|altpll_component|auto_generated|pll1|clk[0] ; u_pll|altpll_component|auto_generated|pll1|clk[0] ; 0.000        ; 0.036      ; 0.576      ;
; 0.456 ; counter0[16] ; counter0[18] ; u_pll|altpll_component|auto_generated|pll1|clk[0] ; u_pll|altpll_component|auto_generated|pll1|clk[0] ; 0.000        ; 0.036      ; 0.576      ;
; 0.457 ; counter0[22] ; counter0[24] ; u_pll|altpll_component|auto_generated|pll1|clk[0] ; u_pll|altpll_component|auto_generated|pll1|clk[0] ; 0.000        ; 0.036      ; 0.577      ;
; 0.457 ; counter0[20] ; counter0[22] ; u_pll|altpll_component|auto_generated|pll1|clk[0] ; u_pll|altpll_component|auto_generated|pll1|clk[0] ; 0.000        ; 0.036      ; 0.577      ;
; 0.505 ; counter0[3]  ; counter0[5]  ; u_pll|altpll_component|auto_generated|pll1|clk[0] ; u_pll|altpll_component|auto_generated|pll1|clk[0] ; 0.000        ; 0.036      ; 0.625      ;
; 0.506 ; counter0[1]  ; counter0[3]  ; u_pll|altpll_component|auto_generated|pll1|clk[0] ; u_pll|altpll_component|auto_generated|pll1|clk[0] ; 0.000        ; 0.036      ; 0.626      ;
; 0.506 ; counter0[13] ; counter0[15] ; u_pll|altpll_component|auto_generated|pll1|clk[0] ; u_pll|altpll_component|auto_generated|pll1|clk[0] ; 0.000        ; 0.036      ; 0.626      ;
; 0.506 ; counter0[15] ; counter0[17] ; u_pll|altpll_component|auto_generated|pll1|clk[0] ; u_pll|altpll_component|auto_generated|pll1|clk[0] ; 0.000        ; 0.036      ; 0.626      ;
; 0.506 ; counter0[5]  ; counter0[7]  ; u_pll|altpll_component|auto_generated|pll1|clk[0] ; u_pll|altpll_component|auto_generated|pll1|clk[0] ; 0.000        ; 0.036      ; 0.626      ;
; 0.506 ; counter0[19] ; counter0[21] ; u_pll|altpll_component|auto_generated|pll1|clk[0] ; u_pll|altpll_component|auto_generated|pll1|clk[0] ; 0.000        ; 0.036      ; 0.626      ;
; 0.507 ; counter0[11] ; counter0[13] ; u_pll|altpll_component|auto_generated|pll1|clk[0] ; u_pll|altpll_component|auto_generated|pll1|clk[0] ; 0.000        ; 0.035      ; 0.626      ;
; 0.507 ; counter0[9]  ; counter0[11] ; u_pll|altpll_component|auto_generated|pll1|clk[0] ; u_pll|altpll_component|auto_generated|pll1|clk[0] ; 0.000        ; 0.036      ; 0.627      ;
; 0.507 ; counter0[7]  ; counter0[9]  ; u_pll|altpll_component|auto_generated|pll1|clk[0] ; u_pll|altpll_component|auto_generated|pll1|clk[0] ; 0.000        ; 0.036      ; 0.627      ;
; 0.507 ; counter0[23] ; counter0[25] ; u_pll|altpll_component|auto_generated|pll1|clk[0] ; u_pll|altpll_component|auto_generated|pll1|clk[0] ; 0.000        ; 0.036      ; 0.627      ;
; 0.507 ; counter0[17] ; counter0[19] ; u_pll|altpll_component|auto_generated|pll1|clk[0] ; u_pll|altpll_component|auto_generated|pll1|clk[0] ; 0.000        ; 0.036      ; 0.627      ;
; 0.507 ; counter0[21] ; counter0[23] ; u_pll|altpll_component|auto_generated|pll1|clk[0] ; u_pll|altpll_component|auto_generated|pll1|clk[0] ; 0.000        ; 0.036      ; 0.627      ;
; 0.508 ; counter0[3]  ; counter0[6]  ; u_pll|altpll_component|auto_generated|pll1|clk[0] ; u_pll|altpll_component|auto_generated|pll1|clk[0] ; 0.000        ; 0.036      ; 0.628      ;
; 0.509 ; counter0[1]  ; counter0[4]  ; u_pll|altpll_component|auto_generated|pll1|clk[0] ; u_pll|altpll_component|auto_generated|pll1|clk[0] ; 0.000        ; 0.036      ; 0.629      ;
; 0.509 ; counter0[13] ; counter0[16] ; u_pll|altpll_component|auto_generated|pll1|clk[0] ; u_pll|altpll_component|auto_generated|pll1|clk[0] ; 0.000        ; 0.036      ; 0.629      ;
; 0.509 ; counter0[5]  ; counter0[8]  ; u_pll|altpll_component|auto_generated|pll1|clk[0] ; u_pll|altpll_component|auto_generated|pll1|clk[0] ; 0.000        ; 0.036      ; 0.629      ;
; 0.509 ; counter0[15] ; counter0[18] ; u_pll|altpll_component|auto_generated|pll1|clk[0] ; u_pll|altpll_component|auto_generated|pll1|clk[0] ; 0.000        ; 0.036      ; 0.629      ;
; 0.509 ; counter0[19] ; counter0[22] ; u_pll|altpll_component|auto_generated|pll1|clk[0] ; u_pll|altpll_component|auto_generated|pll1|clk[0] ; 0.000        ; 0.036      ; 0.629      ;
; 0.510 ; counter0[9]  ; counter0[12] ; u_pll|altpll_component|auto_generated|pll1|clk[0] ; u_pll|altpll_component|auto_generated|pll1|clk[0] ; 0.000        ; 0.036      ; 0.630      ;
; 0.510 ; counter0[11] ; counter0[14] ; u_pll|altpll_component|auto_generated|pll1|clk[0] ; u_pll|altpll_component|auto_generated|pll1|clk[0] ; 0.000        ; 0.035      ; 0.629      ;
; 0.510 ; counter0[7]  ; counter0[10] ; u_pll|altpll_component|auto_generated|pll1|clk[0] ; u_pll|altpll_component|auto_generated|pll1|clk[0] ; 0.000        ; 0.036      ; 0.630      ;
; 0.510 ; counter0[17] ; counter0[20] ; u_pll|altpll_component|auto_generated|pll1|clk[0] ; u_pll|altpll_component|auto_generated|pll1|clk[0] ; 0.000        ; 0.036      ; 0.630      ;
; 0.510 ; counter0[21] ; counter0[24] ; u_pll|altpll_component|auto_generated|pll1|clk[0] ; u_pll|altpll_component|auto_generated|pll1|clk[0] ; 0.000        ; 0.036      ; 0.630      ;
; 0.518 ; counter0[2]  ; counter0[5]  ; u_pll|altpll_component|auto_generated|pll1|clk[0] ; u_pll|altpll_component|auto_generated|pll1|clk[0] ; 0.000        ; 0.036      ; 0.638      ;
; 0.518 ; counter0[0]  ; counter0[3]  ; u_pll|altpll_component|auto_generated|pll1|clk[0] ; u_pll|altpll_component|auto_generated|pll1|clk[0] ; 0.000        ; 0.036      ; 0.638      ;
; 0.518 ; counter0[12] ; counter0[15] ; u_pll|altpll_component|auto_generated|pll1|clk[0] ; u_pll|altpll_component|auto_generated|pll1|clk[0] ; 0.000        ; 0.035      ; 0.637      ;
; 0.518 ; counter0[8]  ; counter0[11] ; u_pll|altpll_component|auto_generated|pll1|clk[0] ; u_pll|altpll_component|auto_generated|pll1|clk[0] ; 0.000        ; 0.036      ; 0.638      ;
; 0.519 ; counter0[14] ; counter0[17] ; u_pll|altpll_component|auto_generated|pll1|clk[0] ; u_pll|altpll_component|auto_generated|pll1|clk[0] ; 0.000        ; 0.036      ; 0.639      ;
; 0.519 ; counter0[4]  ; counter0[7]  ; u_pll|altpll_component|auto_generated|pll1|clk[0] ; u_pll|altpll_component|auto_generated|pll1|clk[0] ; 0.000        ; 0.036      ; 0.639      ;
; 0.519 ; counter0[18] ; counter0[21] ; u_pll|altpll_component|auto_generated|pll1|clk[0] ; u_pll|altpll_component|auto_generated|pll1|clk[0] ; 0.000        ; 0.036      ; 0.639      ;
; 0.519 ; counter0[10] ; counter0[13] ; u_pll|altpll_component|auto_generated|pll1|clk[0] ; u_pll|altpll_component|auto_generated|pll1|clk[0] ; 0.000        ; 0.035      ; 0.638      ;
; 0.519 ; counter0[6]  ; counter0[9]  ; u_pll|altpll_component|auto_generated|pll1|clk[0] ; u_pll|altpll_component|auto_generated|pll1|clk[0] ; 0.000        ; 0.036      ; 0.639      ;
; 0.519 ; counter0[16] ; counter0[19] ; u_pll|altpll_component|auto_generated|pll1|clk[0] ; u_pll|altpll_component|auto_generated|pll1|clk[0] ; 0.000        ; 0.036      ; 0.639      ;
; 0.520 ; counter0[22] ; counter0[25] ; u_pll|altpll_component|auto_generated|pll1|clk[0] ; u_pll|altpll_component|auto_generated|pll1|clk[0] ; 0.000        ; 0.036      ; 0.640      ;
; 0.520 ; counter0[20] ; counter0[23] ; u_pll|altpll_component|auto_generated|pll1|clk[0] ; u_pll|altpll_component|auto_generated|pll1|clk[0] ; 0.000        ; 0.036      ; 0.640      ;
; 0.521 ; counter0[2]  ; counter0[6]  ; u_pll|altpll_component|auto_generated|pll1|clk[0] ; u_pll|altpll_component|auto_generated|pll1|clk[0] ; 0.000        ; 0.036      ; 0.641      ;
; 0.521 ; counter0[0]  ; counter0[4]  ; u_pll|altpll_component|auto_generated|pll1|clk[0] ; u_pll|altpll_component|auto_generated|pll1|clk[0] ; 0.000        ; 0.036      ; 0.641      ;
+-------+--------------+--------------+---------------------------------------------------+---------------------------------------------------+--------------+------------+------------+


+--------------------------------------------------------------------------------------------------------------------------------------------------------------------------------------+
; Fast 1200mV 0C Model Hold: 'u_pll|altpll_component|auto_generated|pll1|clk[1]'                                                                                                       ;
+-------+--------------+--------------+---------------------------------------------------+---------------------------------------------------+--------------+------------+------------+
; Slack ; From Node    ; To Node      ; Launch Clock                                      ; Latch Clock                                       ; Relationship ; Clock Skew ; Data Delay ;
+-------+--------------+--------------+---------------------------------------------------+---------------------------------------------------+--------------+------------+------------+
; 0.205 ; counter1[24] ; counter1[24] ; u_pll|altpll_component|auto_generated|pll1|clk[1] ; u_pll|altpll_component|auto_generated|pll1|clk[1] ; 0.000        ; 0.036      ; 0.325      ;
; 0.292 ; counter1[11] ; counter1[11] ; u_pll|altpll_component|auto_generated|pll1|clk[1] ; u_pll|altpll_component|auto_generated|pll1|clk[1] ; 0.000        ; 0.036      ; 0.412      ;
; 0.293 ; counter1[9]  ; counter1[9]  ; u_pll|altpll_component|auto_generated|pll1|clk[1] ; u_pll|altpll_component|auto_generated|pll1|clk[1] ; 0.000        ; 0.036      ; 0.413      ;
; 0.293 ; counter1[7]  ; counter1[7]  ; u_pll|altpll_component|auto_generated|pll1|clk[1] ; u_pll|altpll_component|auto_generated|pll1|clk[1] ; 0.000        ; 0.036      ; 0.413      ;
; 0.293 ; counter1[1]  ; counter1[1]  ; u_pll|altpll_component|auto_generated|pll1|clk[1] ; u_pll|altpll_component|auto_generated|pll1|clk[1] ; 0.000        ; 0.036      ; 0.413      ;
; 0.294 ; counter1[23] ; counter1[23] ; u_pll|altpll_component|auto_generated|pll1|clk[1] ; u_pll|altpll_component|auto_generated|pll1|clk[1] ; 0.000        ; 0.036      ; 0.414      ;
; 0.294 ; counter1[17] ; counter1[17] ; u_pll|altpll_component|auto_generated|pll1|clk[1] ; u_pll|altpll_component|auto_generated|pll1|clk[1] ; 0.000        ; 0.036      ; 0.414      ;
; 0.294 ; counter1[15] ; counter1[15] ; u_pll|altpll_component|auto_generated|pll1|clk[1] ; u_pll|altpll_component|auto_generated|pll1|clk[1] ; 0.000        ; 0.036      ; 0.414      ;
; 0.294 ; counter1[13] ; counter1[13] ; u_pll|altpll_component|auto_generated|pll1|clk[1] ; u_pll|altpll_component|auto_generated|pll1|clk[1] ; 0.000        ; 0.036      ; 0.414      ;
; 0.294 ; counter1[5]  ; counter1[5]  ; u_pll|altpll_component|auto_generated|pll1|clk[1] ; u_pll|altpll_component|auto_generated|pll1|clk[1] ; 0.000        ; 0.036      ; 0.414      ;
; 0.294 ; counter1[3]  ; counter1[3]  ; u_pll|altpll_component|auto_generated|pll1|clk[1] ; u_pll|altpll_component|auto_generated|pll1|clk[1] ; 0.000        ; 0.036      ; 0.414      ;
; 0.294 ; counter1[2]  ; counter1[2]  ; u_pll|altpll_component|auto_generated|pll1|clk[1] ; u_pll|altpll_component|auto_generated|pll1|clk[1] ; 0.000        ; 0.036      ; 0.414      ;
; 0.295 ; counter1[21] ; counter1[21] ; u_pll|altpll_component|auto_generated|pll1|clk[1] ; u_pll|altpll_component|auto_generated|pll1|clk[1] ; 0.000        ; 0.036      ; 0.415      ;
; 0.295 ; counter1[19] ; counter1[19] ; u_pll|altpll_component|auto_generated|pll1|clk[1] ; u_pll|altpll_component|auto_generated|pll1|clk[1] ; 0.000        ; 0.036      ; 0.415      ;
; 0.295 ; counter1[18] ; counter1[18] ; u_pll|altpll_component|auto_generated|pll1|clk[1] ; u_pll|altpll_component|auto_generated|pll1|clk[1] ; 0.000        ; 0.036      ; 0.415      ;
; 0.295 ; counter1[14] ; counter1[14] ; u_pll|altpll_component|auto_generated|pll1|clk[1] ; u_pll|altpll_component|auto_generated|pll1|clk[1] ; 0.000        ; 0.036      ; 0.415      ;
; 0.295 ; counter1[12] ; counter1[12] ; u_pll|altpll_component|auto_generated|pll1|clk[1] ; u_pll|altpll_component|auto_generated|pll1|clk[1] ; 0.000        ; 0.036      ; 0.415      ;
; 0.295 ; counter1[10] ; counter1[10] ; u_pll|altpll_component|auto_generated|pll1|clk[1] ; u_pll|altpll_component|auto_generated|pll1|clk[1] ; 0.000        ; 0.036      ; 0.415      ;
; 0.295 ; counter1[4]  ; counter1[4]  ; u_pll|altpll_component|auto_generated|pll1|clk[1] ; u_pll|altpll_component|auto_generated|pll1|clk[1] ; 0.000        ; 0.036      ; 0.415      ;
; 0.296 ; counter1[22] ; counter1[22] ; u_pll|altpll_component|auto_generated|pll1|clk[1] ; u_pll|altpll_component|auto_generated|pll1|clk[1] ; 0.000        ; 0.036      ; 0.416      ;
; 0.296 ; counter1[20] ; counter1[20] ; u_pll|altpll_component|auto_generated|pll1|clk[1] ; u_pll|altpll_component|auto_generated|pll1|clk[1] ; 0.000        ; 0.036      ; 0.416      ;
; 0.296 ; counter1[16] ; counter1[16] ; u_pll|altpll_component|auto_generated|pll1|clk[1] ; u_pll|altpll_component|auto_generated|pll1|clk[1] ; 0.000        ; 0.036      ; 0.416      ;
; 0.296 ; counter1[8]  ; counter1[8]  ; u_pll|altpll_component|auto_generated|pll1|clk[1] ; u_pll|altpll_component|auto_generated|pll1|clk[1] ; 0.000        ; 0.036      ; 0.416      ;
; 0.296 ; counter1[6]  ; counter1[6]  ; u_pll|altpll_component|auto_generated|pll1|clk[1] ; u_pll|altpll_component|auto_generated|pll1|clk[1] ; 0.000        ; 0.036      ; 0.416      ;
; 0.306 ; counter1[0]  ; counter1[0]  ; u_pll|altpll_component|auto_generated|pll1|clk[1] ; u_pll|altpll_component|auto_generated|pll1|clk[1] ; 0.000        ; 0.036      ; 0.426      ;
; 0.441 ; counter1[11] ; counter1[12] ; u_pll|altpll_component|auto_generated|pll1|clk[1] ; u_pll|altpll_component|auto_generated|pll1|clk[1] ; 0.000        ; 0.036      ; 0.561      ;
; 0.442 ; counter1[1]  ; counter1[2]  ; u_pll|altpll_component|auto_generated|pll1|clk[1] ; u_pll|altpll_component|auto_generated|pll1|clk[1] ; 0.000        ; 0.036      ; 0.562      ;
; 0.442 ; counter1[9]  ; counter1[10] ; u_pll|altpll_component|auto_generated|pll1|clk[1] ; u_pll|altpll_component|auto_generated|pll1|clk[1] ; 0.000        ; 0.036      ; 0.562      ;
; 0.442 ; counter1[7]  ; counter1[8]  ; u_pll|altpll_component|auto_generated|pll1|clk[1] ; u_pll|altpll_component|auto_generated|pll1|clk[1] ; 0.000        ; 0.036      ; 0.562      ;
; 0.443 ; counter1[23] ; counter1[24] ; u_pll|altpll_component|auto_generated|pll1|clk[1] ; u_pll|altpll_component|auto_generated|pll1|clk[1] ; 0.000        ; 0.036      ; 0.563      ;
; 0.443 ; counter1[17] ; counter1[18] ; u_pll|altpll_component|auto_generated|pll1|clk[1] ; u_pll|altpll_component|auto_generated|pll1|clk[1] ; 0.000        ; 0.036      ; 0.563      ;
; 0.443 ; counter1[13] ; counter1[14] ; u_pll|altpll_component|auto_generated|pll1|clk[1] ; u_pll|altpll_component|auto_generated|pll1|clk[1] ; 0.000        ; 0.036      ; 0.563      ;
; 0.443 ; counter1[3]  ; counter1[4]  ; u_pll|altpll_component|auto_generated|pll1|clk[1] ; u_pll|altpll_component|auto_generated|pll1|clk[1] ; 0.000        ; 0.036      ; 0.563      ;
; 0.443 ; counter1[15] ; counter1[16] ; u_pll|altpll_component|auto_generated|pll1|clk[1] ; u_pll|altpll_component|auto_generated|pll1|clk[1] ; 0.000        ; 0.036      ; 0.563      ;
; 0.443 ; counter1[5]  ; counter1[6]  ; u_pll|altpll_component|auto_generated|pll1|clk[1] ; u_pll|altpll_component|auto_generated|pll1|clk[1] ; 0.000        ; 0.036      ; 0.563      ;
; 0.444 ; counter1[21] ; counter1[22] ; u_pll|altpll_component|auto_generated|pll1|clk[1] ; u_pll|altpll_component|auto_generated|pll1|clk[1] ; 0.000        ; 0.036      ; 0.564      ;
; 0.444 ; counter1[19] ; counter1[20] ; u_pll|altpll_component|auto_generated|pll1|clk[1] ; u_pll|altpll_component|auto_generated|pll1|clk[1] ; 0.000        ; 0.036      ; 0.564      ;
; 0.452 ; counter1[2]  ; counter1[3]  ; u_pll|altpll_component|auto_generated|pll1|clk[1] ; u_pll|altpll_component|auto_generated|pll1|clk[1] ; 0.000        ; 0.036      ; 0.572      ;
; 0.453 ; counter1[10] ; counter1[11] ; u_pll|altpll_component|auto_generated|pll1|clk[1] ; u_pll|altpll_component|auto_generated|pll1|clk[1] ; 0.000        ; 0.036      ; 0.573      ;
; 0.453 ; counter1[0]  ; counter1[1]  ; u_pll|altpll_component|auto_generated|pll1|clk[1] ; u_pll|altpll_component|auto_generated|pll1|clk[1] ; 0.000        ; 0.036      ; 0.573      ;
; 0.453 ; counter1[14] ; counter1[15] ; u_pll|altpll_component|auto_generated|pll1|clk[1] ; u_pll|altpll_component|auto_generated|pll1|clk[1] ; 0.000        ; 0.036      ; 0.573      ;
; 0.453 ; counter1[12] ; counter1[13] ; u_pll|altpll_component|auto_generated|pll1|clk[1] ; u_pll|altpll_component|auto_generated|pll1|clk[1] ; 0.000        ; 0.036      ; 0.573      ;
; 0.453 ; counter1[4]  ; counter1[5]  ; u_pll|altpll_component|auto_generated|pll1|clk[1] ; u_pll|altpll_component|auto_generated|pll1|clk[1] ; 0.000        ; 0.036      ; 0.573      ;
; 0.453 ; counter1[18] ; counter1[19] ; u_pll|altpll_component|auto_generated|pll1|clk[1] ; u_pll|altpll_component|auto_generated|pll1|clk[1] ; 0.000        ; 0.036      ; 0.573      ;
; 0.454 ; counter1[8]  ; counter1[9]  ; u_pll|altpll_component|auto_generated|pll1|clk[1] ; u_pll|altpll_component|auto_generated|pll1|clk[1] ; 0.000        ; 0.036      ; 0.574      ;
; 0.454 ; counter1[6]  ; counter1[7]  ; u_pll|altpll_component|auto_generated|pll1|clk[1] ; u_pll|altpll_component|auto_generated|pll1|clk[1] ; 0.000        ; 0.036      ; 0.574      ;
; 0.454 ; counter1[22] ; counter1[23] ; u_pll|altpll_component|auto_generated|pll1|clk[1] ; u_pll|altpll_component|auto_generated|pll1|clk[1] ; 0.000        ; 0.036      ; 0.574      ;
; 0.454 ; counter1[16] ; counter1[17] ; u_pll|altpll_component|auto_generated|pll1|clk[1] ; u_pll|altpll_component|auto_generated|pll1|clk[1] ; 0.000        ; 0.036      ; 0.574      ;
; 0.454 ; counter1[20] ; counter1[21] ; u_pll|altpll_component|auto_generated|pll1|clk[1] ; u_pll|altpll_component|auto_generated|pll1|clk[1] ; 0.000        ; 0.036      ; 0.574      ;
; 0.455 ; counter1[2]  ; counter1[4]  ; u_pll|altpll_component|auto_generated|pll1|clk[1] ; u_pll|altpll_component|auto_generated|pll1|clk[1] ; 0.000        ; 0.036      ; 0.575      ;
; 0.456 ; counter1[10] ; counter1[12] ; u_pll|altpll_component|auto_generated|pll1|clk[1] ; u_pll|altpll_component|auto_generated|pll1|clk[1] ; 0.000        ; 0.036      ; 0.576      ;
; 0.456 ; counter1[0]  ; counter1[2]  ; u_pll|altpll_component|auto_generated|pll1|clk[1] ; u_pll|altpll_component|auto_generated|pll1|clk[1] ; 0.000        ; 0.036      ; 0.576      ;
; 0.456 ; counter1[12] ; counter1[14] ; u_pll|altpll_component|auto_generated|pll1|clk[1] ; u_pll|altpll_component|auto_generated|pll1|clk[1] ; 0.000        ; 0.036      ; 0.576      ;
; 0.456 ; counter1[14] ; counter1[16] ; u_pll|altpll_component|auto_generated|pll1|clk[1] ; u_pll|altpll_component|auto_generated|pll1|clk[1] ; 0.000        ; 0.036      ; 0.576      ;
; 0.456 ; counter1[4]  ; counter1[6]  ; u_pll|altpll_component|auto_generated|pll1|clk[1] ; u_pll|altpll_component|auto_generated|pll1|clk[1] ; 0.000        ; 0.036      ; 0.576      ;
; 0.456 ; counter1[18] ; counter1[20] ; u_pll|altpll_component|auto_generated|pll1|clk[1] ; u_pll|altpll_component|auto_generated|pll1|clk[1] ; 0.000        ; 0.036      ; 0.576      ;
; 0.457 ; counter1[8]  ; counter1[10] ; u_pll|altpll_component|auto_generated|pll1|clk[1] ; u_pll|altpll_component|auto_generated|pll1|clk[1] ; 0.000        ; 0.036      ; 0.577      ;
; 0.457 ; counter1[6]  ; counter1[8]  ; u_pll|altpll_component|auto_generated|pll1|clk[1] ; u_pll|altpll_component|auto_generated|pll1|clk[1] ; 0.000        ; 0.036      ; 0.577      ;
; 0.457 ; counter1[22] ; counter1[24] ; u_pll|altpll_component|auto_generated|pll1|clk[1] ; u_pll|altpll_component|auto_generated|pll1|clk[1] ; 0.000        ; 0.036      ; 0.577      ;
; 0.457 ; counter1[16] ; counter1[18] ; u_pll|altpll_component|auto_generated|pll1|clk[1] ; u_pll|altpll_component|auto_generated|pll1|clk[1] ; 0.000        ; 0.036      ; 0.577      ;
; 0.457 ; counter1[20] ; counter1[22] ; u_pll|altpll_component|auto_generated|pll1|clk[1] ; u_pll|altpll_component|auto_generated|pll1|clk[1] ; 0.000        ; 0.036      ; 0.577      ;
; 0.504 ; counter1[11] ; counter1[13] ; u_pll|altpll_component|auto_generated|pll1|clk[1] ; u_pll|altpll_component|auto_generated|pll1|clk[1] ; 0.000        ; 0.036      ; 0.624      ;
; 0.505 ; counter1[1]  ; counter1[3]  ; u_pll|altpll_component|auto_generated|pll1|clk[1] ; u_pll|altpll_component|auto_generated|pll1|clk[1] ; 0.000        ; 0.036      ; 0.625      ;
; 0.505 ; counter1[9]  ; counter1[11] ; u_pll|altpll_component|auto_generated|pll1|clk[1] ; u_pll|altpll_component|auto_generated|pll1|clk[1] ; 0.000        ; 0.036      ; 0.625      ;
; 0.505 ; counter1[7]  ; counter1[9]  ; u_pll|altpll_component|auto_generated|pll1|clk[1] ; u_pll|altpll_component|auto_generated|pll1|clk[1] ; 0.000        ; 0.036      ; 0.625      ;
; 0.506 ; counter1[13] ; counter1[15] ; u_pll|altpll_component|auto_generated|pll1|clk[1] ; u_pll|altpll_component|auto_generated|pll1|clk[1] ; 0.000        ; 0.036      ; 0.626      ;
; 0.506 ; counter1[3]  ; counter1[5]  ; u_pll|altpll_component|auto_generated|pll1|clk[1] ; u_pll|altpll_component|auto_generated|pll1|clk[1] ; 0.000        ; 0.036      ; 0.626      ;
; 0.506 ; counter1[17] ; counter1[19] ; u_pll|altpll_component|auto_generated|pll1|clk[1] ; u_pll|altpll_component|auto_generated|pll1|clk[1] ; 0.000        ; 0.036      ; 0.626      ;
; 0.506 ; counter1[5]  ; counter1[7]  ; u_pll|altpll_component|auto_generated|pll1|clk[1] ; u_pll|altpll_component|auto_generated|pll1|clk[1] ; 0.000        ; 0.036      ; 0.626      ;
; 0.506 ; counter1[15] ; counter1[17] ; u_pll|altpll_component|auto_generated|pll1|clk[1] ; u_pll|altpll_component|auto_generated|pll1|clk[1] ; 0.000        ; 0.036      ; 0.626      ;
; 0.507 ; counter1[21] ; counter1[23] ; u_pll|altpll_component|auto_generated|pll1|clk[1] ; u_pll|altpll_component|auto_generated|pll1|clk[1] ; 0.000        ; 0.036      ; 0.627      ;
; 0.507 ; counter1[19] ; counter1[21] ; u_pll|altpll_component|auto_generated|pll1|clk[1] ; u_pll|altpll_component|auto_generated|pll1|clk[1] ; 0.000        ; 0.036      ; 0.627      ;
; 0.507 ; counter1[11] ; counter1[14] ; u_pll|altpll_component|auto_generated|pll1|clk[1] ; u_pll|altpll_component|auto_generated|pll1|clk[1] ; 0.000        ; 0.036      ; 0.627      ;
; 0.508 ; counter1[1]  ; counter1[4]  ; u_pll|altpll_component|auto_generated|pll1|clk[1] ; u_pll|altpll_component|auto_generated|pll1|clk[1] ; 0.000        ; 0.036      ; 0.628      ;
; 0.508 ; counter1[9]  ; counter1[12] ; u_pll|altpll_component|auto_generated|pll1|clk[1] ; u_pll|altpll_component|auto_generated|pll1|clk[1] ; 0.000        ; 0.036      ; 0.628      ;
; 0.508 ; counter1[7]  ; counter1[10] ; u_pll|altpll_component|auto_generated|pll1|clk[1] ; u_pll|altpll_component|auto_generated|pll1|clk[1] ; 0.000        ; 0.036      ; 0.628      ;
; 0.509 ; counter1[13] ; counter1[16] ; u_pll|altpll_component|auto_generated|pll1|clk[1] ; u_pll|altpll_component|auto_generated|pll1|clk[1] ; 0.000        ; 0.036      ; 0.629      ;
; 0.509 ; counter1[3]  ; counter1[6]  ; u_pll|altpll_component|auto_generated|pll1|clk[1] ; u_pll|altpll_component|auto_generated|pll1|clk[1] ; 0.000        ; 0.036      ; 0.629      ;
; 0.509 ; counter1[17] ; counter1[20] ; u_pll|altpll_component|auto_generated|pll1|clk[1] ; u_pll|altpll_component|auto_generated|pll1|clk[1] ; 0.000        ; 0.036      ; 0.629      ;
; 0.509 ; counter1[5]  ; counter1[8]  ; u_pll|altpll_component|auto_generated|pll1|clk[1] ; u_pll|altpll_component|auto_generated|pll1|clk[1] ; 0.000        ; 0.036      ; 0.629      ;
; 0.509 ; counter1[15] ; counter1[18] ; u_pll|altpll_component|auto_generated|pll1|clk[1] ; u_pll|altpll_component|auto_generated|pll1|clk[1] ; 0.000        ; 0.036      ; 0.629      ;
; 0.510 ; counter1[21] ; counter1[24] ; u_pll|altpll_component|auto_generated|pll1|clk[1] ; u_pll|altpll_component|auto_generated|pll1|clk[1] ; 0.000        ; 0.036      ; 0.630      ;
; 0.510 ; counter1[19] ; counter1[22] ; u_pll|altpll_component|auto_generated|pll1|clk[1] ; u_pll|altpll_component|auto_generated|pll1|clk[1] ; 0.000        ; 0.036      ; 0.630      ;
; 0.518 ; counter1[2]  ; counter1[5]  ; u_pll|altpll_component|auto_generated|pll1|clk[1] ; u_pll|altpll_component|auto_generated|pll1|clk[1] ; 0.000        ; 0.036      ; 0.638      ;
; 0.519 ; counter1[10] ; counter1[13] ; u_pll|altpll_component|auto_generated|pll1|clk[1] ; u_pll|altpll_component|auto_generated|pll1|clk[1] ; 0.000        ; 0.036      ; 0.639      ;
; 0.519 ; counter1[0]  ; counter1[3]  ; u_pll|altpll_component|auto_generated|pll1|clk[1] ; u_pll|altpll_component|auto_generated|pll1|clk[1] ; 0.000        ; 0.036      ; 0.639      ;
; 0.519 ; counter1[12] ; counter1[15] ; u_pll|altpll_component|auto_generated|pll1|clk[1] ; u_pll|altpll_component|auto_generated|pll1|clk[1] ; 0.000        ; 0.036      ; 0.639      ;
; 0.519 ; counter1[4]  ; counter1[7]  ; u_pll|altpll_component|auto_generated|pll1|clk[1] ; u_pll|altpll_component|auto_generated|pll1|clk[1] ; 0.000        ; 0.036      ; 0.639      ;
; 0.519 ; counter1[14] ; counter1[17] ; u_pll|altpll_component|auto_generated|pll1|clk[1] ; u_pll|altpll_component|auto_generated|pll1|clk[1] ; 0.000        ; 0.036      ; 0.639      ;
; 0.519 ; counter1[18] ; counter1[21] ; u_pll|altpll_component|auto_generated|pll1|clk[1] ; u_pll|altpll_component|auto_generated|pll1|clk[1] ; 0.000        ; 0.036      ; 0.639      ;
; 0.520 ; counter1[8]  ; counter1[11] ; u_pll|altpll_component|auto_generated|pll1|clk[1] ; u_pll|altpll_component|auto_generated|pll1|clk[1] ; 0.000        ; 0.036      ; 0.640      ;
; 0.520 ; counter1[6]  ; counter1[9]  ; u_pll|altpll_component|auto_generated|pll1|clk[1] ; u_pll|altpll_component|auto_generated|pll1|clk[1] ; 0.000        ; 0.036      ; 0.640      ;
; 0.520 ; counter1[16] ; counter1[19] ; u_pll|altpll_component|auto_generated|pll1|clk[1] ; u_pll|altpll_component|auto_generated|pll1|clk[1] ; 0.000        ; 0.036      ; 0.640      ;
; 0.520 ; counter1[20] ; counter1[23] ; u_pll|altpll_component|auto_generated|pll1|clk[1] ; u_pll|altpll_component|auto_generated|pll1|clk[1] ; 0.000        ; 0.036      ; 0.640      ;
; 0.521 ; counter1[2]  ; counter1[6]  ; u_pll|altpll_component|auto_generated|pll1|clk[1] ; u_pll|altpll_component|auto_generated|pll1|clk[1] ; 0.000        ; 0.036      ; 0.641      ;
; 0.522 ; counter1[10] ; counter1[14] ; u_pll|altpll_component|auto_generated|pll1|clk[1] ; u_pll|altpll_component|auto_generated|pll1|clk[1] ; 0.000        ; 0.036      ; 0.642      ;
; 0.522 ; counter1[0]  ; counter1[4]  ; u_pll|altpll_component|auto_generated|pll1|clk[1] ; u_pll|altpll_component|auto_generated|pll1|clk[1] ; 0.000        ; 0.036      ; 0.642      ;
; 0.522 ; counter1[12] ; counter1[16] ; u_pll|altpll_component|auto_generated|pll1|clk[1] ; u_pll|altpll_component|auto_generated|pll1|clk[1] ; 0.000        ; 0.036      ; 0.642      ;
; 0.522 ; counter1[4]  ; counter1[8]  ; u_pll|altpll_component|auto_generated|pll1|clk[1] ; u_pll|altpll_component|auto_generated|pll1|clk[1] ; 0.000        ; 0.036      ; 0.642      ;
; 0.522 ; counter1[14] ; counter1[18] ; u_pll|altpll_component|auto_generated|pll1|clk[1] ; u_pll|altpll_component|auto_generated|pll1|clk[1] ; 0.000        ; 0.036      ; 0.642      ;
+-------+--------------+--------------+---------------------------------------------------+---------------------------------------------------+--------------+------------+------------+


+--------------------------------------------------------------------------------------------------------------------------------------------------------------------------------------+
; Fast 1200mV 0C Model Hold: 'u_pll|altpll_component|auto_generated|pll1|clk[2]'                                                                                                       ;
+-------+--------------+--------------+---------------------------------------------------+---------------------------------------------------+--------------+------------+------------+
; Slack ; From Node    ; To Node      ; Launch Clock                                      ; Latch Clock                                       ; Relationship ; Clock Skew ; Data Delay ;
+-------+--------------+--------------+---------------------------------------------------+---------------------------------------------------+--------------+------------+------------+
; 0.292 ; counter2[11] ; counter2[11] ; u_pll|altpll_component|auto_generated|pll1|clk[2] ; u_pll|altpll_component|auto_generated|pll1|clk[2] ; 0.000        ; 0.036      ; 0.412      ;
; 0.293 ; counter2[9]  ; counter2[9]  ; u_pll|altpll_component|auto_generated|pll1|clk[2] ; u_pll|altpll_component|auto_generated|pll1|clk[2] ; 0.000        ; 0.036      ; 0.413      ;
; 0.293 ; counter2[7]  ; counter2[7]  ; u_pll|altpll_component|auto_generated|pll1|clk[2] ; u_pll|altpll_component|auto_generated|pll1|clk[2] ; 0.000        ; 0.036      ; 0.413      ;
; 0.293 ; counter2[1]  ; counter2[1]  ; u_pll|altpll_component|auto_generated|pll1|clk[2] ; u_pll|altpll_component|auto_generated|pll1|clk[2] ; 0.000        ; 0.036      ; 0.413      ;
; 0.294 ; counter2[17] ; counter2[17] ; u_pll|altpll_component|auto_generated|pll1|clk[2] ; u_pll|altpll_component|auto_generated|pll1|clk[2] ; 0.000        ; 0.036      ; 0.414      ;
; 0.294 ; counter2[15] ; counter2[15] ; u_pll|altpll_component|auto_generated|pll1|clk[2] ; u_pll|altpll_component|auto_generated|pll1|clk[2] ; 0.000        ; 0.036      ; 0.414      ;
; 0.294 ; counter2[13] ; counter2[13] ; u_pll|altpll_component|auto_generated|pll1|clk[2] ; u_pll|altpll_component|auto_generated|pll1|clk[2] ; 0.000        ; 0.036      ; 0.414      ;
; 0.294 ; counter2[3]  ; counter2[3]  ; u_pll|altpll_component|auto_generated|pll1|clk[2] ; u_pll|altpll_component|auto_generated|pll1|clk[2] ; 0.000        ; 0.036      ; 0.414      ;
; 0.294 ; counter2[2]  ; counter2[2]  ; u_pll|altpll_component|auto_generated|pll1|clk[2] ; u_pll|altpll_component|auto_generated|pll1|clk[2] ; 0.000        ; 0.036      ; 0.414      ;
; 0.295 ; counter2[21] ; counter2[21] ; u_pll|altpll_component|auto_generated|pll1|clk[2] ; u_pll|altpll_component|auto_generated|pll1|clk[2] ; 0.000        ; 0.036      ; 0.415      ;
; 0.295 ; counter2[19] ; counter2[19] ; u_pll|altpll_component|auto_generated|pll1|clk[2] ; u_pll|altpll_component|auto_generated|pll1|clk[2] ; 0.000        ; 0.036      ; 0.415      ;
; 0.295 ; counter2[18] ; counter2[18] ; u_pll|altpll_component|auto_generated|pll1|clk[2] ; u_pll|altpll_component|auto_generated|pll1|clk[2] ; 0.000        ; 0.036      ; 0.415      ;
; 0.295 ; counter2[12] ; counter2[12] ; u_pll|altpll_component|auto_generated|pll1|clk[2] ; u_pll|altpll_component|auto_generated|pll1|clk[2] ; 0.000        ; 0.036      ; 0.415      ;
; 0.295 ; counter2[10] ; counter2[10] ; u_pll|altpll_component|auto_generated|pll1|clk[2] ; u_pll|altpll_component|auto_generated|pll1|clk[2] ; 0.000        ; 0.036      ; 0.415      ;
; 0.295 ; counter2[5]  ; counter2[5]  ; u_pll|altpll_component|auto_generated|pll1|clk[2] ; u_pll|altpll_component|auto_generated|pll1|clk[2] ; 0.000        ; 0.036      ; 0.415      ;
; 0.295 ; counter2[4]  ; counter2[4]  ; u_pll|altpll_component|auto_generated|pll1|clk[2] ; u_pll|altpll_component|auto_generated|pll1|clk[2] ; 0.000        ; 0.036      ; 0.415      ;
; 0.296 ; counter2[22] ; counter2[22] ; u_pll|altpll_component|auto_generated|pll1|clk[2] ; u_pll|altpll_component|auto_generated|pll1|clk[2] ; 0.000        ; 0.036      ; 0.416      ;
; 0.296 ; counter2[20] ; counter2[20] ; u_pll|altpll_component|auto_generated|pll1|clk[2] ; u_pll|altpll_component|auto_generated|pll1|clk[2] ; 0.000        ; 0.036      ; 0.416      ;
; 0.296 ; counter2[16] ; counter2[16] ; u_pll|altpll_component|auto_generated|pll1|clk[2] ; u_pll|altpll_component|auto_generated|pll1|clk[2] ; 0.000        ; 0.036      ; 0.416      ;
; 0.296 ; counter2[14] ; counter2[14] ; u_pll|altpll_component|auto_generated|pll1|clk[2] ; u_pll|altpll_component|auto_generated|pll1|clk[2] ; 0.000        ; 0.036      ; 0.416      ;
; 0.296 ; counter2[8]  ; counter2[8]  ; u_pll|altpll_component|auto_generated|pll1|clk[2] ; u_pll|altpll_component|auto_generated|pll1|clk[2] ; 0.000        ; 0.036      ; 0.416      ;
; 0.296 ; counter2[6]  ; counter2[6]  ; u_pll|altpll_component|auto_generated|pll1|clk[2] ; u_pll|altpll_component|auto_generated|pll1|clk[2] ; 0.000        ; 0.036      ; 0.416      ;
; 0.305 ; counter2[23] ; counter2[23] ; u_pll|altpll_component|auto_generated|pll1|clk[2] ; u_pll|altpll_component|auto_generated|pll1|clk[2] ; 0.000        ; 0.036      ; 0.425      ;
; 0.306 ; counter2[0]  ; counter2[0]  ; u_pll|altpll_component|auto_generated|pll1|clk[2] ; u_pll|altpll_component|auto_generated|pll1|clk[2] ; 0.000        ; 0.036      ; 0.426      ;
; 0.441 ; counter2[11] ; counter2[12] ; u_pll|altpll_component|auto_generated|pll1|clk[2] ; u_pll|altpll_component|auto_generated|pll1|clk[2] ; 0.000        ; 0.036      ; 0.561      ;
; 0.442 ; counter2[1]  ; counter2[2]  ; u_pll|altpll_component|auto_generated|pll1|clk[2] ; u_pll|altpll_component|auto_generated|pll1|clk[2] ; 0.000        ; 0.036      ; 0.562      ;
; 0.442 ; counter2[9]  ; counter2[10] ; u_pll|altpll_component|auto_generated|pll1|clk[2] ; u_pll|altpll_component|auto_generated|pll1|clk[2] ; 0.000        ; 0.036      ; 0.562      ;
; 0.442 ; counter2[7]  ; counter2[8]  ; u_pll|altpll_component|auto_generated|pll1|clk[2] ; u_pll|altpll_component|auto_generated|pll1|clk[2] ; 0.000        ; 0.036      ; 0.562      ;
; 0.443 ; counter2[17] ; counter2[18] ; u_pll|altpll_component|auto_generated|pll1|clk[2] ; u_pll|altpll_component|auto_generated|pll1|clk[2] ; 0.000        ; 0.036      ; 0.563      ;
; 0.443 ; counter2[3]  ; counter2[4]  ; u_pll|altpll_component|auto_generated|pll1|clk[2] ; u_pll|altpll_component|auto_generated|pll1|clk[2] ; 0.000        ; 0.036      ; 0.563      ;
; 0.443 ; counter2[15] ; counter2[16] ; u_pll|altpll_component|auto_generated|pll1|clk[2] ; u_pll|altpll_component|auto_generated|pll1|clk[2] ; 0.000        ; 0.036      ; 0.563      ;
; 0.443 ; counter2[13] ; counter2[14] ; u_pll|altpll_component|auto_generated|pll1|clk[2] ; u_pll|altpll_component|auto_generated|pll1|clk[2] ; 0.000        ; 0.036      ; 0.563      ;
; 0.444 ; counter2[21] ; counter2[22] ; u_pll|altpll_component|auto_generated|pll1|clk[2] ; u_pll|altpll_component|auto_generated|pll1|clk[2] ; 0.000        ; 0.036      ; 0.564      ;
; 0.444 ; counter2[19] ; counter2[20] ; u_pll|altpll_component|auto_generated|pll1|clk[2] ; u_pll|altpll_component|auto_generated|pll1|clk[2] ; 0.000        ; 0.036      ; 0.564      ;
; 0.444 ; counter2[5]  ; counter2[6]  ; u_pll|altpll_component|auto_generated|pll1|clk[2] ; u_pll|altpll_component|auto_generated|pll1|clk[2] ; 0.000        ; 0.036      ; 0.564      ;
; 0.452 ; counter2[2]  ; counter2[3]  ; u_pll|altpll_component|auto_generated|pll1|clk[2] ; u_pll|altpll_component|auto_generated|pll1|clk[2] ; 0.000        ; 0.036      ; 0.572      ;
; 0.453 ; counter2[10] ; counter2[11] ; u_pll|altpll_component|auto_generated|pll1|clk[2] ; u_pll|altpll_component|auto_generated|pll1|clk[2] ; 0.000        ; 0.036      ; 0.573      ;
; 0.453 ; counter2[0]  ; counter2[1]  ; u_pll|altpll_component|auto_generated|pll1|clk[2] ; u_pll|altpll_component|auto_generated|pll1|clk[2] ; 0.000        ; 0.036      ; 0.573      ;
; 0.453 ; counter2[12] ; counter2[13] ; u_pll|altpll_component|auto_generated|pll1|clk[2] ; u_pll|altpll_component|auto_generated|pll1|clk[2] ; 0.000        ; 0.036      ; 0.573      ;
; 0.453 ; counter2[18] ; counter2[19] ; u_pll|altpll_component|auto_generated|pll1|clk[2] ; u_pll|altpll_component|auto_generated|pll1|clk[2] ; 0.000        ; 0.036      ; 0.573      ;
; 0.453 ; counter2[4]  ; counter2[5]  ; u_pll|altpll_component|auto_generated|pll1|clk[2] ; u_pll|altpll_component|auto_generated|pll1|clk[2] ; 0.000        ; 0.036      ; 0.573      ;
; 0.454 ; counter2[8]  ; counter2[9]  ; u_pll|altpll_component|auto_generated|pll1|clk[2] ; u_pll|altpll_component|auto_generated|pll1|clk[2] ; 0.000        ; 0.036      ; 0.574      ;
; 0.454 ; counter2[6]  ; counter2[7]  ; u_pll|altpll_component|auto_generated|pll1|clk[2] ; u_pll|altpll_component|auto_generated|pll1|clk[2] ; 0.000        ; 0.036      ; 0.574      ;
; 0.454 ; counter2[16] ; counter2[17] ; u_pll|altpll_component|auto_generated|pll1|clk[2] ; u_pll|altpll_component|auto_generated|pll1|clk[2] ; 0.000        ; 0.036      ; 0.574      ;
; 0.454 ; counter2[14] ; counter2[15] ; u_pll|altpll_component|auto_generated|pll1|clk[2] ; u_pll|altpll_component|auto_generated|pll1|clk[2] ; 0.000        ; 0.036      ; 0.574      ;
; 0.454 ; counter2[20] ; counter2[21] ; u_pll|altpll_component|auto_generated|pll1|clk[2] ; u_pll|altpll_component|auto_generated|pll1|clk[2] ; 0.000        ; 0.036      ; 0.574      ;
; 0.454 ; counter2[22] ; counter2[23] ; u_pll|altpll_component|auto_generated|pll1|clk[2] ; u_pll|altpll_component|auto_generated|pll1|clk[2] ; 0.000        ; 0.036      ; 0.574      ;
; 0.455 ; counter2[2]  ; counter2[4]  ; u_pll|altpll_component|auto_generated|pll1|clk[2] ; u_pll|altpll_component|auto_generated|pll1|clk[2] ; 0.000        ; 0.036      ; 0.575      ;
; 0.456 ; counter2[10] ; counter2[12] ; u_pll|altpll_component|auto_generated|pll1|clk[2] ; u_pll|altpll_component|auto_generated|pll1|clk[2] ; 0.000        ; 0.036      ; 0.576      ;
; 0.456 ; counter2[0]  ; counter2[2]  ; u_pll|altpll_component|auto_generated|pll1|clk[2] ; u_pll|altpll_component|auto_generated|pll1|clk[2] ; 0.000        ; 0.036      ; 0.576      ;
; 0.456 ; counter2[12] ; counter2[14] ; u_pll|altpll_component|auto_generated|pll1|clk[2] ; u_pll|altpll_component|auto_generated|pll1|clk[2] ; 0.000        ; 0.036      ; 0.576      ;
; 0.456 ; counter2[18] ; counter2[20] ; u_pll|altpll_component|auto_generated|pll1|clk[2] ; u_pll|altpll_component|auto_generated|pll1|clk[2] ; 0.000        ; 0.036      ; 0.576      ;
; 0.456 ; counter2[4]  ; counter2[6]  ; u_pll|altpll_component|auto_generated|pll1|clk[2] ; u_pll|altpll_component|auto_generated|pll1|clk[2] ; 0.000        ; 0.036      ; 0.576      ;
; 0.457 ; counter2[8]  ; counter2[10] ; u_pll|altpll_component|auto_generated|pll1|clk[2] ; u_pll|altpll_component|auto_generated|pll1|clk[2] ; 0.000        ; 0.036      ; 0.577      ;
; 0.457 ; counter2[6]  ; counter2[8]  ; u_pll|altpll_component|auto_generated|pll1|clk[2] ; u_pll|altpll_component|auto_generated|pll1|clk[2] ; 0.000        ; 0.036      ; 0.577      ;
; 0.457 ; counter2[16] ; counter2[18] ; u_pll|altpll_component|auto_generated|pll1|clk[2] ; u_pll|altpll_component|auto_generated|pll1|clk[2] ; 0.000        ; 0.036      ; 0.577      ;
; 0.457 ; counter2[14] ; counter2[16] ; u_pll|altpll_component|auto_generated|pll1|clk[2] ; u_pll|altpll_component|auto_generated|pll1|clk[2] ; 0.000        ; 0.036      ; 0.577      ;
; 0.457 ; counter2[20] ; counter2[22] ; u_pll|altpll_component|auto_generated|pll1|clk[2] ; u_pll|altpll_component|auto_generated|pll1|clk[2] ; 0.000        ; 0.036      ; 0.577      ;
; 0.504 ; counter2[11] ; counter2[13] ; u_pll|altpll_component|auto_generated|pll1|clk[2] ; u_pll|altpll_component|auto_generated|pll1|clk[2] ; 0.000        ; 0.036      ; 0.624      ;
; 0.505 ; counter2[1]  ; counter2[3]  ; u_pll|altpll_component|auto_generated|pll1|clk[2] ; u_pll|altpll_component|auto_generated|pll1|clk[2] ; 0.000        ; 0.036      ; 0.625      ;
; 0.505 ; counter2[9]  ; counter2[11] ; u_pll|altpll_component|auto_generated|pll1|clk[2] ; u_pll|altpll_component|auto_generated|pll1|clk[2] ; 0.000        ; 0.036      ; 0.625      ;
; 0.505 ; counter2[7]  ; counter2[9]  ; u_pll|altpll_component|auto_generated|pll1|clk[2] ; u_pll|altpll_component|auto_generated|pll1|clk[2] ; 0.000        ; 0.036      ; 0.625      ;
; 0.506 ; counter2[17] ; counter2[19] ; u_pll|altpll_component|auto_generated|pll1|clk[2] ; u_pll|altpll_component|auto_generated|pll1|clk[2] ; 0.000        ; 0.036      ; 0.626      ;
; 0.506 ; counter2[3]  ; counter2[5]  ; u_pll|altpll_component|auto_generated|pll1|clk[2] ; u_pll|altpll_component|auto_generated|pll1|clk[2] ; 0.000        ; 0.036      ; 0.626      ;
; 0.506 ; counter2[15] ; counter2[17] ; u_pll|altpll_component|auto_generated|pll1|clk[2] ; u_pll|altpll_component|auto_generated|pll1|clk[2] ; 0.000        ; 0.036      ; 0.626      ;
; 0.506 ; counter2[13] ; counter2[15] ; u_pll|altpll_component|auto_generated|pll1|clk[2] ; u_pll|altpll_component|auto_generated|pll1|clk[2] ; 0.000        ; 0.036      ; 0.626      ;
; 0.507 ; counter2[5]  ; counter2[7]  ; u_pll|altpll_component|auto_generated|pll1|clk[2] ; u_pll|altpll_component|auto_generated|pll1|clk[2] ; 0.000        ; 0.036      ; 0.627      ;
; 0.507 ; counter2[19] ; counter2[21] ; u_pll|altpll_component|auto_generated|pll1|clk[2] ; u_pll|altpll_component|auto_generated|pll1|clk[2] ; 0.000        ; 0.036      ; 0.627      ;
; 0.507 ; counter2[21] ; counter2[23] ; u_pll|altpll_component|auto_generated|pll1|clk[2] ; u_pll|altpll_component|auto_generated|pll1|clk[2] ; 0.000        ; 0.036      ; 0.627      ;
; 0.507 ; counter2[11] ; counter2[14] ; u_pll|altpll_component|auto_generated|pll1|clk[2] ; u_pll|altpll_component|auto_generated|pll1|clk[2] ; 0.000        ; 0.036      ; 0.627      ;
; 0.508 ; counter2[1]  ; counter2[4]  ; u_pll|altpll_component|auto_generated|pll1|clk[2] ; u_pll|altpll_component|auto_generated|pll1|clk[2] ; 0.000        ; 0.036      ; 0.628      ;
; 0.508 ; counter2[9]  ; counter2[12] ; u_pll|altpll_component|auto_generated|pll1|clk[2] ; u_pll|altpll_component|auto_generated|pll1|clk[2] ; 0.000        ; 0.036      ; 0.628      ;
; 0.508 ; counter2[7]  ; counter2[10] ; u_pll|altpll_component|auto_generated|pll1|clk[2] ; u_pll|altpll_component|auto_generated|pll1|clk[2] ; 0.000        ; 0.036      ; 0.628      ;
; 0.509 ; counter2[17] ; counter2[20] ; u_pll|altpll_component|auto_generated|pll1|clk[2] ; u_pll|altpll_component|auto_generated|pll1|clk[2] ; 0.000        ; 0.036      ; 0.629      ;
; 0.509 ; counter2[3]  ; counter2[6]  ; u_pll|altpll_component|auto_generated|pll1|clk[2] ; u_pll|altpll_component|auto_generated|pll1|clk[2] ; 0.000        ; 0.036      ; 0.629      ;
; 0.509 ; counter2[15] ; counter2[18] ; u_pll|altpll_component|auto_generated|pll1|clk[2] ; u_pll|altpll_component|auto_generated|pll1|clk[2] ; 0.000        ; 0.036      ; 0.629      ;
; 0.509 ; counter2[13] ; counter2[16] ; u_pll|altpll_component|auto_generated|pll1|clk[2] ; u_pll|altpll_component|auto_generated|pll1|clk[2] ; 0.000        ; 0.036      ; 0.629      ;
; 0.510 ; counter2[5]  ; counter2[8]  ; u_pll|altpll_component|auto_generated|pll1|clk[2] ; u_pll|altpll_component|auto_generated|pll1|clk[2] ; 0.000        ; 0.036      ; 0.630      ;
; 0.510 ; counter2[19] ; counter2[22] ; u_pll|altpll_component|auto_generated|pll1|clk[2] ; u_pll|altpll_component|auto_generated|pll1|clk[2] ; 0.000        ; 0.036      ; 0.630      ;
; 0.518 ; counter2[2]  ; counter2[5]  ; u_pll|altpll_component|auto_generated|pll1|clk[2] ; u_pll|altpll_component|auto_generated|pll1|clk[2] ; 0.000        ; 0.036      ; 0.638      ;
; 0.519 ; counter2[10] ; counter2[13] ; u_pll|altpll_component|auto_generated|pll1|clk[2] ; u_pll|altpll_component|auto_generated|pll1|clk[2] ; 0.000        ; 0.036      ; 0.639      ;
; 0.519 ; counter2[0]  ; counter2[3]  ; u_pll|altpll_component|auto_generated|pll1|clk[2] ; u_pll|altpll_component|auto_generated|pll1|clk[2] ; 0.000        ; 0.036      ; 0.639      ;
; 0.519 ; counter2[12] ; counter2[15] ; u_pll|altpll_component|auto_generated|pll1|clk[2] ; u_pll|altpll_component|auto_generated|pll1|clk[2] ; 0.000        ; 0.036      ; 0.639      ;
; 0.519 ; counter2[4]  ; counter2[7]  ; u_pll|altpll_component|auto_generated|pll1|clk[2] ; u_pll|altpll_component|auto_generated|pll1|clk[2] ; 0.000        ; 0.036      ; 0.639      ;
; 0.519 ; counter2[18] ; counter2[21] ; u_pll|altpll_component|auto_generated|pll1|clk[2] ; u_pll|altpll_component|auto_generated|pll1|clk[2] ; 0.000        ; 0.036      ; 0.639      ;
; 0.520 ; counter2[8]  ; counter2[11] ; u_pll|altpll_component|auto_generated|pll1|clk[2] ; u_pll|altpll_component|auto_generated|pll1|clk[2] ; 0.000        ; 0.036      ; 0.640      ;
; 0.520 ; counter2[6]  ; counter2[9]  ; u_pll|altpll_component|auto_generated|pll1|clk[2] ; u_pll|altpll_component|auto_generated|pll1|clk[2] ; 0.000        ; 0.036      ; 0.640      ;
; 0.520 ; counter2[16] ; counter2[19] ; u_pll|altpll_component|auto_generated|pll1|clk[2] ; u_pll|altpll_component|auto_generated|pll1|clk[2] ; 0.000        ; 0.036      ; 0.640      ;
; 0.520 ; counter2[14] ; counter2[17] ; u_pll|altpll_component|auto_generated|pll1|clk[2] ; u_pll|altpll_component|auto_generated|pll1|clk[2] ; 0.000        ; 0.036      ; 0.640      ;
; 0.520 ; counter2[20] ; counter2[23] ; u_pll|altpll_component|auto_generated|pll1|clk[2] ; u_pll|altpll_component|auto_generated|pll1|clk[2] ; 0.000        ; 0.036      ; 0.640      ;
; 0.521 ; counter2[2]  ; counter2[6]  ; u_pll|altpll_component|auto_generated|pll1|clk[2] ; u_pll|altpll_component|auto_generated|pll1|clk[2] ; 0.000        ; 0.036      ; 0.641      ;
; 0.522 ; counter2[10] ; counter2[14] ; u_pll|altpll_component|auto_generated|pll1|clk[2] ; u_pll|altpll_component|auto_generated|pll1|clk[2] ; 0.000        ; 0.036      ; 0.642      ;
; 0.522 ; counter2[0]  ; counter2[4]  ; u_pll|altpll_component|auto_generated|pll1|clk[2] ; u_pll|altpll_component|auto_generated|pll1|clk[2] ; 0.000        ; 0.036      ; 0.642      ;
; 0.522 ; counter2[12] ; counter2[16] ; u_pll|altpll_component|auto_generated|pll1|clk[2] ; u_pll|altpll_component|auto_generated|pll1|clk[2] ; 0.000        ; 0.036      ; 0.642      ;
; 0.522 ; counter2[4]  ; counter2[8]  ; u_pll|altpll_component|auto_generated|pll1|clk[2] ; u_pll|altpll_component|auto_generated|pll1|clk[2] ; 0.000        ; 0.036      ; 0.642      ;
; 0.522 ; counter2[18] ; counter2[22] ; u_pll|altpll_component|auto_generated|pll1|clk[2] ; u_pll|altpll_component|auto_generated|pll1|clk[2] ; 0.000        ; 0.036      ; 0.642      ;
; 0.523 ; counter2[8]  ; counter2[12] ; u_pll|altpll_component|auto_generated|pll1|clk[2] ; u_pll|altpll_component|auto_generated|pll1|clk[2] ; 0.000        ; 0.036      ; 0.643      ;
; 0.523 ; counter2[6]  ; counter2[10] ; u_pll|altpll_component|auto_generated|pll1|clk[2] ; u_pll|altpll_component|auto_generated|pll1|clk[2] ; 0.000        ; 0.036      ; 0.643      ;
; 0.523 ; counter2[16] ; counter2[20] ; u_pll|altpll_component|auto_generated|pll1|clk[2] ; u_pll|altpll_component|auto_generated|pll1|clk[2] ; 0.000        ; 0.036      ; 0.643      ;
; 0.523 ; counter2[14] ; counter2[18] ; u_pll|altpll_component|auto_generated|pll1|clk[2] ; u_pll|altpll_component|auto_generated|pll1|clk[2] ; 0.000        ; 0.036      ; 0.643      ;
+-------+--------------+--------------+---------------------------------------------------+---------------------------------------------------+--------------+------------+------------+


+--------------------------------------------------------------------------------------------------------------------------------------------------------------------------------------+
; Fast 1200mV 0C Model Hold: 'u_pll|altpll_component|auto_generated|pll1|clk[3]'                                                                                                       ;
+-------+--------------+--------------+---------------------------------------------------+---------------------------------------------------+--------------+------------+------------+
; Slack ; From Node    ; To Node      ; Launch Clock                                      ; Latch Clock                                       ; Relationship ; Clock Skew ; Data Delay ;
+-------+--------------+--------------+---------------------------------------------------+---------------------------------------------------+--------------+------------+------------+
; 0.293 ; counter3[10] ; counter3[10] ; u_pll|altpll_component|auto_generated|pll1|clk[3] ; u_pll|altpll_component|auto_generated|pll1|clk[3] ; 0.000        ; 0.036      ; 0.413      ;
; 0.293 ; counter3[1]  ; counter3[1]  ; u_pll|altpll_component|auto_generated|pll1|clk[3] ; u_pll|altpll_component|auto_generated|pll1|clk[3] ; 0.000        ; 0.036      ; 0.413      ;
; 0.294 ; counter3[17] ; counter3[17] ; u_pll|altpll_component|auto_generated|pll1|clk[3] ; u_pll|altpll_component|auto_generated|pll1|clk[3] ; 0.000        ; 0.036      ; 0.414      ;
; 0.294 ; counter3[11] ; counter3[11] ; u_pll|altpll_component|auto_generated|pll1|clk[3] ; u_pll|altpll_component|auto_generated|pll1|clk[3] ; 0.000        ; 0.036      ; 0.414      ;
; 0.294 ; counter3[9]  ; counter3[9]  ; u_pll|altpll_component|auto_generated|pll1|clk[3] ; u_pll|altpll_component|auto_generated|pll1|clk[3] ; 0.000        ; 0.036      ; 0.414      ;
; 0.294 ; counter3[8]  ; counter3[8]  ; u_pll|altpll_component|auto_generated|pll1|clk[3] ; u_pll|altpll_component|auto_generated|pll1|clk[3] ; 0.000        ; 0.036      ; 0.414      ;
; 0.294 ; counter3[6]  ; counter3[6]  ; u_pll|altpll_component|auto_generated|pll1|clk[3] ; u_pll|altpll_component|auto_generated|pll1|clk[3] ; 0.000        ; 0.036      ; 0.414      ;
; 0.294 ; counter3[3]  ; counter3[3]  ; u_pll|altpll_component|auto_generated|pll1|clk[3] ; u_pll|altpll_component|auto_generated|pll1|clk[3] ; 0.000        ; 0.036      ; 0.414      ;
; 0.295 ; counter3[21] ; counter3[21] ; u_pll|altpll_component|auto_generated|pll1|clk[3] ; u_pll|altpll_component|auto_generated|pll1|clk[3] ; 0.000        ; 0.036      ; 0.415      ;
; 0.295 ; counter3[19] ; counter3[19] ; u_pll|altpll_component|auto_generated|pll1|clk[3] ; u_pll|altpll_component|auto_generated|pll1|clk[3] ; 0.000        ; 0.036      ; 0.415      ;
; 0.295 ; counter3[16] ; counter3[16] ; u_pll|altpll_component|auto_generated|pll1|clk[3] ; u_pll|altpll_component|auto_generated|pll1|clk[3] ; 0.000        ; 0.036      ; 0.415      ;
; 0.295 ; counter3[15] ; counter3[15] ; u_pll|altpll_component|auto_generated|pll1|clk[3] ; u_pll|altpll_component|auto_generated|pll1|clk[3] ; 0.000        ; 0.036      ; 0.415      ;
; 0.295 ; counter3[14] ; counter3[14] ; u_pll|altpll_component|auto_generated|pll1|clk[3] ; u_pll|altpll_component|auto_generated|pll1|clk[3] ; 0.000        ; 0.036      ; 0.415      ;
; 0.295 ; counter3[13] ; counter3[13] ; u_pll|altpll_component|auto_generated|pll1|clk[3] ; u_pll|altpll_component|auto_generated|pll1|clk[3] ; 0.000        ; 0.036      ; 0.415      ;
; 0.295 ; counter3[12] ; counter3[12] ; u_pll|altpll_component|auto_generated|pll1|clk[3] ; u_pll|altpll_component|auto_generated|pll1|clk[3] ; 0.000        ; 0.036      ; 0.415      ;
; 0.295 ; counter3[7]  ; counter3[7]  ; u_pll|altpll_component|auto_generated|pll1|clk[3] ; u_pll|altpll_component|auto_generated|pll1|clk[3] ; 0.000        ; 0.036      ; 0.415      ;
; 0.295 ; counter3[5]  ; counter3[5]  ; u_pll|altpll_component|auto_generated|pll1|clk[3] ; u_pll|altpll_component|auto_generated|pll1|clk[3] ; 0.000        ; 0.036      ; 0.415      ;
; 0.295 ; counter3[2]  ; counter3[2]  ; u_pll|altpll_component|auto_generated|pll1|clk[3] ; u_pll|altpll_component|auto_generated|pll1|clk[3] ; 0.000        ; 0.036      ; 0.415      ;
; 0.296 ; counter3[20] ; counter3[20] ; u_pll|altpll_component|auto_generated|pll1|clk[3] ; u_pll|altpll_component|auto_generated|pll1|clk[3] ; 0.000        ; 0.036      ; 0.416      ;
; 0.296 ; counter3[18] ; counter3[18] ; u_pll|altpll_component|auto_generated|pll1|clk[3] ; u_pll|altpll_component|auto_generated|pll1|clk[3] ; 0.000        ; 0.036      ; 0.416      ;
; 0.296 ; counter3[4]  ; counter3[4]  ; u_pll|altpll_component|auto_generated|pll1|clk[3] ; u_pll|altpll_component|auto_generated|pll1|clk[3] ; 0.000        ; 0.036      ; 0.416      ;
; 0.303 ; counter3[0]  ; counter3[0]  ; u_pll|altpll_component|auto_generated|pll1|clk[3] ; u_pll|altpll_component|auto_generated|pll1|clk[3] ; 0.000        ; 0.036      ; 0.423      ;
; 0.306 ; counter3[22] ; counter3[22] ; u_pll|altpll_component|auto_generated|pll1|clk[3] ; u_pll|altpll_component|auto_generated|pll1|clk[3] ; 0.000        ; 0.036      ; 0.426      ;
; 0.442 ; counter3[1]  ; counter3[2]  ; u_pll|altpll_component|auto_generated|pll1|clk[3] ; u_pll|altpll_component|auto_generated|pll1|clk[3] ; 0.000        ; 0.036      ; 0.562      ;
; 0.443 ; counter3[9]  ; counter3[10] ; u_pll|altpll_component|auto_generated|pll1|clk[3] ; u_pll|altpll_component|auto_generated|pll1|clk[3] ; 0.000        ; 0.036      ; 0.563      ;
; 0.443 ; counter3[11] ; counter3[12] ; u_pll|altpll_component|auto_generated|pll1|clk[3] ; u_pll|altpll_component|auto_generated|pll1|clk[3] ; 0.000        ; 0.036      ; 0.563      ;
; 0.443 ; counter3[17] ; counter3[18] ; u_pll|altpll_component|auto_generated|pll1|clk[3] ; u_pll|altpll_component|auto_generated|pll1|clk[3] ; 0.000        ; 0.036      ; 0.563      ;
; 0.443 ; counter3[3]  ; counter3[4]  ; u_pll|altpll_component|auto_generated|pll1|clk[3] ; u_pll|altpll_component|auto_generated|pll1|clk[3] ; 0.000        ; 0.036      ; 0.563      ;
; 0.444 ; counter3[7]  ; counter3[8]  ; u_pll|altpll_component|auto_generated|pll1|clk[3] ; u_pll|altpll_component|auto_generated|pll1|clk[3] ; 0.000        ; 0.036      ; 0.564      ;
; 0.444 ; counter3[5]  ; counter3[6]  ; u_pll|altpll_component|auto_generated|pll1|clk[3] ; u_pll|altpll_component|auto_generated|pll1|clk[3] ; 0.000        ; 0.036      ; 0.564      ;
; 0.444 ; counter3[15] ; counter3[16] ; u_pll|altpll_component|auto_generated|pll1|clk[3] ; u_pll|altpll_component|auto_generated|pll1|clk[3] ; 0.000        ; 0.036      ; 0.564      ;
; 0.444 ; counter3[13] ; counter3[14] ; u_pll|altpll_component|auto_generated|pll1|clk[3] ; u_pll|altpll_component|auto_generated|pll1|clk[3] ; 0.000        ; 0.036      ; 0.564      ;
; 0.444 ; counter3[19] ; counter3[20] ; u_pll|altpll_component|auto_generated|pll1|clk[3] ; u_pll|altpll_component|auto_generated|pll1|clk[3] ; 0.000        ; 0.036      ; 0.564      ;
; 0.444 ; counter3[21] ; counter3[22] ; u_pll|altpll_component|auto_generated|pll1|clk[3] ; u_pll|altpll_component|auto_generated|pll1|clk[3] ; 0.000        ; 0.036      ; 0.564      ;
; 0.451 ; counter3[10] ; counter3[11] ; u_pll|altpll_component|auto_generated|pll1|clk[3] ; u_pll|altpll_component|auto_generated|pll1|clk[3] ; 0.000        ; 0.036      ; 0.571      ;
; 0.452 ; counter3[0]  ; counter3[1]  ; u_pll|altpll_component|auto_generated|pll1|clk[3] ; u_pll|altpll_component|auto_generated|pll1|clk[3] ; 0.000        ; 0.036      ; 0.572      ;
; 0.452 ; counter3[8]  ; counter3[9]  ; u_pll|altpll_component|auto_generated|pll1|clk[3] ; u_pll|altpll_component|auto_generated|pll1|clk[3] ; 0.000        ; 0.036      ; 0.572      ;
; 0.452 ; counter3[6]  ; counter3[7]  ; u_pll|altpll_component|auto_generated|pll1|clk[3] ; u_pll|altpll_component|auto_generated|pll1|clk[3] ; 0.000        ; 0.036      ; 0.572      ;
; 0.453 ; counter3[16] ; counter3[17] ; u_pll|altpll_component|auto_generated|pll1|clk[3] ; u_pll|altpll_component|auto_generated|pll1|clk[3] ; 0.000        ; 0.036      ; 0.573      ;
; 0.453 ; counter3[2]  ; counter3[3]  ; u_pll|altpll_component|auto_generated|pll1|clk[3] ; u_pll|altpll_component|auto_generated|pll1|clk[3] ; 0.000        ; 0.036      ; 0.573      ;
; 0.453 ; counter3[14] ; counter3[15] ; u_pll|altpll_component|auto_generated|pll1|clk[3] ; u_pll|altpll_component|auto_generated|pll1|clk[3] ; 0.000        ; 0.036      ; 0.573      ;
; 0.453 ; counter3[12] ; counter3[13] ; u_pll|altpll_component|auto_generated|pll1|clk[3] ; u_pll|altpll_component|auto_generated|pll1|clk[3] ; 0.000        ; 0.036      ; 0.573      ;
; 0.454 ; counter3[20] ; counter3[21] ; u_pll|altpll_component|auto_generated|pll1|clk[3] ; u_pll|altpll_component|auto_generated|pll1|clk[3] ; 0.000        ; 0.036      ; 0.574      ;
; 0.454 ; counter3[18] ; counter3[19] ; u_pll|altpll_component|auto_generated|pll1|clk[3] ; u_pll|altpll_component|auto_generated|pll1|clk[3] ; 0.000        ; 0.036      ; 0.574      ;
; 0.454 ; counter3[4]  ; counter3[5]  ; u_pll|altpll_component|auto_generated|pll1|clk[3] ; u_pll|altpll_component|auto_generated|pll1|clk[3] ; 0.000        ; 0.036      ; 0.574      ;
; 0.454 ; counter3[10] ; counter3[12] ; u_pll|altpll_component|auto_generated|pll1|clk[3] ; u_pll|altpll_component|auto_generated|pll1|clk[3] ; 0.000        ; 0.036      ; 0.574      ;
; 0.455 ; counter3[0]  ; counter3[2]  ; u_pll|altpll_component|auto_generated|pll1|clk[3] ; u_pll|altpll_component|auto_generated|pll1|clk[3] ; 0.000        ; 0.036      ; 0.575      ;
; 0.455 ; counter3[8]  ; counter3[10] ; u_pll|altpll_component|auto_generated|pll1|clk[3] ; u_pll|altpll_component|auto_generated|pll1|clk[3] ; 0.000        ; 0.036      ; 0.575      ;
; 0.455 ; counter3[6]  ; counter3[8]  ; u_pll|altpll_component|auto_generated|pll1|clk[3] ; u_pll|altpll_component|auto_generated|pll1|clk[3] ; 0.000        ; 0.036      ; 0.575      ;
; 0.456 ; counter3[16] ; counter3[18] ; u_pll|altpll_component|auto_generated|pll1|clk[3] ; u_pll|altpll_component|auto_generated|pll1|clk[3] ; 0.000        ; 0.036      ; 0.576      ;
; 0.456 ; counter3[2]  ; counter3[4]  ; u_pll|altpll_component|auto_generated|pll1|clk[3] ; u_pll|altpll_component|auto_generated|pll1|clk[3] ; 0.000        ; 0.036      ; 0.576      ;
; 0.456 ; counter3[14] ; counter3[16] ; u_pll|altpll_component|auto_generated|pll1|clk[3] ; u_pll|altpll_component|auto_generated|pll1|clk[3] ; 0.000        ; 0.036      ; 0.576      ;
; 0.456 ; counter3[12] ; counter3[14] ; u_pll|altpll_component|auto_generated|pll1|clk[3] ; u_pll|altpll_component|auto_generated|pll1|clk[3] ; 0.000        ; 0.036      ; 0.576      ;
; 0.457 ; counter3[4]  ; counter3[6]  ; u_pll|altpll_component|auto_generated|pll1|clk[3] ; u_pll|altpll_component|auto_generated|pll1|clk[3] ; 0.000        ; 0.036      ; 0.577      ;
; 0.457 ; counter3[18] ; counter3[20] ; u_pll|altpll_component|auto_generated|pll1|clk[3] ; u_pll|altpll_component|auto_generated|pll1|clk[3] ; 0.000        ; 0.036      ; 0.577      ;
; 0.457 ; counter3[20] ; counter3[22] ; u_pll|altpll_component|auto_generated|pll1|clk[3] ; u_pll|altpll_component|auto_generated|pll1|clk[3] ; 0.000        ; 0.036      ; 0.577      ;
; 0.505 ; counter3[1]  ; counter3[3]  ; u_pll|altpll_component|auto_generated|pll1|clk[3] ; u_pll|altpll_component|auto_generated|pll1|clk[3] ; 0.000        ; 0.036      ; 0.625      ;
; 0.506 ; counter3[9]  ; counter3[11] ; u_pll|altpll_component|auto_generated|pll1|clk[3] ; u_pll|altpll_component|auto_generated|pll1|clk[3] ; 0.000        ; 0.036      ; 0.626      ;
; 0.506 ; counter3[11] ; counter3[13] ; u_pll|altpll_component|auto_generated|pll1|clk[3] ; u_pll|altpll_component|auto_generated|pll1|clk[3] ; 0.000        ; 0.036      ; 0.626      ;
; 0.506 ; counter3[17] ; counter3[19] ; u_pll|altpll_component|auto_generated|pll1|clk[3] ; u_pll|altpll_component|auto_generated|pll1|clk[3] ; 0.000        ; 0.036      ; 0.626      ;
; 0.506 ; counter3[3]  ; counter3[5]  ; u_pll|altpll_component|auto_generated|pll1|clk[3] ; u_pll|altpll_component|auto_generated|pll1|clk[3] ; 0.000        ; 0.036      ; 0.626      ;
; 0.507 ; counter3[7]  ; counter3[9]  ; u_pll|altpll_component|auto_generated|pll1|clk[3] ; u_pll|altpll_component|auto_generated|pll1|clk[3] ; 0.000        ; 0.036      ; 0.627      ;
; 0.507 ; counter3[5]  ; counter3[7]  ; u_pll|altpll_component|auto_generated|pll1|clk[3] ; u_pll|altpll_component|auto_generated|pll1|clk[3] ; 0.000        ; 0.036      ; 0.627      ;
; 0.507 ; counter3[15] ; counter3[17] ; u_pll|altpll_component|auto_generated|pll1|clk[3] ; u_pll|altpll_component|auto_generated|pll1|clk[3] ; 0.000        ; 0.036      ; 0.627      ;
; 0.507 ; counter3[13] ; counter3[15] ; u_pll|altpll_component|auto_generated|pll1|clk[3] ; u_pll|altpll_component|auto_generated|pll1|clk[3] ; 0.000        ; 0.036      ; 0.627      ;
; 0.507 ; counter3[19] ; counter3[21] ; u_pll|altpll_component|auto_generated|pll1|clk[3] ; u_pll|altpll_component|auto_generated|pll1|clk[3] ; 0.000        ; 0.036      ; 0.627      ;
; 0.508 ; counter3[1]  ; counter3[4]  ; u_pll|altpll_component|auto_generated|pll1|clk[3] ; u_pll|altpll_component|auto_generated|pll1|clk[3] ; 0.000        ; 0.036      ; 0.628      ;
; 0.509 ; counter3[9]  ; counter3[12] ; u_pll|altpll_component|auto_generated|pll1|clk[3] ; u_pll|altpll_component|auto_generated|pll1|clk[3] ; 0.000        ; 0.036      ; 0.629      ;
; 0.509 ; counter3[11] ; counter3[14] ; u_pll|altpll_component|auto_generated|pll1|clk[3] ; u_pll|altpll_component|auto_generated|pll1|clk[3] ; 0.000        ; 0.036      ; 0.629      ;
; 0.509 ; counter3[3]  ; counter3[6]  ; u_pll|altpll_component|auto_generated|pll1|clk[3] ; u_pll|altpll_component|auto_generated|pll1|clk[3] ; 0.000        ; 0.036      ; 0.629      ;
; 0.509 ; counter3[17] ; counter3[20] ; u_pll|altpll_component|auto_generated|pll1|clk[3] ; u_pll|altpll_component|auto_generated|pll1|clk[3] ; 0.000        ; 0.036      ; 0.629      ;
; 0.510 ; counter3[7]  ; counter3[10] ; u_pll|altpll_component|auto_generated|pll1|clk[3] ; u_pll|altpll_component|auto_generated|pll1|clk[3] ; 0.000        ; 0.036      ; 0.630      ;
; 0.510 ; counter3[5]  ; counter3[8]  ; u_pll|altpll_component|auto_generated|pll1|clk[3] ; u_pll|altpll_component|auto_generated|pll1|clk[3] ; 0.000        ; 0.036      ; 0.630      ;
; 0.510 ; counter3[15] ; counter3[18] ; u_pll|altpll_component|auto_generated|pll1|clk[3] ; u_pll|altpll_component|auto_generated|pll1|clk[3] ; 0.000        ; 0.036      ; 0.630      ;
; 0.510 ; counter3[13] ; counter3[16] ; u_pll|altpll_component|auto_generated|pll1|clk[3] ; u_pll|altpll_component|auto_generated|pll1|clk[3] ; 0.000        ; 0.036      ; 0.630      ;
; 0.510 ; counter3[19] ; counter3[22] ; u_pll|altpll_component|auto_generated|pll1|clk[3] ; u_pll|altpll_component|auto_generated|pll1|clk[3] ; 0.000        ; 0.036      ; 0.630      ;
; 0.517 ; counter3[10] ; counter3[13] ; u_pll|altpll_component|auto_generated|pll1|clk[3] ; u_pll|altpll_component|auto_generated|pll1|clk[3] ; 0.000        ; 0.036      ; 0.637      ;
; 0.518 ; counter3[0]  ; counter3[3]  ; u_pll|altpll_component|auto_generated|pll1|clk[3] ; u_pll|altpll_component|auto_generated|pll1|clk[3] ; 0.000        ; 0.036      ; 0.638      ;
; 0.518 ; counter3[8]  ; counter3[11] ; u_pll|altpll_component|auto_generated|pll1|clk[3] ; u_pll|altpll_component|auto_generated|pll1|clk[3] ; 0.000        ; 0.036      ; 0.638      ;
; 0.518 ; counter3[6]  ; counter3[9]  ; u_pll|altpll_component|auto_generated|pll1|clk[3] ; u_pll|altpll_component|auto_generated|pll1|clk[3] ; 0.000        ; 0.036      ; 0.638      ;
; 0.519 ; counter3[16] ; counter3[19] ; u_pll|altpll_component|auto_generated|pll1|clk[3] ; u_pll|altpll_component|auto_generated|pll1|clk[3] ; 0.000        ; 0.036      ; 0.639      ;
; 0.519 ; counter3[2]  ; counter3[5]  ; u_pll|altpll_component|auto_generated|pll1|clk[3] ; u_pll|altpll_component|auto_generated|pll1|clk[3] ; 0.000        ; 0.036      ; 0.639      ;
; 0.519 ; counter3[14] ; counter3[17] ; u_pll|altpll_component|auto_generated|pll1|clk[3] ; u_pll|altpll_component|auto_generated|pll1|clk[3] ; 0.000        ; 0.036      ; 0.639      ;
; 0.519 ; counter3[12] ; counter3[15] ; u_pll|altpll_component|auto_generated|pll1|clk[3] ; u_pll|altpll_component|auto_generated|pll1|clk[3] ; 0.000        ; 0.036      ; 0.639      ;
; 0.520 ; counter3[4]  ; counter3[7]  ; u_pll|altpll_component|auto_generated|pll1|clk[3] ; u_pll|altpll_component|auto_generated|pll1|clk[3] ; 0.000        ; 0.036      ; 0.640      ;
; 0.520 ; counter3[18] ; counter3[21] ; u_pll|altpll_component|auto_generated|pll1|clk[3] ; u_pll|altpll_component|auto_generated|pll1|clk[3] ; 0.000        ; 0.036      ; 0.640      ;
; 0.520 ; counter3[10] ; counter3[14] ; u_pll|altpll_component|auto_generated|pll1|clk[3] ; u_pll|altpll_component|auto_generated|pll1|clk[3] ; 0.000        ; 0.036      ; 0.640      ;
; 0.521 ; counter3[0]  ; counter3[4]  ; u_pll|altpll_component|auto_generated|pll1|clk[3] ; u_pll|altpll_component|auto_generated|pll1|clk[3] ; 0.000        ; 0.036      ; 0.641      ;
; 0.521 ; counter3[8]  ; counter3[12] ; u_pll|altpll_component|auto_generated|pll1|clk[3] ; u_pll|altpll_component|auto_generated|pll1|clk[3] ; 0.000        ; 0.036      ; 0.641      ;
; 0.521 ; counter3[6]  ; counter3[10] ; u_pll|altpll_component|auto_generated|pll1|clk[3] ; u_pll|altpll_component|auto_generated|pll1|clk[3] ; 0.000        ; 0.036      ; 0.641      ;
; 0.522 ; counter3[2]  ; counter3[6]  ; u_pll|altpll_component|auto_generated|pll1|clk[3] ; u_pll|altpll_component|auto_generated|pll1|clk[3] ; 0.000        ; 0.036      ; 0.642      ;
; 0.522 ; counter3[16] ; counter3[20] ; u_pll|altpll_component|auto_generated|pll1|clk[3] ; u_pll|altpll_component|auto_generated|pll1|clk[3] ; 0.000        ; 0.036      ; 0.642      ;
; 0.522 ; counter3[14] ; counter3[18] ; u_pll|altpll_component|auto_generated|pll1|clk[3] ; u_pll|altpll_component|auto_generated|pll1|clk[3] ; 0.000        ; 0.036      ; 0.642      ;
; 0.522 ; counter3[12] ; counter3[16] ; u_pll|altpll_component|auto_generated|pll1|clk[3] ; u_pll|altpll_component|auto_generated|pll1|clk[3] ; 0.000        ; 0.036      ; 0.642      ;
; 0.523 ; counter3[4]  ; counter3[8]  ; u_pll|altpll_component|auto_generated|pll1|clk[3] ; u_pll|altpll_component|auto_generated|pll1|clk[3] ; 0.000        ; 0.036      ; 0.643      ;
; 0.523 ; counter3[18] ; counter3[22] ; u_pll|altpll_component|auto_generated|pll1|clk[3] ; u_pll|altpll_component|auto_generated|pll1|clk[3] ; 0.000        ; 0.036      ; 0.643      ;
; 0.571 ; counter3[1]  ; counter3[5]  ; u_pll|altpll_component|auto_generated|pll1|clk[3] ; u_pll|altpll_component|auto_generated|pll1|clk[3] ; 0.000        ; 0.036      ; 0.691      ;
; 0.572 ; counter3[9]  ; counter3[13] ; u_pll|altpll_component|auto_generated|pll1|clk[3] ; u_pll|altpll_component|auto_generated|pll1|clk[3] ; 0.000        ; 0.036      ; 0.692      ;
; 0.572 ; counter3[11] ; counter3[15] ; u_pll|altpll_component|auto_generated|pll1|clk[3] ; u_pll|altpll_component|auto_generated|pll1|clk[3] ; 0.000        ; 0.036      ; 0.692      ;
; 0.572 ; counter3[3]  ; counter3[7]  ; u_pll|altpll_component|auto_generated|pll1|clk[3] ; u_pll|altpll_component|auto_generated|pll1|clk[3] ; 0.000        ; 0.036      ; 0.692      ;
+-------+--------------+--------------+---------------------------------------------------+---------------------------------------------------+--------------+------------+------------+


----------------------------------------------
; Fast 1200mV 0C Model Metastability Summary ;
----------------------------------------------
No synchronizer chains to report.


+-----------------------------------------------------------------------------------------------------------------+
; Multicorner Timing Analysis Summary                                                                             ;
+----------------------------------------------------+---------+-------+----------+---------+---------------------+
; Clock                                              ; Setup   ; Hold  ; Recovery ; Removal ; Minimum Pulse Width ;
+----------------------------------------------------+---------+-------+----------+---------+---------------------+
; Worst-case Slack                                   ; 6.346   ; 0.205 ; N/A      ; N/A     ; 4.594               ;
;  clk_100m                                          ; N/A     ; N/A   ; N/A      ; N/A     ; 4.594               ;
;  u_pll|altpll_component|auto_generated|pll1|clk[0] ; 6.346   ; 0.205 ; N/A      ; N/A     ; 4.720               ;
;  u_pll|altpll_component|auto_generated|pll1|clk[1] ; 36.374  ; 0.205 ; N/A      ; N/A     ; 19.719              ;
;  u_pll|altpll_component|auto_generated|pll1|clk[2] ; 96.485  ; 0.292 ; N/A      ; N/A     ; 49.719              ;
;  u_pll|altpll_component|auto_generated|pll1|clk[3] ; 196.523 ; 0.293 ; N/A      ; N/A     ; 99.720              ;
; Design-wide TNS                                    ; 0.0     ; 0.0   ; 0.0      ; 0.0     ; 0.0                 ;
;  clk_100m                                          ; N/A     ; N/A   ; N/A      ; N/A     ; 0.000               ;
;  u_pll|altpll_component|auto_generated|pll1|clk[0] ; 0.000   ; 0.000 ; N/A      ; N/A     ; 0.000               ;
;  u_pll|altpll_component|auto_generated|pll1|clk[1] ; 0.000   ; 0.000 ; N/A      ; N/A     ; 0.000               ;
;  u_pll|altpll_component|auto_generated|pll1|clk[2] ; 0.000   ; 0.000 ; N/A      ; N/A     ; 0.000               ;
;  u_pll|altpll_component|auto_generated|pll1|clk[3] ; 0.000   ; 0.000 ; N/A      ; N/A     ; 0.000               ;
+----------------------------------------------------+---------+-------+----------+---------+---------------------+


+------------------------------------------------------------------------------------------------------------------------------------------------------------------------------------------------------------------------------------------------------------------------------------------------------------------------------------------------------------------------------------------------------------------+
; Board Trace Model Assignments                                                                                                                                                                                                                                                                                                                                                                                    ;
+---------------+--------------+-------------------+-------------------------+-------------------------+---------------+---------------------+----------------+------------------+--------+------------------+------------------------+------------------------+--------------+---------------+-----------------+-------+---------------------+--------------------+---------------+-----------------+-------------+
; Pin           ; I/O Standard ; Near Tline Length ; Near Tline L per Length ; Near Tline C per Length ; Near Series R ; Near Differential R ; Near Pull-up R ; Near Pull-down R ; Near C ; Far Tline Length ; Far Tline L per Length ; Far Tline C per Length ; Far Series R ; Far Pull-up R ; Far Pull-down R ; Far C ; Termination Voltage ; Far Differential R ; EBD File Name ; EBD Signal Name ; EBD Far-end ;
+---------------+--------------+-------------------+-------------------------+-------------------------+---------------+---------------------+----------------+------------------+--------+------------------+------------------------+------------------------+--------------+---------------+-----------------+-------+---------------------+--------------------+---------------+-----------------+-------------+
; LED0          ; 2.5 V        ; 0 in              ; 0 H/in                  ; 0 F/in                  ; short         ; -                   ; open           ; open             ; open   ; 0 in             ; 0 H/in                 ; 0 F/in                 ; short        ; open          ; open            ; open  ; 0 V                 ; -                  ; n/a           ; n/a             ; n/a         ;
; LED1          ; 2.5 V        ; 0 in              ; 0 H/in                  ; 0 F/in                  ; short         ; -                   ; open           ; open             ; open   ; 0 in             ; 0 H/in                 ; 0 F/in                 ; short        ; open          ; open            ; open  ; 0 V                 ; -                  ; n/a           ; n/a             ; n/a         ;
; LED2          ; 2.5 V        ; 0 in              ; 0 H/in                  ; 0 F/in                  ; short         ; -                   ; open           ; open             ; open   ; 0 in             ; 0 H/in                 ; 0 F/in                 ; short        ; open          ; open            ; open  ; 0 V                 ; -                  ; n/a           ; n/a             ; n/a         ;
; LED3          ; 2.5 V        ; 0 in              ; 0 H/in                  ; 0 F/in                  ; short         ; -                   ; open           ; open             ; open   ; 0 in             ; 0 H/in                 ; 0 F/in                 ; short        ; open          ; open            ; open  ; 0 V                 ; -                  ; n/a           ; n/a             ; n/a         ;
; ~ALTERA_DCLK~ ; 2.5 V        ; 0 in              ; 0 H/in                  ; 0 F/in                  ; short         ; -                   ; open           ; open             ; open   ; 0 in             ; 0 H/in                 ; 0 F/in                 ; short        ; open          ; open            ; open  ; 0 V                 ; -                  ; n/a           ; n/a             ; n/a         ;
; ~ALTERA_nCEO~ ; 2.5 V        ; 0 in              ; 0 H/in                  ; 0 F/in                  ; short         ; -                   ; open           ; open             ; open   ; 0 in             ; 0 H/in                 ; 0 F/in                 ; short        ; open          ; open            ; open  ; 0 V                 ; -                  ; n/a           ; n/a             ; n/a         ;
+---------------+--------------+-------------------+-------------------------+-------------------------+---------------+---------------------+----------------+------------------+--------+------------------+------------------------+------------------------+--------------+---------------+-----------------+-------+---------------------+--------------------+---------------+-----------------+-------------+


+----------------------------------------------------------------------------+
; Input Transition Times                                                     ;
+-------------------------+--------------+-----------------+-----------------+
; Pin                     ; I/O Standard ; 10-90 Rise Time ; 90-10 Fall Time ;
+-------------------------+--------------+-----------------+-----------------+
; clk_100m                ; 2.5 V        ; 2000 ps         ; 2000 ps         ;
; ~ALTERA_ASDO_DATA1~     ; 2.5 V        ; 2000 ps         ; 2000 ps         ;
; ~ALTERA_FLASH_nCE_nCSO~ ; 2.5 V        ; 2000 ps         ; 2000 ps         ;
; ~ALTERA_DATA0~          ; 2.5 V        ; 2000 ps         ; 2000 ps         ;
+-------------------------+--------------+-----------------+-----------------+


+--------------------------------------------------------------------------------------------------------------------------------------------------------------------------------------------------------------------------------------------------------------------------------------------------------------------------------------------------------------------------------------------------------------------------------------------------------------------------------------------------------------------------------------------------------------------------------------------------------------------------------------------------------------------------------------------+
; Signal Integrity Metrics (Slow 1200mv 0c Model)                                                                                                                                                                                                                                                                                                                                                                                                                                                                                                                                                                                                                                            ;
+---------------+--------------+---------------------+---------------------+------------------------------+------------------------------+---------------------+---------------------+--------------------------------------+--------------------------------------+-----------------------------+-----------------------------+----------------------------+----------------------------+-----------------------------+-----------------------------+--------------------+--------------------+-------------------------------------+-------------------------------------+----------------------------+----------------------------+---------------------------+---------------------------+
; Pin           ; I/O Standard ; Board Delay on Rise ; Board Delay on Fall ; Steady State Voh at FPGA Pin ; Steady State Vol at FPGA Pin ; Voh Max at FPGA Pin ; Vol Min at FPGA Pin ; Ringback Voltage on Rise at FPGA Pin ; Ringback Voltage on Fall at FPGA Pin ; 10-90 Rise Time at FPGA Pin ; 90-10 Fall Time at FPGA Pin ; Monotonic Rise at FPGA Pin ; Monotonic Fall at FPGA Pin ; Steady State Voh at Far-end ; Steady State Vol at Far-end ; Voh Max at Far-end ; Vol Min at Far-end ; Ringback Voltage on Rise at Far-end ; Ringback Voltage on Fall at Far-end ; 10-90 Rise Time at Far-end ; 90-10 Fall Time at Far-end ; Monotonic Rise at Far-end ; Monotonic Fall at Far-end ;
+---------------+--------------+---------------------+---------------------+------------------------------+------------------------------+---------------------+---------------------+--------------------------------------+--------------------------------------+-----------------------------+-----------------------------+----------------------------+----------------------------+-----------------------------+-----------------------------+--------------------+--------------------+-------------------------------------+-------------------------------------+----------------------------+----------------------------+---------------------------+---------------------------+
; LED0          ; 2.5 V        ; 0 s                 ; 0 s                 ; 2.32 V                       ; 2.07e-09 V                   ; 2.36 V              ; -0.00737 V          ; 0.209 V                              ; 0.012 V                              ; 5.22e-10 s                  ; 5.33e-10 s                  ; Yes                        ; Yes                        ; 2.32 V                      ; 2.07e-09 V                  ; 2.36 V             ; -0.00737 V         ; 0.209 V                             ; 0.012 V                             ; 5.22e-10 s                 ; 5.33e-10 s                 ; Yes                       ; Yes                       ;
; LED1          ; 2.5 V        ; 0 s                 ; 0 s                 ; 2.32 V                       ; 2.07e-09 V                   ; 2.36 V              ; -0.00737 V          ; 0.209 V                              ; 0.012 V                              ; 5.22e-10 s                  ; 5.33e-10 s                  ; Yes                        ; Yes                        ; 2.32 V                      ; 2.07e-09 V                  ; 2.36 V             ; -0.00737 V         ; 0.209 V                             ; 0.012 V                             ; 5.22e-10 s                 ; 5.33e-10 s                 ; Yes                       ; Yes                       ;
; LED2          ; 2.5 V        ; 0 s                 ; 0 s                 ; 2.32 V                       ; 2.07e-09 V                   ; 2.36 V              ; -0.00737 V          ; 0.209 V                              ; 0.012 V                              ; 5.22e-10 s                  ; 5.33e-10 s                  ; Yes                        ; Yes                        ; 2.32 V                      ; 2.07e-09 V                  ; 2.36 V             ; -0.00737 V         ; 0.209 V                             ; 0.012 V                             ; 5.22e-10 s                 ; 5.33e-10 s                 ; Yes                       ; Yes                       ;
; LED3          ; 2.5 V        ; 0 s                 ; 0 s                 ; 2.32 V                       ; 2.07e-09 V                   ; 2.36 V              ; -0.00737 V          ; 0.209 V                              ; 0.012 V                              ; 5.22e-10 s                  ; 5.33e-10 s                  ; Yes                        ; Yes                        ; 2.32 V                      ; 2.07e-09 V                  ; 2.36 V             ; -0.00737 V         ; 0.209 V                             ; 0.012 V                             ; 5.22e-10 s                 ; 5.33e-10 s                 ; Yes                       ; Yes                       ;
; ~ALTERA_DCLK~ ; 2.5 V        ; 0 s                 ; 0 s                 ; 2.32 V                       ; 1.74e-09 V                   ; 2.37 V              ; -0.0346 V           ; 0.198 V                              ; 0.094 V                              ; 3.14e-10 s                  ; 2.92e-10 s                  ; Yes                        ; Yes                        ; 2.32 V                      ; 1.74e-09 V                  ; 2.37 V             ; -0.0346 V          ; 0.198 V                             ; 0.094 V                             ; 3.14e-10 s                 ; 2.92e-10 s                 ; Yes                       ; Yes                       ;
; ~ALTERA_nCEO~ ; 2.5 V        ; 0 s                 ; 0 s                 ; 2.32 V                       ; 2.57e-09 V                   ; 2.37 V              ; -0.00683 V          ; 0.171 V                              ; 0.018 V                              ; 4.97e-10 s                  ; 6.66e-10 s                  ; Yes                        ; Yes                        ; 2.32 V                      ; 2.57e-09 V                  ; 2.37 V             ; -0.00683 V         ; 0.171 V                             ; 0.018 V                             ; 4.97e-10 s                 ; 6.66e-10 s                 ; Yes                       ; Yes                       ;
+---------------+--------------+---------------------+---------------------+------------------------------+------------------------------+---------------------+---------------------+--------------------------------------+--------------------------------------+-----------------------------+-----------------------------+----------------------------+----------------------------+-----------------------------+-----------------------------+--------------------+--------------------+-------------------------------------+-------------------------------------+----------------------------+----------------------------+---------------------------+---------------------------+


+--------------------------------------------------------------------------------------------------------------------------------------------------------------------------------------------------------------------------------------------------------------------------------------------------------------------------------------------------------------------------------------------------------------------------------------------------------------------------------------------------------------------------------------------------------------------------------------------------------------------------------------------------------------------------------------------+
; Signal Integrity Metrics (Slow 1200mv 85c Model)                                                                                                                                                                                                                                                                                                                                                                                                                                                                                                                                                                                                                                           ;
+---------------+--------------+---------------------+---------------------+------------------------------+------------------------------+---------------------+---------------------+--------------------------------------+--------------------------------------+-----------------------------+-----------------------------+----------------------------+----------------------------+-----------------------------+-----------------------------+--------------------+--------------------+-------------------------------------+-------------------------------------+----------------------------+----------------------------+---------------------------+---------------------------+
; Pin           ; I/O Standard ; Board Delay on Rise ; Board Delay on Fall ; Steady State Voh at FPGA Pin ; Steady State Vol at FPGA Pin ; Voh Max at FPGA Pin ; Vol Min at FPGA Pin ; Ringback Voltage on Rise at FPGA Pin ; Ringback Voltage on Fall at FPGA Pin ; 10-90 Rise Time at FPGA Pin ; 90-10 Fall Time at FPGA Pin ; Monotonic Rise at FPGA Pin ; Monotonic Fall at FPGA Pin ; Steady State Voh at Far-end ; Steady State Vol at Far-end ; Voh Max at Far-end ; Vol Min at Far-end ; Ringback Voltage on Rise at Far-end ; Ringback Voltage on Fall at Far-end ; 10-90 Rise Time at Far-end ; 90-10 Fall Time at Far-end ; Monotonic Rise at Far-end ; Monotonic Fall at Far-end ;
+---------------+--------------+---------------------+---------------------+------------------------------+------------------------------+---------------------+---------------------+--------------------------------------+--------------------------------------+-----------------------------+-----------------------------+----------------------------+----------------------------+-----------------------------+-----------------------------+--------------------+--------------------+-------------------------------------+-------------------------------------+----------------------------+----------------------------+---------------------------+---------------------------+
; LED0          ; 2.5 V        ; 0 s                 ; 0 s                 ; 2.32 V                       ; 1.93e-07 V                   ; 2.34 V              ; -0.00869 V          ; 0.14 V                               ; 0.046 V                              ; 6.89e-10 s                  ; 6.56e-10 s                  ; Yes                        ; Yes                        ; 2.32 V                      ; 1.93e-07 V                  ; 2.34 V             ; -0.00869 V         ; 0.14 V                              ; 0.046 V                             ; 6.89e-10 s                 ; 6.56e-10 s                 ; Yes                       ; Yes                       ;
; LED1          ; 2.5 V        ; 0 s                 ; 0 s                 ; 2.32 V                       ; 1.93e-07 V                   ; 2.34 V              ; -0.00869 V          ; 0.14 V                               ; 0.046 V                              ; 6.89e-10 s                  ; 6.56e-10 s                  ; Yes                        ; Yes                        ; 2.32 V                      ; 1.93e-07 V                  ; 2.34 V             ; -0.00869 V         ; 0.14 V                              ; 0.046 V                             ; 6.89e-10 s                 ; 6.56e-10 s                 ; Yes                       ; Yes                       ;
; LED2          ; 2.5 V        ; 0 s                 ; 0 s                 ; 2.32 V                       ; 1.93e-07 V                   ; 2.34 V              ; -0.00869 V          ; 0.14 V                               ; 0.046 V                              ; 6.89e-10 s                  ; 6.56e-10 s                  ; Yes                        ; Yes                        ; 2.32 V                      ; 1.93e-07 V                  ; 2.34 V             ; -0.00869 V         ; 0.14 V                              ; 0.046 V                             ; 6.89e-10 s                 ; 6.56e-10 s                 ; Yes                       ; Yes                       ;
; LED3          ; 2.5 V        ; 0 s                 ; 0 s                 ; 2.32 V                       ; 1.93e-07 V                   ; 2.34 V              ; -0.00869 V          ; 0.14 V                               ; 0.046 V                              ; 6.89e-10 s                  ; 6.56e-10 s                  ; Yes                        ; Yes                        ; 2.32 V                      ; 1.93e-07 V                  ; 2.34 V             ; -0.00869 V         ; 0.14 V                              ; 0.046 V                             ; 6.89e-10 s                 ; 6.56e-10 s                 ; Yes                       ; Yes                       ;
; ~ALTERA_DCLK~ ; 2.5 V        ; 0 s                 ; 0 s                 ; 2.32 V                       ; 1.55e-07 V                   ; 2.35 V              ; -0.00221 V          ; 0.097 V                              ; 0.005 V                              ; 4.49e-10 s                  ; 3.85e-10 s                  ; Yes                        ; Yes                        ; 2.32 V                      ; 1.55e-07 V                  ; 2.35 V             ; -0.00221 V         ; 0.097 V                             ; 0.005 V                             ; 4.49e-10 s                 ; 3.85e-10 s                 ; Yes                       ; Yes                       ;
; ~ALTERA_nCEO~ ; 2.5 V        ; 0 s                 ; 0 s                 ; 2.32 V                       ; 2.54e-07 V                   ; 2.34 V              ; -0.00774 V          ; 0.109 V                              ; 0.026 V                              ; 6.58e-10 s                  ; 8.24e-10 s                  ; Yes                        ; Yes                        ; 2.32 V                      ; 2.54e-07 V                  ; 2.34 V             ; -0.00774 V         ; 0.109 V                             ; 0.026 V                             ; 6.58e-10 s                 ; 8.24e-10 s                 ; Yes                       ; Yes                       ;
+---------------+--------------+---------------------+---------------------+------------------------------+------------------------------+---------------------+---------------------+--------------------------------------+--------------------------------------+-----------------------------+-----------------------------+----------------------------+----------------------------+-----------------------------+-----------------------------+--------------------+--------------------+-------------------------------------+-------------------------------------+----------------------------+----------------------------+---------------------------+---------------------------+


+--------------------------------------------------------------------------------------------------------------------------------------------------------------------------------------------------------------------------------------------------------------------------------------------------------------------------------------------------------------------------------------------------------------------------------------------------------------------------------------------------------------------------------------------------------------------------------------------------------------------------------------------------------------------------------------------+
; Signal Integrity Metrics (Fast 1200mv 0c Model)                                                                                                                                                                                                                                                                                                                                                                                                                                                                                                                                                                                                                                            ;
+---------------+--------------+---------------------+---------------------+------------------------------+------------------------------+---------------------+---------------------+--------------------------------------+--------------------------------------+-----------------------------+-----------------------------+----------------------------+----------------------------+-----------------------------+-----------------------------+--------------------+--------------------+-------------------------------------+-------------------------------------+----------------------------+----------------------------+---------------------------+---------------------------+
; Pin           ; I/O Standard ; Board Delay on Rise ; Board Delay on Fall ; Steady State Voh at FPGA Pin ; Steady State Vol at FPGA Pin ; Voh Max at FPGA Pin ; Vol Min at FPGA Pin ; Ringback Voltage on Rise at FPGA Pin ; Ringback Voltage on Fall at FPGA Pin ; 10-90 Rise Time at FPGA Pin ; 90-10 Fall Time at FPGA Pin ; Monotonic Rise at FPGA Pin ; Monotonic Fall at FPGA Pin ; Steady State Voh at Far-end ; Steady State Vol at Far-end ; Voh Max at Far-end ; Vol Min at Far-end ; Ringback Voltage on Rise at Far-end ; Ringback Voltage on Fall at Far-end ; 10-90 Rise Time at Far-end ; 90-10 Fall Time at Far-end ; Monotonic Rise at Far-end ; Monotonic Fall at Far-end ;
+---------------+--------------+---------------------+---------------------+------------------------------+------------------------------+---------------------+---------------------+--------------------------------------+--------------------------------------+-----------------------------+-----------------------------+----------------------------+----------------------------+-----------------------------+-----------------------------+--------------------+--------------------+-------------------------------------+-------------------------------------+----------------------------+----------------------------+---------------------------+---------------------------+
; LED0          ; 2.5 V        ; 0 s                 ; 0 s                 ; 2.62 V                       ; 2.74e-08 V                   ; 2.71 V              ; -0.0317 V           ; 0.148 V                              ; 0.064 V                              ; 4.51e-10 s                  ; 4.15e-10 s                  ; No                         ; Yes                        ; 2.62 V                      ; 2.74e-08 V                  ; 2.71 V             ; -0.0317 V          ; 0.148 V                             ; 0.064 V                             ; 4.51e-10 s                 ; 4.15e-10 s                 ; No                        ; Yes                       ;
; LED1          ; 2.5 V        ; 0 s                 ; 0 s                 ; 2.62 V                       ; 2.74e-08 V                   ; 2.71 V              ; -0.0317 V           ; 0.148 V                              ; 0.064 V                              ; 4.51e-10 s                  ; 4.15e-10 s                  ; No                         ; Yes                        ; 2.62 V                      ; 2.74e-08 V                  ; 2.71 V             ; -0.0317 V          ; 0.148 V                             ; 0.064 V                             ; 4.51e-10 s                 ; 4.15e-10 s                 ; No                        ; Yes                       ;
; LED2          ; 2.5 V        ; 0 s                 ; 0 s                 ; 2.62 V                       ; 2.74e-08 V                   ; 2.71 V              ; -0.0317 V           ; 0.148 V                              ; 0.064 V                              ; 4.51e-10 s                  ; 4.15e-10 s                  ; No                         ; Yes                        ; 2.62 V                      ; 2.74e-08 V                  ; 2.71 V             ; -0.0317 V          ; 0.148 V                             ; 0.064 V                             ; 4.51e-10 s                 ; 4.15e-10 s                 ; No                        ; Yes                       ;
; LED3          ; 2.5 V        ; 0 s                 ; 0 s                 ; 2.62 V                       ; 2.74e-08 V                   ; 2.71 V              ; -0.0317 V           ; 0.148 V                              ; 0.064 V                              ; 4.51e-10 s                  ; 4.15e-10 s                  ; No                         ; Yes                        ; 2.62 V                      ; 2.74e-08 V                  ; 2.71 V             ; -0.0317 V          ; 0.148 V                             ; 0.064 V                             ; 4.51e-10 s                 ; 4.15e-10 s                 ; No                        ; Yes                       ;
; ~ALTERA_DCLK~ ; 2.5 V        ; 0 s                 ; 0 s                 ; 2.62 V                       ; 2.22e-08 V                   ; 2.74 V              ; -0.06 V             ; 0.158 V                              ; 0.08 V                               ; 2.68e-10 s                  ; 2.19e-10 s                  ; Yes                        ; Yes                        ; 2.62 V                      ; 2.22e-08 V                  ; 2.74 V             ; -0.06 V            ; 0.158 V                             ; 0.08 V                              ; 2.68e-10 s                 ; 2.19e-10 s                 ; Yes                       ; Yes                       ;
; ~ALTERA_nCEO~ ; 2.5 V        ; 0 s                 ; 0 s                 ; 2.62 V                       ; 3.54e-08 V                   ; 2.7 V               ; -0.00943 V          ; 0.276 V                              ; 0.035 V                              ; 3.19e-10 s                  ; 4.99e-10 s                  ; No                         ; Yes                        ; 2.62 V                      ; 3.54e-08 V                  ; 2.7 V              ; -0.00943 V         ; 0.276 V                             ; 0.035 V                             ; 3.19e-10 s                 ; 4.99e-10 s                 ; No                        ; Yes                       ;
+---------------+--------------+---------------------+---------------------+------------------------------+------------------------------+---------------------+---------------------+--------------------------------------+--------------------------------------+-----------------------------+-----------------------------+----------------------------+----------------------------+-----------------------------+-----------------------------+--------------------+--------------------+-------------------------------------+-------------------------------------+----------------------------+----------------------------+---------------------------+---------------------------+


+---------------------------------------------------------------------------------------------------------------------------------------------------+
; Setup Transfers                                                                                                                                   ;
+---------------------------------------------------+---------------------------------------------------+----------+----------+----------+----------+
; From Clock                                        ; To Clock                                          ; RR Paths ; FR Paths ; RF Paths ; FF Paths ;
+---------------------------------------------------+---------------------------------------------------+----------+----------+----------+----------+
; u_pll|altpll_component|auto_generated|pll1|clk[0] ; u_pll|altpll_component|auto_generated|pll1|clk[0] ; 351      ; 0        ; 0        ; 0        ;
; u_pll|altpll_component|auto_generated|pll1|clk[1] ; u_pll|altpll_component|auto_generated|pll1|clk[1] ; 325      ; 0        ; 0        ; 0        ;
; u_pll|altpll_component|auto_generated|pll1|clk[2] ; u_pll|altpll_component|auto_generated|pll1|clk[2] ; 300      ; 0        ; 0        ; 0        ;
; u_pll|altpll_component|auto_generated|pll1|clk[3] ; u_pll|altpll_component|auto_generated|pll1|clk[3] ; 276      ; 0        ; 0        ; 0        ;
+---------------------------------------------------+---------------------------------------------------+----------+----------+----------+----------+
Entries labeled "false path" only account for clock-to-clock false paths and not path-based false paths. As a result, actual path counts may be lower than reported.


+---------------------------------------------------------------------------------------------------------------------------------------------------+
; Hold Transfers                                                                                                                                    ;
+---------------------------------------------------+---------------------------------------------------+----------+----------+----------+----------+
; From Clock                                        ; To Clock                                          ; RR Paths ; FR Paths ; RF Paths ; FF Paths ;
+---------------------------------------------------+---------------------------------------------------+----------+----------+----------+----------+
; u_pll|altpll_component|auto_generated|pll1|clk[0] ; u_pll|altpll_component|auto_generated|pll1|clk[0] ; 351      ; 0        ; 0        ; 0        ;
; u_pll|altpll_component|auto_generated|pll1|clk[1] ; u_pll|altpll_component|auto_generated|pll1|clk[1] ; 325      ; 0        ; 0        ; 0        ;
; u_pll|altpll_component|auto_generated|pll1|clk[2] ; u_pll|altpll_component|auto_generated|pll1|clk[2] ; 300      ; 0        ; 0        ; 0        ;
; u_pll|altpll_component|auto_generated|pll1|clk[3] ; u_pll|altpll_component|auto_generated|pll1|clk[3] ; 276      ; 0        ; 0        ; 0        ;
+---------------------------------------------------+---------------------------------------------------+----------+----------+----------+----------+
Entries labeled "false path" only account for clock-to-clock false paths and not path-based false paths. As a result, actual path counts may be lower than reported.


---------------
; Report TCCS ;
---------------
No dedicated SERDES Transmitter circuitry present in device or used in design


---------------
; Report RSKM ;
---------------
No non-DPA dedicated SERDES Receiver circuitry present in device or used in design


+------------------------------------------------+
; Unconstrained Paths Summary                    ;
+---------------------------------+-------+------+
; Property                        ; Setup ; Hold ;
+---------------------------------+-------+------+
; Illegal Clocks                  ; 0     ; 0    ;
; Unconstrained Clocks            ; 0     ; 0    ;
; Unconstrained Input Ports       ; 0     ; 0    ;
; Unconstrained Input Port Paths  ; 0     ; 0    ;
; Unconstrained Output Ports      ; 4     ; 4    ;
; Unconstrained Output Port Paths ; 4     ; 4    ;
+---------------------------------+-------+------+


+---------------------------------------------------------------------------------------------------------------------------------+
; Clock Status Summary                                                                                                            ;
+---------------------------------------------------+---------------------------------------------------+-----------+-------------+
; Target                                            ; Clock                                             ; Type      ; Status      ;
+---------------------------------------------------+---------------------------------------------------+-----------+-------------+
; clk_100m                                          ; clk_100m                                          ; Base      ; Constrained ;
; u_pll|altpll_component|auto_generated|pll1|clk[0] ; u_pll|altpll_component|auto_generated|pll1|clk[0] ; Generated ; Constrained ;
; u_pll|altpll_component|auto_generated|pll1|clk[1] ; u_pll|altpll_component|auto_generated|pll1|clk[1] ; Generated ; Constrained ;
; u_pll|altpll_component|auto_generated|pll1|clk[2] ; u_pll|altpll_component|auto_generated|pll1|clk[2] ; Generated ; Constrained ;
; u_pll|altpll_component|auto_generated|pll1|clk[3] ; u_pll|altpll_component|auto_generated|pll1|clk[3] ; Generated ; Constrained ;
+---------------------------------------------------+---------------------------------------------------+-----------+-------------+


+-----------------------------------------------------------------------------------------------------+
; Unconstrained Output Ports                                                                          ;
+-------------+---------------------------------------------------------------------------------------+
; Output Port ; Comment                                                                               ;
+-------------+---------------------------------------------------------------------------------------+
; LED0        ; No output delay, min/max delays, false-path exceptions, or max skew assignments found ;
; LED1        ; No output delay, min/max delays, false-path exceptions, or max skew assignments found ;
; LED2        ; No output delay, min/max delays, false-path exceptions, or max skew assignments found ;
; LED3        ; No output delay, min/max delays, false-path exceptions, or max skew assignments found ;
+-------------+---------------------------------------------------------------------------------------+


+-----------------------------------------------------------------------------------------------------+
; Unconstrained Output Ports                                                                          ;
+-------------+---------------------------------------------------------------------------------------+
; Output Port ; Comment                                                                               ;
+-------------+---------------------------------------------------------------------------------------+
; LED0        ; No output delay, min/max delays, false-path exceptions, or max skew assignments found ;
; LED1        ; No output delay, min/max delays, false-path exceptions, or max skew assignments found ;
; LED2        ; No output delay, min/max delays, false-path exceptions, or max skew assignments found ;
; LED3        ; No output delay, min/max delays, false-path exceptions, or max skew assignments found ;
+-------------+---------------------------------------------------------------------------------------+


+--------------------------+
; Timing Analyzer Messages ;
+--------------------------+
Info: *******************************************************************
Info: Running Quartus Prime Timing Analyzer
    Info: Version 25.1std.0 Build 1129 10/21/2025 SC Lite Edition
    Info: Processing started: Tue Sep 29 03:42:38 2026
Info: Command: quartus_sta ip_pll -c ip_pll
Info: qsta_default_script.tcl version: #1
Warning (18236): Number of processors has not been specified which may cause overloading on shared machines.  Set the global assignment NUM_PARALLEL_PROCESSORS in your QSF to an appropriate value for best performance.
Info (20030): Parallel compilation is enabled and will use 6 of the 6 processors detected
Info (21077): Low junction temperature is 0 degrees C
Info (21077): High junction temperature is 85 degrees C
Critical Warning (332012): Synopsys Design Constraints File file not found: 'ip_pll.sdc'. A Synopsys Design Constraints File is required by the Timing Analyzer to get proper timing constraints. Without it, the Compiler will not properly optimize the design.
Info (332142): No user constrained generated clocks found in the design. Calling "derive_pll_clocks -create_base_clocks"
Info (332110): Deriving PLL clocks
    Info (332110): create_clock -period 10.000 -waveform {0.000 5.000} -name clk_100m clk_100m
    Info (332110): create_generated_clock -source {u_pll|altpll_component|auto_generated|pll1|inclk[0]} -duty_cycle 50.00 -name {u_pll|altpll_component|auto_generated|pll1|clk[0]} {u_pll|altpll_component|auto_generated|pll1|clk[0]}
    Info (332110): create_generated_clock -source {u_pll|altpll_component|auto_generated|pll1|inclk[0]} -divide_by 4 -duty_cycle 50.00 -name {u_pll|altpll_component|auto_generated|pll1|clk[1]} {u_pll|altpll_component|auto_generated|pll1|clk[1]}
    Info (332110): create_generated_clock -source {u_pll|altpll_component|auto_generated|pll1|inclk[0]} -divide_by 10 -duty_cycle 50.00 -name {u_pll|altpll_component|auto_generated|pll1|clk[2]} {u_pll|altpll_component|auto_generated|pll1|clk[2]}
    Info (332110): create_generated_clock -source {u_pll|altpll_component|auto_generated|pll1|inclk[0]} -divide_by 20 -duty_cycle 50.00 -name {u_pll|altpll_component|auto_generated|pll1|clk[3]} {u_pll|altpll_component|auto_generated|pll1|clk[3]}
Info (332142): No user constrained base clocks found in the design. Calling "derive_clocks -period 1.0"
Info (332096): The command derive_clocks did not find any clocks to derive.  No clocks were created or changed.
Info (332143): No user constrained clock uncertainty found in the design. Calling "derive_clock_uncertainty"
Info (332123): Deriving Clock Uncertainty. Please refer to report_sdc in the Timing Analyzer to see clock uncertainties.
Info: Found TIMING_ANALYZER_REPORT_SCRIPT_INCLUDE_DEFAULT_ANALYSIS = ON
Info: Analyzing Slow 1200mV 85C Model
Info (332146): Worst-case setup slack is 6.346
    Info (332119):     Slack       End Point TNS Clock 
    Info (332119): ========= =================== =====================
    Info (332119):     6.346               0.000 u_pll|altpll_component|auto_generated|pll1|clk[0] 
    Info (332119):    36.374               0.000 u_pll|altpll_component|auto_generated|pll1|clk[1] 
    Info (332119):    96.485               0.000 u_pll|altpll_component|auto_generated|pll1|clk[2] 
    Info (332119):   196.523               0.000 u_pll|altpll_component|auto_generated|pll1|clk[3] 
Info (332146): Worst-case hold slack is 0.509
    Info (332119):     Slack       End Point TNS Clock 
    Info (332119): ========= =================== =====================
    Info (332119):     0.509               0.000 u_pll|altpll_component|auto_generated|pll1|clk[1] 
    Info (332119):     0.510               0.000 u_pll|altpll_component|auto_generated|pll1|clk[0] 
    Info (332119):     0.735               0.000 u_pll|altpll_component|auto_generated|pll1|clk[2] 
    Info (332119):     0.737               0.000 u_pll|altpll_component|auto_generated|pll1|clk[3] 
Info (332140): No Recovery paths to report
Info (332140): No Removal paths to report
Info (332146): Worst-case minimum pulse width slack is 4.721
    Info (332119):     Slack       End Point TNS Clock 
    Info (332119): ========= =================== =====================
    Info (332119):     4.721               0.000 u_pll|altpll_component|auto_generated|pll1|clk[0] 
    Info (332119):     4.934               0.000 clk_100m 
    Info (332119):    19.721               0.000 u_pll|altpll_component|auto_generated|pll1|clk[1] 
    Info (332119):    49.721               0.000 u_pll|altpll_component|auto_generated|pll1|clk[2] 
    Info (332119):    99.721               0.000 u_pll|altpll_component|auto_generated|pll1|clk[3] 
Info: Analyzing Slow 1200mV 0C Model
Info (334003): Started post-fitting delay annotation
Info (334004): Delay annotation completed successfully
Info (332123): Deriving Clock Uncertainty. Please refer to report_sdc in the Timing Analyzer to see clock uncertainties.
Info (332146): Worst-case setup slack is 6.754
    Info (332119):     Slack       End Point TNS Clock 
    Info (332119): ========= =================== =====================
    Info (332119):     6.754               0.000 u_pll|altpll_component|auto_generated|pll1|clk[0] 
    Info (332119):    36.800               0.000 u_pll|altpll_component|auto_generated|pll1|clk[1] 
    Info (332119):    96.875               0.000 u_pll|altpll_component|auto_generated|pll1|clk[2] 
    Info (332119):   196.927               0.000 u_pll|altpll_component|auto_generated|pll1|clk[3] 
Info (332146): Worst-case hold slack is 0.470
    Info (332119):     Slack       End Point TNS Clock 
    Info (332119): ========= =================== =====================
    Info (332119):     0.470               0.000 u_pll|altpll_component|auto_generated|pll1|clk[1] 
    Info (332119):     0.471               0.000 u_pll|altpll_component|auto_generated|pll1|clk[0] 
    Info (332119):     0.684               0.000 u_pll|altpll_component|auto_generated|pll1|clk[2] 
    Info (332119):     0.685               0.000 u_pll|altpll_component|auto_generated|pll1|clk[3] 
Info (332140): No Recovery paths to report
Info (332140): No Removal paths to report
Info (332146): Worst-case minimum pulse width slack is 4.720
    Info (332119):     Slack       End Point TNS Clock 
    Info (332119): ========= =================== =====================
    Info (332119):     4.720               0.000 u_pll|altpll_component|auto_generated|pll1|clk[0] 
    Info (332119):     4.943               0.000 clk_100m 
    Info (332119):    19.719               0.000 u_pll|altpll_component|auto_generated|pll1|clk[1] 
    Info (332119):    49.719               0.000 u_pll|altpll_component|auto_generated|pll1|clk[2] 
    Info (332119):    99.720               0.000 u_pll|altpll_component|auto_generated|pll1|clk[3] 
Info: Analyzing Fast 1200mV 0C Model
Info (332123): Deriving Clock Uncertainty. Please refer to report_sdc in the Timing Analyzer to see clock uncertainties.
Info (332146): Worst-case setup slack is 8.375
    Info (332119):     Slack       End Point TNS Clock 
    Info (332119): ========= =================== =====================
    Info (332119):     8.375               0.000 u_pll|altpll_component|auto_generated|pll1|clk[0] 
    Info (332119):    38.384               0.000 u_pll|altpll_component|auto_generated|pll1|clk[1] 
    Info (332119):    98.448               0.000 u_pll|altpll_component|auto_generated|pll1|clk[2] 
    Info (332119):   198.452               0.000 u_pll|altpll_component|auto_generated|pll1|clk[3] 
Info (332146): Worst-case hold slack is 0.205
    Info (332119):     Slack       End Point TNS Clock 
    Info (332119): ========= =================== =====================
    Info (332119):     0.205               0.000 u_pll|altpll_component|auto_generated|pll1|clk[0] 
    Info (332119):     0.205               0.000 u_pll|altpll_component|auto_generated|pll1|clk[1] 
    Info (332119):     0.292               0.000 u_pll|altpll_component|auto_generated|pll1|clk[2] 
    Info (332119):     0.293               0.000 u_pll|altpll_component|auto_generated|pll1|clk[3] 
Info (332140): No Recovery paths to report
Info (332140): No Removal paths to report
Info (332146): Worst-case minimum pulse width slack is 4.594
    Info (332119):     Slack       End Point TNS Clock 
    Info (332119): ========= =================== =====================
    Info (332119):     4.594               0.000 clk_100m 
    Info (332119):     4.797               0.000 u_pll|altpll_component|auto_generated|pll1|clk[0] 
    Info (332119):    19.796               0.000 u_pll|altpll_component|auto_generated|pll1|clk[1] 
    Info (332119):    49.796               0.000 u_pll|altpll_component|auto_generated|pll1|clk[2] 
    Info (332119):    99.796               0.000 u_pll|altpll_component|auto_generated|pll1|clk[3] 
Info (332102): Design is not fully constrained for setup requirements
Info (332102): Design is not fully constrained for hold requirements
Info: Quartus Prime Timing Analyzer was successful. 0 errors, 2 warnings
    Info: Peak virtual memory: 4811 megabytes
    Info: Processing ended: Tue Sep 29 03:42:40 2026
    Info: Elapsed time: 00:00:02
    Info: Total CPU time (on all processors): 00:00:02


